#
# There is insufficient memory for the Java Runtime Environment to continue.
# Native memory allocation (mmap) failed to map 117440512 bytes for Failed to commit area from 0x00000000e1900000 to 0x00000000e8900000 of length 117440512.
# Possible reasons:
#   The system is out of physical RAM or swap space
#   The process is running with CompressedOops enabled, and the Java Heap may be blocking the growth of the native heap
# Possible solutions:
#   Reduce memory load on the system
#   Increase physical memory or swap space
#   Check if swap backing store is full
#   Decrease Java heap size (-Xmx/-Xms)
#   Decrease number of Java threads
#   Decrease Java thread stack sizes (-Xss)
#   Set larger code cache with -XX:ReservedCodeCacheSize=
#   JVM is running with Unscaled Compressed Oops mode in which the Java heap is
#     placed in the first 4GB address space. The Java Heap base address is the
#     maximum limit for the native heap growth. Please use -XX:HeapBaseMinAddress
#     to set the Java Heap base and to place the Java Heap above 4GB virtual address.
# This output file may be truncated or incomplete.
#
#  Out of Memory Error (t:/workspace/open/src/hotspot/os/windows/os_windows.cpp:3301), pid=6372, tid=1620
#
# JRE version: Java(TM) SE Runtime Environment (13.0.2+8) (build 13.0.2+8)
# Java VM: Java HotSpot(TM) 64-Bit Server VM (13.0.2+8, mixed mode, sharing, tiered, compressed oops, g1 gc, windows-amd64)
# No core dump will be written. Minidumps are not enabled by default on client versions of Windows
#

---------------  S U M M A R Y ------------

Command Line: -Dfile.encoding=Cp1252 Application.Home

Host: Intel(R) Core(TM) i5-2520M CPU @ 2.50GHz, 4 cores, 3G,  Windows 10 , 64 bit Build 18362 (10.0.18362.1500)
Time: Sat Jul 16 23:07:19 2022 Afrique de l?Est elapsed time: 14 seconds (0d 0h 0m 14s)

---------------  T H R E A D  ---------------

Current thread (0x0000029cfab06000):  JavaThread "AWT-EventQueue-0" [_thread_in_vm, id=1620, stack(0x000000c758d00000,0x000000c758e00000)]

Stack: [0x000000c758d00000,0x000000c758e00000]
Native frames: (J=compiled Java code, j=interpreted, Vv=VM code, C=native code)
V  [jvm.dll+0x624f9a]
V  [jvm.dll+0x770cfa]
V  [jvm.dll+0x7724af]
V  [jvm.dll+0x772ab3]
V  [jvm.dll+0x24bf08]
V  [jvm.dll+0x6222aa]
V  [jvm.dll+0x6170b5]
V  [jvm.dll+0x30a88c]
V  [jvm.dll+0x30a6c2]
V  [jvm.dll+0x30fe36]
V  [jvm.dll+0x353f46]
V  [jvm.dll+0x353720]
V  [jvm.dll+0x2e5d5e]
V  [jvm.dll+0x2e16ff]
V  [jvm.dll+0x5be8b5]
V  [jvm.dll+0x5be33b]
V  [jvm.dll+0x1f48d5]
V  [jvm.dll+0x74b3a7]
V  [jvm.dll+0x3783ea]
C  0x0000029c8001fd37

Java frames: (J=compiled Java code, j=interpreted, Vv=VM code)
j  java.awt.image.DataBufferInt.<init>(I)V+11 java.desktop@13.0.2
j  java.awt.image.Raster.createPackedRaster(III[ILjava/awt/Point;)Ljava/awt/image/WritableRaster;+69 java.desktop@13.0.2
j  java.awt.image.DirectColorModel.createCompatibleWritableRaster(II)Ljava/awt/image/WritableRaster;+83 java.desktop@13.0.2
j  java.awt.image.BufferedImage.<init>(III)V+127 java.desktop@13.0.2
j  com.formdev.flatlaf.util.ScaledImageIcon.image2bufferedImage(Ljava/awt/Image;)Ljava/awt/image/BufferedImage;+27
j  com.formdev.flatlaf.util.ScaledImageIcon.paintIcon(Ljava/awt/Component;Ljava/awt/Graphics;II)V+234
j  javax.swing.plaf.basic.BasicLabelUI.paint(Ljava/awt/Graphics;Ljavax/swing/JComponent;)V+89 java.desktop@13.0.2
j  com.formdev.flatlaf.ui.FlatLabelUI.paint(Ljava/awt/Graphics;Ljavax/swing/JComponent;)V+7
j  javax.swing.plaf.ComponentUI.update(Ljava/awt/Graphics;Ljavax/swing/JComponent;)V+32 java.desktop@13.0.2
j  javax.swing.JComponent.paintComponent(Ljava/awt/Graphics;)V+26 java.desktop@13.0.2
j  javax.swing.JComponent.paint(Ljava/awt/Graphics;)V+286 java.desktop@13.0.2
j  javax.swing.JComponent.paintChildren(Ljava/awt/Graphics;)V+523 java.desktop@13.0.2
j  javax.swing.JComponent.paint(Ljava/awt/Graphics;)V+318 java.desktop@13.0.2
j  javax.swing.JComponent.paintChildren(Ljava/awt/Graphics;)V+523 java.desktop@13.0.2
j  javax.swing.JComponent.paint(Ljava/awt/Graphics;)V+318 java.desktop@13.0.2
j  javax.swing.JComponent.paintChildren(Ljava/awt/Graphics;)V+523 java.desktop@13.0.2
j  javax.swing.JComponent.paint(Ljava/awt/Graphics;)V+318 java.desktop@13.0.2
j  javax.swing.JLayeredPane.paint(Ljava/awt/Graphics;)V+73 java.desktop@13.0.2
j  javax.swing.JComponent.paintChildren(Ljava/awt/Graphics;)V+523 java.desktop@13.0.2
j  javax.swing.JComponent.paintToOffscreen(Ljava/awt/Graphics;IIIIII)V+72 java.desktop@13.0.2
j  javax.swing.RepaintManager$PaintManager.paintDoubleBufferedImpl(Ljavax/swing/JComponent;Ljava/awt/Image;Ljava/awt/Graphics;IIII)V+163 java.desktop@13.0.2
j  javax.swing.RepaintManager$PaintManager.paintDoubleBuffered(Ljavax/swing/JComponent;Ljava/awt/Image;Ljava/awt/Graphics;IIII)V+46 java.desktop@13.0.2
j  javax.swing.RepaintManager$PaintManager.paint(Ljavax/swing/JComponent;Ljavax/swing/JComponent;Ljava/awt/Graphics;IIII)Z+128 java.desktop@13.0.2
j  javax.swing.RepaintManager.paint(Ljavax/swing/JComponent;Ljavax/swing/JComponent;Ljava/awt/Graphics;IIII)V+52 java.desktop@13.0.2
j  javax.swing.JComponent.paint(Ljava/awt/Graphics;)V+221 java.desktop@13.0.2
j  java.awt.GraphicsCallback$PaintCallback.run(Ljava/awt/Component;Ljava/awt/Graphics;)V+2 java.desktop@13.0.2
j  sun.awt.SunGraphicsCallback.runOneComponent(Ljava/awt/Component;Ljava/awt/Rectangle;Ljava/awt/Graphics;Ljava/awt/Shape;I)V+130 java.desktop@13.0.2
j  sun.awt.SunGraphicsCallback.runComponents([Ljava/awt/Component;Ljava/awt/Graphics;I)V+157 java.desktop@13.0.2
j  java.awt.Container.paint(Ljava/awt/Graphics;)V+58 java.desktop@13.0.2
j  java.awt.Window.paint(Ljava/awt/Graphics;)V+68 java.desktop@13.0.2
j  javax.swing.RepaintManager$4.run()Ljava/lang/Void;+142 java.desktop@13.0.2
j  javax.swing.RepaintManager$4.run()Ljava/lang/Object;+1 java.desktop@13.0.2
J 2004 c1 java.security.AccessController.doPrivileged(Ljava/security/PrivilegedAction;Ljava/security/AccessControlContext;)Ljava/lang/Object; java.base@13.0.2 (17 bytes) @ 0x0000029c809bad64 [0x0000029c809bab80+0x00000000000001e4]
j  java.security.ProtectionDomain$JavaSecurityAccessImpl.doIntersectionPrivilege(Ljava/security/PrivilegedAction;Ljava/security/AccessControlContext;Ljava/security/AccessControlContext;)Ljava/lang/Object;+18 java.base@13.0.2
j  javax.swing.RepaintManager.paintDirtyRegions(Ljava/util/Map;)V+154 java.desktop@13.0.2
j  javax.swing.RepaintManager.paintDirtyRegions()V+46 java.desktop@13.0.2
j  javax.swing.RepaintManager.prePaintDirtyRegions()V+73 java.desktop@13.0.2
j  javax.swing.RepaintManager$ProcessingRunnable.run()V+37 java.desktop@13.0.2
j  java.awt.event.InvocationEvent.dispatch()V+47 java.desktop@13.0.2
j  java.awt.EventQueue.dispatchEventImpl(Ljava/awt/AWTEvent;Ljava/lang/Object;)V+21 java.desktop@13.0.2
j  java.awt.EventQueue$4.run()Ljava/lang/Void;+32 java.desktop@13.0.2
j  java.awt.EventQueue$4.run()Ljava/lang/Object;+1 java.desktop@13.0.2
J 2004 c1 java.security.AccessController.doPrivileged(Ljava/security/PrivilegedAction;Ljava/security/AccessControlContext;)Ljava/lang/Object; java.base@13.0.2 (17 bytes) @ 0x0000029c809bad64 [0x0000029c809bab80+0x00000000000001e4]
j  java.security.ProtectionDomain$JavaSecurityAccessImpl.doIntersectionPrivilege(Ljava/security/PrivilegedAction;Ljava/security/AccessControlContext;Ljava/security/AccessControlContext;)Ljava/lang/Object;+18 java.base@13.0.2
j  java.awt.EventQueue.dispatchEvent(Ljava/awt/AWTEvent;)V+46 java.desktop@13.0.2
j  java.awt.EventDispatchThread.pumpOneEventForFilters(I)V+78 java.desktop@13.0.2
j  java.awt.EventDispatchThread.pumpEventsForFilter(ILjava/awt/Conditional;Ljava/awt/EventFilter;)V+35 java.desktop@13.0.2
j  java.awt.EventDispatchThread.pumpEventsForHierarchy(ILjava/awt/Conditional;Ljava/awt/Component;)V+11 java.desktop@13.0.2
j  java.awt.EventDispatchThread.pumpEvents(ILjava/awt/Conditional;)V+4 java.desktop@13.0.2
j  java.awt.EventDispatchThread.pumpEvents(Ljava/awt/Conditional;)V+3 java.desktop@13.0.2
j  java.awt.EventDispatchThread.run()V+9 java.desktop@13.0.2
v  ~StubRoutines::call_stub

---------------  P R O C E S S  ---------------

Threads class SMR info:
_java_thread_list=0x0000029cfbd93e90, length=19, elements={
0x0000029cf9c0f800, 0x0000029cf9c13000, 0x0000029cf9c31000, 0x0000029cf9c33000,
0x0000029cf9c34800, 0x0000029cf9c4d800, 0x0000029cf9c5b000, 0x0000029cfa682800,
0x0000029cfa68a800, 0x0000029cfaaf0000, 0x0000029cfaaf1800, 0x0000029cfaaf4800,
0x0000029cfab06000, 0x0000029cecc21000, 0x0000029cfae59000, 0x0000029cfac0e800,
0x0000029cfbc25800, 0x0000029cfbe58000, 0x0000029cfb063000
}

Java Threads: ( => current thread )
  0x0000029cf9c0f800 JavaThread "Reference Handler" daemon [_thread_blocked, id=10424, stack(0x000000c758000000,0x000000c758100000)]
  0x0000029cf9c13000 JavaThread "Finalizer" daemon [_thread_blocked, id=2696, stack(0x000000c758100000,0x000000c758200000)]
  0x0000029cf9c31000 JavaThread "Signal Dispatcher" daemon [_thread_blocked, id=7004, stack(0x000000c758200000,0x000000c758300000)]
  0x0000029cf9c33000 JavaThread "Attach Listener" daemon [_thread_blocked, id=11500, stack(0x000000c758300000,0x000000c758400000)]
  0x0000029cf9c34800 JavaThread "C2 CompilerThread0" daemon [_thread_blocked, id=10208, stack(0x000000c758400000,0x000000c758500000)]
  0x0000029cf9c4d800 JavaThread "C1 CompilerThread0" daemon [_thread_blocked, id=9184, stack(0x000000c758500000,0x000000c758600000)]
  0x0000029cf9c5b000 JavaThread "Sweeper thread" daemon [_thread_blocked, id=12932, stack(0x000000c758600000,0x000000c758700000)]
  0x0000029cfa682800 JavaThread "Service Thread" daemon [_thread_blocked, id=12688, stack(0x000000c758700000,0x000000c758800000)]
  0x0000029cfa68a800 JavaThread "Common-Cleaner" daemon [_thread_blocked, id=7852, stack(0x000000c758900000,0x000000c758a00000)]
  0x0000029cfaaf0000 JavaThread "Java2D Disposer" daemon [_thread_blocked, id=10456, stack(0x000000c758a00000,0x000000c758b00000)]
  0x0000029cfaaf1800 JavaThread "AWT-Shutdown" [_thread_blocked, id=9888, stack(0x000000c758b00000,0x000000c758c00000)]
  0x0000029cfaaf4800 JavaThread "AWT-Windows" daemon [_thread_in_native, id=11556, stack(0x000000c758c00000,0x000000c758d00000)]
=>0x0000029cfab06000 JavaThread "AWT-EventQueue-0" [_thread_in_vm, id=1620, stack(0x000000c758d00000,0x000000c758e00000)]
  0x0000029cecc21000 JavaThread "DestroyJavaVM" [_thread_blocked, id=6612, stack(0x000000c757900000,0x000000c757a00000)]
  0x0000029cfae59000 JavaThread "Abandoned connection cleanup thread" daemon [_thread_blocked, id=12188, stack(0x000000c758e00000,0x000000c758f00000)]
  0x0000029cfac0e800 JavaThread "mysql-cj-abandoned-connection-cleanup" daemon [_thread_blocked, id=13200, stack(0x000000c758f00000,0x000000c759000000)]
  0x0000029cfbc25800 JavaThread "Image Fetcher 0" daemon [_thread_blocked, id=9404, stack(0x000000c759400000,0x000000c759500000)]
  0x0000029cfbe58000 JavaThread "TimerQueue" daemon [_thread_blocked, id=10340, stack(0x000000c759500000,0x000000c759600000)]
  0x0000029cfb063000 JavaThread "SwingWorker-pool-1-thread-1" daemon [_thread_blocked, id=8164, stack(0x000000c759600000,0x000000c759700000)]

Other Threads:
  0x0000029cf9c0c800 VMThread "VM Thread" [stack: 0x000000c757f00000,0x000000c758000000] [id=12980]
  0x0000029cfa687800 WatcherThread [stack: 0x000000c758800000,0x000000c758900000] [id=7652]
  0x0000029cecc50000 GCTaskThread "GC Thread#0" [stack: 0x000000c757a00000,0x000000c757b00000] [id=9852]
  0x0000029cfb159000 GCTaskThread "GC Thread#1" [stack: 0x000000c759000000,0x000000c759100000] [id=9976]
  0x0000029cfb154000 GCTaskThread "GC Thread#2" [stack: 0x000000c759100000,0x000000c759200000] [id=9900]
  0x0000029cfb145000 GCTaskThread "GC Thread#3" [stack: 0x000000c759200000,0x000000c759300000] [id=1784]
  0x0000029cecc5a000 ConcurrentGCThread "G1 Main Marker" [stack: 0x000000c757b00000,0x000000c757c00000] [id=7892]
  0x0000029cecc5b800 ConcurrentGCThread "G1 Conc#0" [stack: 0x000000c757c00000,0x000000c757d00000] [id=12472]
  0x0000029ceccb4800 ConcurrentGCThread "G1 Refine#0" [stack: 0x000000c757d00000,0x000000c757e00000] [id=7228]
  0x0000029cfa762000 ConcurrentGCThread "G1 Refine#1" [stack: 0x000000c759300000,0x000000c759400000] [id=12552]
  0x0000029ceccb6800 ConcurrentGCThread "G1 Young RemSet Sampling" [stack: 0x000000c757e00000,0x000000c757f00000] [id=10536]

Threads with active compile tasks:

VM state:not at safepoint (normal execution)

VM Mutex/Monitor currently owned by a thread:  ([mutex/lock_event])
[0x0000029cecc1c0c0] Heap_lock - owner thread: 0x0000029cfab06000

Heap address: 0x00000000c1600000, size: 1002 MB, Compressed Oops mode: 32-bit
Narrow klass base: 0x0000000800000000, Narrow klass shift: 3
Compressed class space size: 1073741824 Address: 0x0000000800b40000

Heap:
 garbage-first heap   total 642048K, used 310657K [0x00000000c1600000, 0x0000000100000000)
  region size 1024K, 1 young (1024K), 1 survivors (1024K)
 Metaspace       used 24484K, capacity 24950K, committed 25216K, reserved 1071104K
  class space    used 2763K, capacity 2921K, committed 2944K, reserved 1048576K
Heap Regions: E=young(eden), S=young(survivor), O=old, HS=humongous(starts), HC=humongous(continues), CS=collection set, F=free, A=archive, TAMS=top-at-mark-start (previous, next)
|   0|0x00000000c1600000, 0x00000000c16f2398, 0x00000000c1700000| 94%| O|  |TAMS 0x00000000c16f2398, 0x00000000c16f2398| Untracked 
|   1|0x00000000c1700000, 0x00000000c17ffff0, 0x00000000c1800000| 99%| O|  |TAMS 0x00000000c17ffff0, 0x00000000c17ffff0| Untracked 
|   2|0x00000000c1800000, 0x00000000c18fffd8, 0x00000000c1900000| 99%| O|  |TAMS 0x00000000c18fffd8, 0x00000000c18fffd8| Untracked 
|   3|0x00000000c1900000, 0x00000000c19fc9e8, 0x00000000c1a00000| 98%| O|  |TAMS 0x00000000c19fc9e8, 0x00000000c19fc9e8| Untracked 
|   4|0x00000000c1a00000, 0x00000000c1b00000, 0x00000000c1b00000|100%| O|  |TAMS 0x00000000c1b00000, 0x00000000c1b00000| Untracked 
|   5|0x00000000c1b00000, 0x00000000c1c00000, 0x00000000c1c00000|100%| O|  |TAMS 0x00000000c1c00000, 0x00000000c1c00000| Untracked 
|   6|0x00000000c1c00000, 0x00000000c1cffff8, 0x00000000c1d00000| 99%| O|  |TAMS 0x00000000c1cffff8, 0x00000000c1cffff8| Untracked 
|   7|0x00000000c1d00000, 0x00000000c1df1858, 0x00000000c1e00000| 94%| O|  |TAMS 0x00000000c1df1858, 0x00000000c1df1858| Untracked 
|   8|0x00000000c1e00000, 0x00000000c1f00000, 0x00000000c1f00000|100%| O|  |TAMS 0x00000000c1f00000, 0x00000000c1f00000| Untracked 
|   9|0x00000000c1f00000, 0x00000000c1f82df0, 0x00000000c2000000| 51%| O|  |TAMS 0x00000000c1f82df0, 0x00000000c1f82df0| Untracked 
|  10|0x00000000c2000000, 0x00000000c20f8dc0, 0x00000000c2100000| 97%| O|  |TAMS 0x00000000c20f8dc0, 0x00000000c20f8dc0| Untracked 
|  11|0x00000000c2100000, 0x00000000c21bd820, 0x00000000c2200000| 74%| O|  |TAMS 0x00000000c21bd820, 0x00000000c21bd820| Untracked 
|  12|0x00000000c2200000, 0x00000000c22afca0, 0x00000000c2300000| 68%| O|  |TAMS 0x00000000c22afca0, 0x00000000c22afca0| Untracked 
|  13|0x00000000c2300000, 0x00000000c2400000, 0x00000000c2400000|100%|HS|  |TAMS 0x00000000c2300000, 0x00000000c2400000| Complete 
|  14|0x00000000c2400000, 0x00000000c2500000, 0x00000000c2500000|100%|HC|  |TAMS 0x00000000c2400000, 0x00000000c2500000| Complete 
|  15|0x00000000c2500000, 0x00000000c2600000, 0x00000000c2600000|100%|HC|  |TAMS 0x00000000c2500000, 0x00000000c2600000| Complete 
|  16|0x00000000c2600000, 0x00000000c2700000, 0x00000000c2700000|100%|HC|  |TAMS 0x00000000c2600000, 0x00000000c2700000| Complete 
|  17|0x00000000c2700000, 0x00000000c2700000, 0x00000000c2800000|  0%| F|  |TAMS 0x00000000c2700000, 0x00000000c2700000| Untracked 
|  18|0x00000000c2800000, 0x00000000c2800000, 0x00000000c2900000|  0%| F|  |TAMS 0x00000000c2800000, 0x00000000c2800000| Untracked 
|  19|0x00000000c2900000, 0x00000000c2900000, 0x00000000c2a00000|  0%| F|  |TAMS 0x00000000c2900000, 0x00000000c2900000| Untracked 
|  20|0x00000000c2a00000, 0x00000000c2a00000, 0x00000000c2b00000|  0%| F|  |TAMS 0x00000000c2a00000, 0x00000000c2a00000| Untracked 
|  21|0x00000000c2b00000, 0x00000000c2b00000, 0x00000000c2c00000|  0%| F|  |TAMS 0x00000000c2b00000, 0x00000000c2b00000| Untracked 
|  22|0x00000000c2c00000, 0x00000000c2c00000, 0x00000000c2d00000|  0%| F|  |TAMS 0x00000000c2c00000, 0x00000000c2c00000| Untracked 
|  23|0x00000000c2d00000, 0x00000000c2d00000, 0x00000000c2e00000|  0%| F|  |TAMS 0x00000000c2d00000, 0x00000000c2d00000| Untracked 
|  24|0x00000000c2e00000, 0x00000000c2e00000, 0x00000000c2f00000|  0%| F|  |TAMS 0x00000000c2e00000, 0x00000000c2e00000| Untracked 
|  25|0x00000000c2f00000, 0x00000000c2f00000, 0x00000000c3000000|  0%| F|  |TAMS 0x00000000c2f00000, 0x00000000c2f00000| Untracked 
|  26|0x00000000c3000000, 0x00000000c3000000, 0x00000000c3100000|  0%| F|  |TAMS 0x00000000c3000000, 0x00000000c3000000| Untracked 
|  27|0x00000000c3100000, 0x00000000c3100000, 0x00000000c3200000|  0%| F|  |TAMS 0x00000000c3100000, 0x00000000c3100000| Untracked 
|  28|0x00000000c3200000, 0x00000000c3200000, 0x00000000c3300000|  0%| F|  |TAMS 0x00000000c3200000, 0x00000000c3200000| Untracked 
|  29|0x00000000c3300000, 0x00000000c3300000, 0x00000000c3400000|  0%| F|  |TAMS 0x00000000c3300000, 0x00000000c3300000| Untracked 
|  30|0x00000000c3400000, 0x00000000c3400000, 0x00000000c3500000|  0%| F|  |TAMS 0x00000000c3400000, 0x00000000c3400000| Untracked 
|  31|0x00000000c3500000, 0x00000000c3500000, 0x00000000c3600000|  0%| F|  |TAMS 0x00000000c3500000, 0x00000000c3500000| Untracked 
|  32|0x00000000c3600000, 0x00000000c3600000, 0x00000000c3700000|  0%| F|  |TAMS 0x00000000c3600000, 0x00000000c3600000| Untracked 
|  33|0x00000000c3700000, 0x00000000c3700000, 0x00000000c3800000|  0%| F|  |TAMS 0x00000000c3700000, 0x00000000c3700000| Untracked 
|  34|0x00000000c3800000, 0x00000000c3800000, 0x00000000c3900000|  0%| F|  |TAMS 0x00000000c3800000, 0x00000000c3800000| Untracked 
|  35|0x00000000c3900000, 0x00000000c3900000, 0x00000000c3a00000|  0%| F|  |TAMS 0x00000000c3900000, 0x00000000c3900000| Untracked 
|  36|0x00000000c3a00000, 0x00000000c3a00000, 0x00000000c3b00000|  0%| F|  |TAMS 0x00000000c3a00000, 0x00000000c3a00000| Untracked 
|  37|0x00000000c3b00000, 0x00000000c3b00000, 0x00000000c3c00000|  0%| F|  |TAMS 0x00000000c3b00000, 0x00000000c3b00000| Untracked 
|  38|0x00000000c3c00000, 0x00000000c3c00000, 0x00000000c3d00000|  0%| F|  |TAMS 0x00000000c3c00000, 0x00000000c3c00000| Untracked 
|  39|0x00000000c3d00000, 0x00000000c3d00000, 0x00000000c3e00000|  0%| F|  |TAMS 0x00000000c3d00000, 0x00000000c3d00000| Untracked 
|  40|0x00000000c3e00000, 0x00000000c3e00000, 0x00000000c3f00000|  0%| F|  |TAMS 0x00000000c3e00000, 0x00000000c3e00000| Untracked 
|  41|0x00000000c3f00000, 0x00000000c3f00000, 0x00000000c4000000|  0%| F|  |TAMS 0x00000000c3f00000, 0x00000000c3f00000| Untracked 
|  42|0x00000000c4000000, 0x00000000c4100000, 0x00000000c4100000|100%|HS|  |TAMS 0x00000000c4100000, 0x00000000c4100000| Complete 
|  43|0x00000000c4100000, 0x00000000c4200000, 0x00000000c4200000|100%|HC|  |TAMS 0x00000000c4200000, 0x00000000c4200000| Complete 
|  44|0x00000000c4200000, 0x00000000c4300000, 0x00000000c4300000|100%|HC|  |TAMS 0x00000000c4300000, 0x00000000c4300000| Complete 
|  45|0x00000000c4300000, 0x00000000c4400000, 0x00000000c4400000|100%|HC|  |TAMS 0x00000000c4400000, 0x00000000c4400000| Complete 
|  46|0x00000000c4400000, 0x00000000c4500000, 0x00000000c4500000|100%|HC|  |TAMS 0x00000000c4500000, 0x00000000c4500000| Complete 
|  47|0x00000000c4500000, 0x00000000c4600000, 0x00000000c4600000|100%|HC|  |TAMS 0x00000000c4600000, 0x00000000c4600000| Complete 
|  48|0x00000000c4600000, 0x00000000c4700000, 0x00000000c4700000|100%|HC|  |TAMS 0x00000000c4700000, 0x00000000c4700000| Complete 
|  49|0x00000000c4700000, 0x00000000c4800000, 0x00000000c4800000|100%|HC|  |TAMS 0x00000000c4800000, 0x00000000c4800000| Complete 
|  50|0x00000000c4800000, 0x00000000c4900000, 0x00000000c4900000|100%|HC|  |TAMS 0x00000000c4900000, 0x00000000c4900000| Complete 
|  51|0x00000000c4900000, 0x00000000c4a00000, 0x00000000c4a00000|100%|HC|  |TAMS 0x00000000c4a00000, 0x00000000c4a00000| Complete 
|  52|0x00000000c4a00000, 0x00000000c4b00000, 0x00000000c4b00000|100%|HC|  |TAMS 0x00000000c4b00000, 0x00000000c4b00000| Complete 
|  53|0x00000000c4b00000, 0x00000000c4c00000, 0x00000000c4c00000|100%|HC|  |TAMS 0x00000000c4c00000, 0x00000000c4c00000| Complete 
|  54|0x00000000c4c00000, 0x00000000c4d00000, 0x00000000c4d00000|100%|HC|  |TAMS 0x00000000c4d00000, 0x00000000c4d00000| Complete 
|  55|0x00000000c4d00000, 0x00000000c4e00000, 0x00000000c4e00000|100%|HC|  |TAMS 0x00000000c4e00000, 0x00000000c4e00000| Complete 
|  56|0x00000000c4e00000, 0x00000000c4f00000, 0x00000000c4f00000|100%|HC|  |TAMS 0x00000000c4f00000, 0x00000000c4f00000| Complete 
|  57|0x00000000c4f00000, 0x00000000c5000000, 0x00000000c5000000|100%|HC|  |TAMS 0x00000000c5000000, 0x00000000c5000000| Complete 
|  58|0x00000000c5000000, 0x00000000c5100000, 0x00000000c5100000|100%|HC|  |TAMS 0x00000000c5100000, 0x00000000c5100000| Complete 
|  59|0x00000000c5100000, 0x00000000c5200000, 0x00000000c5200000|100%|HC|  |TAMS 0x00000000c5200000, 0x00000000c5200000| Complete 
|  60|0x00000000c5200000, 0x00000000c5300000, 0x00000000c5300000|100%|HC|  |TAMS 0x00000000c5300000, 0x00000000c5300000| Complete 
|  61|0x00000000c5300000, 0x00000000c5400000, 0x00000000c5400000|100%|HC|  |TAMS 0x00000000c5400000, 0x00000000c5400000| Complete 
|  62|0x00000000c5400000, 0x00000000c5500000, 0x00000000c5500000|100%|HC|  |TAMS 0x00000000c5500000, 0x00000000c5500000| Complete 
|  63|0x00000000c5500000, 0x00000000c5600000, 0x00000000c5600000|100%|HC|  |TAMS 0x00000000c5600000, 0x00000000c5600000| Complete 
|  64|0x00000000c5600000, 0x00000000c5700000, 0x00000000c5700000|100%|HC|  |TAMS 0x00000000c5700000, 0x00000000c5700000| Complete 
|  65|0x00000000c5700000, 0x00000000c5800000, 0x00000000c5800000|100%|HC|  |TAMS 0x00000000c5800000, 0x00000000c5800000| Complete 
|  66|0x00000000c5800000, 0x00000000c5900000, 0x00000000c5900000|100%|HC|  |TAMS 0x00000000c5900000, 0x00000000c5900000| Complete 
|  67|0x00000000c5900000, 0x00000000c5a00000, 0x00000000c5a00000|100%|HC|  |TAMS 0x00000000c5a00000, 0x00000000c5a00000| Complete 
|  68|0x00000000c5a00000, 0x00000000c5b00000, 0x00000000c5b00000|100%|HC|  |TAMS 0x00000000c5b00000, 0x00000000c5b00000| Complete 
|  69|0x00000000c5b00000, 0x00000000c5c00000, 0x00000000c5c00000|100%|HC|  |TAMS 0x00000000c5c00000, 0x00000000c5c00000| Complete 
|  70|0x00000000c5c00000, 0x00000000c5d00000, 0x00000000c5d00000|100%|HC|  |TAMS 0x00000000c5d00000, 0x00000000c5d00000| Complete 
|  71|0x00000000c5d00000, 0x00000000c5e00000, 0x00000000c5e00000|100%|HC|  |TAMS 0x00000000c5e00000, 0x00000000c5e00000| Complete 
|  72|0x00000000c5e00000, 0x00000000c5f00000, 0x00000000c5f00000|100%|HC|  |TAMS 0x00000000c5f00000, 0x00000000c5f00000| Complete 
|  73|0x00000000c5f00000, 0x00000000c6000000, 0x00000000c6000000|100%|HC|  |TAMS 0x00000000c6000000, 0x00000000c6000000| Complete 
|  74|0x00000000c6000000, 0x00000000c6100000, 0x00000000c6100000|100%|HC|  |TAMS 0x00000000c6100000, 0x00000000c6100000| Complete 
|  75|0x00000000c6100000, 0x00000000c6200000, 0x00000000c6200000|100%|HC|  |TAMS 0x00000000c6200000, 0x00000000c6200000| Complete 
|  76|0x00000000c6200000, 0x00000000c6300000, 0x00000000c6300000|100%|HC|  |TAMS 0x00000000c6300000, 0x00000000c6300000| Complete 
|  77|0x00000000c6300000, 0x00000000c6400000, 0x00000000c6400000|100%|HC|  |TAMS 0x00000000c6400000, 0x00000000c6400000| Complete 
|  78|0x00000000c6400000, 0x00000000c6500000, 0x00000000c6500000|100%|HC|  |TAMS 0x00000000c6500000, 0x00000000c6500000| Complete 
|  79|0x00000000c6500000, 0x00000000c6600000, 0x00000000c6600000|100%|HC|  |TAMS 0x00000000c6600000, 0x00000000c6600000| Complete 
|  80|0x00000000c6600000, 0x00000000c6700000, 0x00000000c6700000|100%|HC|  |TAMS 0x00000000c6700000, 0x00000000c6700000| Complete 
|  81|0x00000000c6700000, 0x00000000c6800000, 0x00000000c6800000|100%|HC|  |TAMS 0x00000000c6800000, 0x00000000c6800000| Complete 
|  82|0x00000000c6800000, 0x00000000c6900000, 0x00000000c6900000|100%|HC|  |TAMS 0x00000000c6900000, 0x00000000c6900000| Complete 
|  83|0x00000000c6900000, 0x00000000c6a00000, 0x00000000c6a00000|100%|HC|  |TAMS 0x00000000c6a00000, 0x00000000c6a00000| Complete 
|  84|0x00000000c6a00000, 0x00000000c6b00000, 0x00000000c6b00000|100%|HC|  |TAMS 0x00000000c6b00000, 0x00000000c6b00000| Complete 
|  85|0x00000000c6b00000, 0x00000000c6c00000, 0x00000000c6c00000|100%|HC|  |TAMS 0x00000000c6c00000, 0x00000000c6c00000| Complete 
|  86|0x00000000c6c00000, 0x00000000c6d00000, 0x00000000c6d00000|100%|HC|  |TAMS 0x00000000c6d00000, 0x00000000c6d00000| Complete 
|  87|0x00000000c6d00000, 0x00000000c6e00000, 0x00000000c6e00000|100%|HC|  |TAMS 0x00000000c6e00000, 0x00000000c6e00000| Complete 
|  88|0x00000000c6e00000, 0x00000000c6f00000, 0x00000000c6f00000|100%|HC|  |TAMS 0x00000000c6f00000, 0x00000000c6f00000| Complete 
|  89|0x00000000c6f00000, 0x00000000c7000000, 0x00000000c7000000|100%|HC|  |TAMS 0x00000000c7000000, 0x00000000c7000000| Complete 
|  90|0x00000000c7000000, 0x00000000c7100000, 0x00000000c7100000|100%|HC|  |TAMS 0x00000000c7100000, 0x00000000c7100000| Complete 
|  91|0x00000000c7100000, 0x00000000c7200000, 0x00000000c7200000|100%|HC|  |TAMS 0x00000000c7200000, 0x00000000c7200000| Complete 
|  92|0x00000000c7200000, 0x00000000c7300000, 0x00000000c7300000|100%|HC|  |TAMS 0x00000000c7300000, 0x00000000c7300000| Complete 
|  93|0x00000000c7300000, 0x00000000c7400000, 0x00000000c7400000|100%|HC|  |TAMS 0x00000000c7400000, 0x00000000c7400000| Complete 
|  94|0x00000000c7400000, 0x00000000c7500000, 0x00000000c7500000|100%|HC|  |TAMS 0x00000000c7500000, 0x00000000c7500000| Complete 
|  95|0x00000000c7500000, 0x00000000c7600000, 0x00000000c7600000|100%|HC|  |TAMS 0x00000000c7600000, 0x00000000c7600000| Complete 
|  96|0x00000000c7600000, 0x00000000c7700000, 0x00000000c7700000|100%|HC|  |TAMS 0x00000000c7700000, 0x00000000c7700000| Complete 
|  97|0x00000000c7700000, 0x00000000c7800000, 0x00000000c7800000|100%|HC|  |TAMS 0x00000000c7800000, 0x00000000c7800000| Complete 
|  98|0x00000000c7800000, 0x00000000c7900000, 0x00000000c7900000|100%|HC|  |TAMS 0x00000000c7900000, 0x00000000c7900000| Complete 
|  99|0x00000000c7900000, 0x00000000c7a00000, 0x00000000c7a00000|100%|HC|  |TAMS 0x00000000c7a00000, 0x00000000c7a00000| Complete 
| 100|0x00000000c7a00000, 0x00000000c7b00000, 0x00000000c7b00000|100%|HC|  |TAMS 0x00000000c7b00000, 0x00000000c7b00000| Complete 
| 101|0x00000000c7b00000, 0x00000000c7c00000, 0x00000000c7c00000|100%|HC|  |TAMS 0x00000000c7c00000, 0x00000000c7c00000| Complete 
| 102|0x00000000c7c00000, 0x00000000c7d00000, 0x00000000c7d00000|100%|HC|  |TAMS 0x00000000c7d00000, 0x00000000c7d00000| Complete 
| 103|0x00000000c7d00000, 0x00000000c7e00000, 0x00000000c7e00000|100%|HC|  |TAMS 0x00000000c7e00000, 0x00000000c7e00000| Complete 
| 104|0x00000000c7e00000, 0x00000000c7f00000, 0x00000000c7f00000|100%|HC|  |TAMS 0x00000000c7f00000, 0x00000000c7f00000| Complete 
| 105|0x00000000c7f00000, 0x00000000c8000000, 0x00000000c8000000|100%|HC|  |TAMS 0x00000000c8000000, 0x00000000c8000000| Complete 
| 106|0x00000000c8000000, 0x00000000c8100000, 0x00000000c8100000|100%|HC|  |TAMS 0x00000000c8100000, 0x00000000c8100000| Complete 
| 107|0x00000000c8100000, 0x00000000c8200000, 0x00000000c8200000|100%|HC|  |TAMS 0x00000000c8200000, 0x00000000c8200000| Complete 
| 108|0x00000000c8200000, 0x00000000c8300000, 0x00000000c8300000|100%|HC|  |TAMS 0x00000000c8300000, 0x00000000c8300000| Complete 
| 109|0x00000000c8300000, 0x00000000c8400000, 0x00000000c8400000|100%|HC|  |TAMS 0x00000000c8400000, 0x00000000c8400000| Complete 
| 110|0x00000000c8400000, 0x00000000c8500000, 0x00000000c8500000|100%|HC|  |TAMS 0x00000000c8500000, 0x00000000c8500000| Complete 
| 111|0x00000000c8500000, 0x00000000c8600000, 0x00000000c8600000|100%|HC|  |TAMS 0x00000000c8600000, 0x00000000c8600000| Complete 
| 112|0x00000000c8600000, 0x00000000c8700000, 0x00000000c8700000|100%|HC|  |TAMS 0x00000000c8700000, 0x00000000c8700000| Complete 
| 113|0x00000000c8700000, 0x00000000c8800000, 0x00000000c8800000|100%|HC|  |TAMS 0x00000000c8800000, 0x00000000c8800000| Complete 
| 114|0x00000000c8800000, 0x00000000c8900000, 0x00000000c8900000|100%|HC|  |TAMS 0x00000000c8900000, 0x00000000c8900000| Complete 
| 115|0x00000000c8900000, 0x00000000c8a00000, 0x00000000c8a00000|100%|HC|  |TAMS 0x00000000c8a00000, 0x00000000c8a00000| Complete 
| 116|0x00000000c8a00000, 0x00000000c8b00000, 0x00000000c8b00000|100%|HC|  |TAMS 0x00000000c8b00000, 0x00000000c8b00000| Complete 
| 117|0x00000000c8b00000, 0x00000000c8c00000, 0x00000000c8c00000|100%|HC|  |TAMS 0x00000000c8c00000, 0x00000000c8c00000| Complete 
| 118|0x00000000c8c00000, 0x00000000c8d00000, 0x00000000c8d00000|100%|HC|  |TAMS 0x00000000c8d00000, 0x00000000c8d00000| Complete 
| 119|0x00000000c8d00000, 0x00000000c8e00000, 0x00000000c8e00000|100%|HC|  |TAMS 0x00000000c8e00000, 0x00000000c8e00000| Complete 
| 120|0x00000000c8e00000, 0x00000000c8f00000, 0x00000000c8f00000|100%|HC|  |TAMS 0x00000000c8f00000, 0x00000000c8f00000| Complete 
| 121|0x00000000c8f00000, 0x00000000c9000000, 0x00000000c9000000|100%|HC|  |TAMS 0x00000000c9000000, 0x00000000c9000000| Complete 
| 122|0x00000000c9000000, 0x00000000c9100000, 0x00000000c9100000|100%|HC|  |TAMS 0x00000000c9100000, 0x00000000c9100000| Complete 
| 123|0x00000000c9100000, 0x00000000c9200000, 0x00000000c9200000|100%|HC|  |TAMS 0x00000000c9200000, 0x00000000c9200000| Complete 
| 124|0x00000000c9200000, 0x00000000c9300000, 0x00000000c9300000|100%|HC|  |TAMS 0x00000000c9300000, 0x00000000c9300000| Complete 
| 125|0x00000000c9300000, 0x00000000c9400000, 0x00000000c9400000|100%|HC|  |TAMS 0x00000000c9400000, 0x00000000c9400000| Complete 
| 126|0x00000000c9400000, 0x00000000c9500000, 0x00000000c9500000|100%|HC|  |TAMS 0x00000000c9500000, 0x00000000c9500000| Complete 
| 127|0x00000000c9500000, 0x00000000c9600000, 0x00000000c9600000|100%|HC|  |TAMS 0x00000000c9600000, 0x00000000c9600000| Complete 
| 128|0x00000000c9600000, 0x00000000c9700000, 0x00000000c9700000|100%|HC|  |TAMS 0x00000000c9700000, 0x00000000c9700000| Complete 
| 129|0x00000000c9700000, 0x00000000c9800000, 0x00000000c9800000|100%|HC|  |TAMS 0x00000000c9800000, 0x00000000c9800000| Complete 
| 130|0x00000000c9800000, 0x00000000c9900000, 0x00000000c9900000|100%|HC|  |TAMS 0x00000000c9900000, 0x00000000c9900000| Complete 
| 131|0x00000000c9900000, 0x00000000c9a00000, 0x00000000c9a00000|100%|HC|  |TAMS 0x00000000c9a00000, 0x00000000c9a00000| Complete 
| 132|0x00000000c9a00000, 0x00000000c9b00000, 0x00000000c9b00000|100%|HC|  |TAMS 0x00000000c9b00000, 0x00000000c9b00000| Complete 
| 133|0x00000000c9b00000, 0x00000000c9c00000, 0x00000000c9c00000|100%|HC|  |TAMS 0x00000000c9c00000, 0x00000000c9c00000| Complete 
| 134|0x00000000c9c00000, 0x00000000c9d00000, 0x00000000c9d00000|100%|HC|  |TAMS 0x00000000c9d00000, 0x00000000c9d00000| Complete 
| 135|0x00000000c9d00000, 0x00000000c9e00000, 0x00000000c9e00000|100%|HC|  |TAMS 0x00000000c9e00000, 0x00000000c9e00000| Complete 
| 136|0x00000000c9e00000, 0x00000000c9f00000, 0x00000000c9f00000|100%|HC|  |TAMS 0x00000000c9f00000, 0x00000000c9f00000| Complete 
| 137|0x00000000c9f00000, 0x00000000ca000000, 0x00000000ca000000|100%|HC|  |TAMS 0x00000000ca000000, 0x00000000ca000000| Complete 
| 138|0x00000000ca000000, 0x00000000ca100000, 0x00000000ca100000|100%|HC|  |TAMS 0x00000000ca100000, 0x00000000ca100000| Complete 
| 139|0x00000000ca100000, 0x00000000ca200000, 0x00000000ca200000|100%|HC|  |TAMS 0x00000000ca200000, 0x00000000ca200000| Complete 
| 140|0x00000000ca200000, 0x00000000ca300000, 0x00000000ca300000|100%|HC|  |TAMS 0x00000000ca300000, 0x00000000ca300000| Complete 
| 141|0x00000000ca300000, 0x00000000ca400000, 0x00000000ca400000|100%|HC|  |TAMS 0x00000000ca400000, 0x00000000ca400000| Complete 
| 142|0x00000000ca400000, 0x00000000ca500000, 0x00000000ca500000|100%|HC|  |TAMS 0x00000000ca500000, 0x00000000ca500000| Complete 
| 143|0x00000000ca500000, 0x00000000ca600000, 0x00000000ca600000|100%|HC|  |TAMS 0x00000000ca600000, 0x00000000ca600000| Complete 
| 144|0x00000000ca600000, 0x00000000ca700000, 0x00000000ca700000|100%|HC|  |TAMS 0x00000000ca700000, 0x00000000ca700000| Complete 
| 145|0x00000000ca700000, 0x00000000ca800000, 0x00000000ca800000|100%|HC|  |TAMS 0x00000000ca800000, 0x00000000ca800000| Complete 
| 146|0x00000000ca800000, 0x00000000ca900000, 0x00000000ca900000|100%|HC|  |TAMS 0x00000000ca900000, 0x00000000ca900000| Complete 
| 147|0x00000000ca900000, 0x00000000caa00000, 0x00000000caa00000|100%|HC|  |TAMS 0x00000000caa00000, 0x00000000caa00000| Complete 
| 148|0x00000000caa00000, 0x00000000cab00000, 0x00000000cab00000|100%|HC|  |TAMS 0x00000000cab00000, 0x00000000cab00000| Complete 
| 149|0x00000000cab00000, 0x00000000cac00000, 0x00000000cac00000|100%|HC|  |TAMS 0x00000000cac00000, 0x00000000cac00000| Complete 
| 150|0x00000000cac00000, 0x00000000cad00000, 0x00000000cad00000|100%|HC|  |TAMS 0x00000000cad00000, 0x00000000cad00000| Complete 
| 151|0x00000000cad00000, 0x00000000cae00000, 0x00000000cae00000|100%|HC|  |TAMS 0x00000000cae00000, 0x00000000cae00000| Complete 
| 152|0x00000000cae00000, 0x00000000caf00000, 0x00000000caf00000|100%|HC|  |TAMS 0x00000000caf00000, 0x00000000caf00000| Complete 
| 153|0x00000000caf00000, 0x00000000cb000000, 0x00000000cb000000|100%|HC|  |TAMS 0x00000000cb000000, 0x00000000cb000000| Complete 
| 154|0x00000000cb000000, 0x00000000cb100000, 0x00000000cb100000|100%|HC|  |TAMS 0x00000000cb100000, 0x00000000cb100000| Complete 
| 155|0x00000000cb100000, 0x00000000cb200000, 0x00000000cb200000|100%|HC|  |TAMS 0x00000000cb200000, 0x00000000cb200000| Complete 
| 156|0x00000000cb200000, 0x00000000cb300000, 0x00000000cb300000|100%|HC|  |TAMS 0x00000000cb300000, 0x00000000cb300000| Complete 
| 157|0x00000000cb300000, 0x00000000cb400000, 0x00000000cb400000|100%|HC|  |TAMS 0x00000000cb400000, 0x00000000cb400000| Complete 
| 158|0x00000000cb400000, 0x00000000cb500000, 0x00000000cb500000|100%|HC|  |TAMS 0x00000000cb500000, 0x00000000cb500000| Complete 
| 159|0x00000000cb500000, 0x00000000cb600000, 0x00000000cb600000|100%|HC|  |TAMS 0x00000000cb600000, 0x00000000cb600000| Complete 
| 160|0x00000000cb600000, 0x00000000cb700000, 0x00000000cb700000|100%|HC|  |TAMS 0x00000000cb700000, 0x00000000cb700000| Complete 
| 161|0x00000000cb700000, 0x00000000cb800000, 0x00000000cb800000|100%|HC|  |TAMS 0x00000000cb800000, 0x00000000cb800000| Complete 
| 162|0x00000000cb800000, 0x00000000cb900000, 0x00000000cb900000|100%|HC|  |TAMS 0x00000000cb900000, 0x00000000cb900000| Complete 
| 163|0x00000000cb900000, 0x00000000cba00000, 0x00000000cba00000|100%|HC|  |TAMS 0x00000000cba00000, 0x00000000cba00000| Complete 
| 164|0x00000000cba00000, 0x00000000cbb00000, 0x00000000cbb00000|100%|HC|  |TAMS 0x00000000cbb00000, 0x00000000cbb00000| Complete 
| 165|0x00000000cbb00000, 0x00000000cbc00000, 0x00000000cbc00000|100%|HC|  |TAMS 0x00000000cbc00000, 0x00000000cbc00000| Complete 
| 166|0x00000000cbc00000, 0x00000000cbd00000, 0x00000000cbd00000|100%|HC|  |TAMS 0x00000000cbd00000, 0x00000000cbd00000| Complete 
| 167|0x00000000cbd00000, 0x00000000cbe00000, 0x00000000cbe00000|100%|HC|  |TAMS 0x00000000cbe00000, 0x00000000cbe00000| Complete 
| 168|0x00000000cbe00000, 0x00000000cbf00000, 0x00000000cbf00000|100%|HC|  |TAMS 0x00000000cbf00000, 0x00000000cbf00000| Complete 
| 169|0x00000000cbf00000, 0x00000000cc000000, 0x00000000cc000000|100%|HC|  |TAMS 0x00000000cc000000, 0x00000000cc000000| Complete 
| 170|0x00000000cc000000, 0x00000000cc100000, 0x00000000cc100000|100%|HC|  |TAMS 0x00000000cc100000, 0x00000000cc100000| Complete 
| 171|0x00000000cc100000, 0x00000000cc200000, 0x00000000cc200000|100%|HC|  |TAMS 0x00000000cc200000, 0x00000000cc200000| Complete 
| 172|0x00000000cc200000, 0x00000000cc300000, 0x00000000cc300000|100%|HC|  |TAMS 0x00000000cc300000, 0x00000000cc300000| Complete 
| 173|0x00000000cc300000, 0x00000000cc400000, 0x00000000cc400000|100%|HC|  |TAMS 0x00000000cc400000, 0x00000000cc400000| Complete 
| 174|0x00000000cc400000, 0x00000000cc500000, 0x00000000cc500000|100%|HC|  |TAMS 0x00000000cc500000, 0x00000000cc500000| Complete 
| 175|0x00000000cc500000, 0x00000000cc600000, 0x00000000cc600000|100%|HC|  |TAMS 0x00000000cc600000, 0x00000000cc600000| Complete 
| 176|0x00000000cc600000, 0x00000000cc700000, 0x00000000cc700000|100%|HC|  |TAMS 0x00000000cc700000, 0x00000000cc700000| Complete 
| 177|0x00000000cc700000, 0x00000000cc800000, 0x00000000cc800000|100%|HC|  |TAMS 0x00000000cc800000, 0x00000000cc800000| Complete 
| 178|0x00000000cc800000, 0x00000000cc900000, 0x00000000cc900000|100%|HC|  |TAMS 0x00000000cc900000, 0x00000000cc900000| Complete 
| 179|0x00000000cc900000, 0x00000000cca00000, 0x00000000cca00000|100%|HC|  |TAMS 0x00000000cca00000, 0x00000000cca00000| Complete 
| 180|0x00000000cca00000, 0x00000000ccb00000, 0x00000000ccb00000|100%|HC|  |TAMS 0x00000000ccb00000, 0x00000000ccb00000| Complete 
| 181|0x00000000ccb00000, 0x00000000ccc00000, 0x00000000ccc00000|100%|HC|  |TAMS 0x00000000ccc00000, 0x00000000ccc00000| Complete 
| 182|0x00000000ccc00000, 0x00000000ccd00000, 0x00000000ccd00000|100%|HC|  |TAMS 0x00000000ccd00000, 0x00000000ccd00000| Complete 
| 183|0x00000000ccd00000, 0x00000000cce00000, 0x00000000cce00000|100%|HC|  |TAMS 0x00000000cce00000, 0x00000000cce00000| Complete 
| 184|0x00000000cce00000, 0x00000000ccf00000, 0x00000000ccf00000|100%|HC|  |TAMS 0x00000000ccf00000, 0x00000000ccf00000| Complete 
| 185|0x00000000ccf00000, 0x00000000cd000000, 0x00000000cd000000|100%|HC|  |TAMS 0x00000000cd000000, 0x00000000cd000000| Complete 
| 186|0x00000000cd000000, 0x00000000cd100000, 0x00000000cd100000|100%|HC|  |TAMS 0x00000000cd100000, 0x00000000cd100000| Complete 
| 187|0x00000000cd100000, 0x00000000cd200000, 0x00000000cd200000|100%|HC|  |TAMS 0x00000000cd200000, 0x00000000cd200000| Complete 
| 188|0x00000000cd200000, 0x00000000cd300000, 0x00000000cd300000|100%|HC|  |TAMS 0x00000000cd300000, 0x00000000cd300000| Complete 
| 189|0x00000000cd300000, 0x00000000cd400000, 0x00000000cd400000|100%|HC|  |TAMS 0x00000000cd400000, 0x00000000cd400000| Complete 
| 190|0x00000000cd400000, 0x00000000cd500000, 0x00000000cd500000|100%|HC|  |TAMS 0x00000000cd500000, 0x00000000cd500000| Complete 
| 191|0x00000000cd500000, 0x00000000cd600000, 0x00000000cd600000|100%|HC|  |TAMS 0x00000000cd600000, 0x00000000cd600000| Complete 
| 192|0x00000000cd600000, 0x00000000cd700000, 0x00000000cd700000|100%|HC|  |TAMS 0x00000000cd700000, 0x00000000cd700000| Complete 
| 193|0x00000000cd700000, 0x00000000cd800000, 0x00000000cd800000|100%|HC|  |TAMS 0x00000000cd800000, 0x00000000cd800000| Complete 
| 194|0x00000000cd800000, 0x00000000cd900000, 0x00000000cd900000|100%|HC|  |TAMS 0x00000000cd900000, 0x00000000cd900000| Complete 
| 195|0x00000000cd900000, 0x00000000cda00000, 0x00000000cda00000|100%|HC|  |TAMS 0x00000000cda00000, 0x00000000cda00000| Complete 
| 196|0x00000000cda00000, 0x00000000cdb00000, 0x00000000cdb00000|100%|HC|  |TAMS 0x00000000cdb00000, 0x00000000cdb00000| Complete 
| 197|0x00000000cdb00000, 0x00000000cdc00000, 0x00000000cdc00000|100%|HC|  |TAMS 0x00000000cdc00000, 0x00000000cdc00000| Complete 
| 198|0x00000000cdc00000, 0x00000000cdd00000, 0x00000000cdd00000|100%|HC|  |TAMS 0x00000000cdd00000, 0x00000000cdd00000| Complete 
| 199|0x00000000cdd00000, 0x00000000cde00000, 0x00000000cde00000|100%|HC|  |TAMS 0x00000000cde00000, 0x00000000cde00000| Complete 
| 200|0x00000000cde00000, 0x00000000cdf00000, 0x00000000cdf00000|100%|HC|  |TAMS 0x00000000cdf00000, 0x00000000cdf00000| Complete 
| 201|0x00000000cdf00000, 0x00000000ce000000, 0x00000000ce000000|100%|HC|  |TAMS 0x00000000ce000000, 0x00000000ce000000| Complete 
| 202|0x00000000ce000000, 0x00000000ce100000, 0x00000000ce100000|100%|HC|  |TAMS 0x00000000ce100000, 0x00000000ce100000| Complete 
| 203|0x00000000ce100000, 0x00000000ce200000, 0x00000000ce200000|100%|HC|  |TAMS 0x00000000ce200000, 0x00000000ce200000| Complete 
| 204|0x00000000ce200000, 0x00000000ce300000, 0x00000000ce300000|100%|HC|  |TAMS 0x00000000ce300000, 0x00000000ce300000| Complete 
| 205|0x00000000ce300000, 0x00000000ce400000, 0x00000000ce400000|100%|HC|  |TAMS 0x00000000ce400000, 0x00000000ce400000| Complete 
| 206|0x00000000ce400000, 0x00000000ce500000, 0x00000000ce500000|100%|HC|  |TAMS 0x00000000ce500000, 0x00000000ce500000| Complete 
| 207|0x00000000ce500000, 0x00000000ce600000, 0x00000000ce600000|100%|HC|  |TAMS 0x00000000ce600000, 0x00000000ce600000| Complete 
| 208|0x00000000ce600000, 0x00000000ce700000, 0x00000000ce700000|100%|HC|  |TAMS 0x00000000ce700000, 0x00000000ce700000| Complete 
| 209|0x00000000ce700000, 0x00000000ce800000, 0x00000000ce800000|100%|HC|  |TAMS 0x00000000ce800000, 0x00000000ce800000| Complete 
| 210|0x00000000ce800000, 0x00000000ce900000, 0x00000000ce900000|100%|HC|  |TAMS 0x00000000ce900000, 0x00000000ce900000| Complete 
| 211|0x00000000ce900000, 0x00000000cea00000, 0x00000000cea00000|100%|HC|  |TAMS 0x00000000cea00000, 0x00000000cea00000| Complete 
| 212|0x00000000cea00000, 0x00000000ceb00000, 0x00000000ceb00000|100%|HC|  |TAMS 0x00000000ceb00000, 0x00000000ceb00000| Complete 
| 213|0x00000000ceb00000, 0x00000000cec00000, 0x00000000cec00000|100%|HC|  |TAMS 0x00000000cec00000, 0x00000000cec00000| Complete 
| 214|0x00000000cec00000, 0x00000000ced00000, 0x00000000ced00000|100%|HC|  |TAMS 0x00000000ced00000, 0x00000000ced00000| Complete 
| 215|0x00000000ced00000, 0x00000000cee00000, 0x00000000cee00000|100%|HC|  |TAMS 0x00000000cee00000, 0x00000000cee00000| Complete 
| 216|0x00000000cee00000, 0x00000000cee00000, 0x00000000cef00000|  0%| F|  |TAMS 0x00000000cee00000, 0x00000000cee00000| Untracked 
| 217|0x00000000cef00000, 0x00000000cefd0010, 0x00000000cf000000| 81%| O|  |TAMS 0x00000000cefd0010, 0x00000000cefd0010| Untracked 
| 218|0x00000000cf000000, 0x00000000cf053cc0, 0x00000000cf100000| 32%| O|  |TAMS 0x00000000cf053cc0, 0x00000000cf053cc0| Untracked 
| 219|0x00000000cf100000, 0x00000000cf100000, 0x00000000cf200000|  0%| F|  |TAMS 0x00000000cf100000, 0x00000000cf100000| Untracked 
| 220|0x00000000cf200000, 0x00000000cf200000, 0x00000000cf300000|  0%| F|  |TAMS 0x00000000cf200000, 0x00000000cf200000| Untracked 
| 221|0x00000000cf300000, 0x00000000cf300000, 0x00000000cf400000|  0%| F|  |TAMS 0x00000000cf300000, 0x00000000cf300000| Untracked 
| 222|0x00000000cf400000, 0x00000000cf400000, 0x00000000cf500000|  0%| F|  |TAMS 0x00000000cf400000, 0x00000000cf400000| Untracked 
| 223|0x00000000cf500000, 0x00000000cf500000, 0x00000000cf600000|  0%| F|  |TAMS 0x00000000cf500000, 0x00000000cf500000| Untracked 
| 224|0x00000000cf600000, 0x00000000cf600000, 0x00000000cf700000|  0%| F|  |TAMS 0x00000000cf600000, 0x00000000cf600000| Untracked 
| 225|0x00000000cf700000, 0x00000000cf700000, 0x00000000cf800000|  0%| F|  |TAMS 0x00000000cf700000, 0x00000000cf700000| Untracked 
| 226|0x00000000cf800000, 0x00000000cf800000, 0x00000000cf900000|  0%| F|  |TAMS 0x00000000cf800000, 0x00000000cf800000| Untracked 
| 227|0x00000000cf900000, 0x00000000cf900000, 0x00000000cfa00000|  0%| F|  |TAMS 0x00000000cf900000, 0x00000000cf900000| Untracked 
| 228|0x00000000cfa00000, 0x00000000cfa00000, 0x00000000cfb00000|  0%| F|  |TAMS 0x00000000cfa00000, 0x00000000cfa00000| Untracked 
| 229|0x00000000cfb00000, 0x00000000cfb00000, 0x00000000cfc00000|  0%| F|  |TAMS 0x00000000cfb00000, 0x00000000cfb00000| Untracked 
| 230|0x00000000cfc00000, 0x00000000cfc00000, 0x00000000cfd00000|  0%| F|  |TAMS 0x00000000cfc00000, 0x00000000cfc00000| Untracked 
| 231|0x00000000cfd00000, 0x00000000cfd00000, 0x00000000cfe00000|  0%| F|  |TAMS 0x00000000cfd00000, 0x00000000cfd00000| Untracked 
| 232|0x00000000cfe00000, 0x00000000cfe00000, 0x00000000cff00000|  0%| F|  |TAMS 0x00000000cfe00000, 0x00000000cfe00000| Untracked 
| 233|0x00000000cff00000, 0x00000000cff00000, 0x00000000d0000000|  0%| F|  |TAMS 0x00000000cff00000, 0x00000000cff00000| Untracked 
| 234|0x00000000d0000000, 0x00000000d0000000, 0x00000000d0100000|  0%| F|  |TAMS 0x00000000d0000000, 0x00000000d0000000| Untracked 
| 235|0x00000000d0100000, 0x00000000d0100000, 0x00000000d0200000|  0%| F|  |TAMS 0x00000000d0100000, 0x00000000d0100000| Untracked 
| 236|0x00000000d0200000, 0x00000000d0200000, 0x00000000d0300000|  0%| F|  |TAMS 0x00000000d0200000, 0x00000000d0200000| Untracked 
| 237|0x00000000d0300000, 0x00000000d0300000, 0x00000000d0400000|  0%| F|  |TAMS 0x00000000d0300000, 0x00000000d0300000| Untracked 
| 238|0x00000000d0400000, 0x00000000d0400000, 0x00000000d0500000|  0%| F|  |TAMS 0x00000000d0400000, 0x00000000d0400000| Untracked 
| 239|0x00000000d0500000, 0x00000000d0500000, 0x00000000d0600000|  0%| F|  |TAMS 0x00000000d0500000, 0x00000000d0500000| Untracked 
| 240|0x00000000d0600000, 0x00000000d0600000, 0x00000000d0700000|  0%| F|  |TAMS 0x00000000d0600000, 0x00000000d0600000| Untracked 
| 241|0x00000000d0700000, 0x00000000d0700000, 0x00000000d0800000|  0%| F|  |TAMS 0x00000000d0700000, 0x00000000d0700000| Untracked 
| 242|0x00000000d0800000, 0x00000000d0800000, 0x00000000d0900000|  0%| F|  |TAMS 0x00000000d0800000, 0x00000000d0800000| Untracked 
| 243|0x00000000d0900000, 0x00000000d0900000, 0x00000000d0a00000|  0%| F|  |TAMS 0x00000000d0900000, 0x00000000d0900000| Untracked 
| 244|0x00000000d0a00000, 0x00000000d0a00000, 0x00000000d0b00000|  0%| F|  |TAMS 0x00000000d0a00000, 0x00000000d0a00000| Untracked 
| 245|0x00000000d0b00000, 0x00000000d0b00000, 0x00000000d0c00000|  0%| F|  |TAMS 0x00000000d0b00000, 0x00000000d0b00000| Untracked 
| 246|0x00000000d0c00000, 0x00000000d0c00000, 0x00000000d0d00000|  0%| F|  |TAMS 0x00000000d0c00000, 0x00000000d0c00000| Untracked 
| 247|0x00000000d0d00000, 0x00000000d0d00000, 0x00000000d0e00000|  0%| F|  |TAMS 0x00000000d0d00000, 0x00000000d0d00000| Untracked 
| 248|0x00000000d0e00000, 0x00000000d0e00000, 0x00000000d0f00000|  0%| F|  |TAMS 0x00000000d0e00000, 0x00000000d0e00000| Untracked 
| 249|0x00000000d0f00000, 0x00000000d0f00000, 0x00000000d1000000|  0%| F|  |TAMS 0x00000000d0f00000, 0x00000000d0f00000| Untracked 
| 250|0x00000000d1000000, 0x00000000d1000000, 0x00000000d1100000|  0%| F|  |TAMS 0x00000000d1000000, 0x00000000d1000000| Untracked 
| 251|0x00000000d1100000, 0x00000000d1100000, 0x00000000d1200000|  0%| F|  |TAMS 0x00000000d1100000, 0x00000000d1100000| Untracked 
| 252|0x00000000d1200000, 0x00000000d1200000, 0x00000000d1300000|  0%| F|  |TAMS 0x00000000d1200000, 0x00000000d1200000| Untracked 
| 253|0x00000000d1300000, 0x00000000d1300000, 0x00000000d1400000|  0%| F|  |TAMS 0x00000000d1300000, 0x00000000d1300000| Untracked 
| 254|0x00000000d1400000, 0x00000000d1400000, 0x00000000d1500000|  0%| F|  |TAMS 0x00000000d1400000, 0x00000000d1400000| Untracked 
| 255|0x00000000d1500000, 0x00000000d1500000, 0x00000000d1600000|  0%| F|  |TAMS 0x00000000d1500000, 0x00000000d1500000| Untracked 
| 256|0x00000000d1600000, 0x00000000d1600000, 0x00000000d1700000|  0%| F|  |TAMS 0x00000000d1600000, 0x00000000d1600000| Untracked 
| 257|0x00000000d1700000, 0x00000000d1700000, 0x00000000d1800000|  0%| F|  |TAMS 0x00000000d1700000, 0x00000000d1700000| Untracked 
| 258|0x00000000d1800000, 0x00000000d1800000, 0x00000000d1900000|  0%| F|  |TAMS 0x00000000d1800000, 0x00000000d1800000| Untracked 
| 259|0x00000000d1900000, 0x00000000d1900000, 0x00000000d1a00000|  0%| F|  |TAMS 0x00000000d1900000, 0x00000000d1900000| Untracked 
| 260|0x00000000d1a00000, 0x00000000d1a00000, 0x00000000d1b00000|  0%| F|  |TAMS 0x00000000d1a00000, 0x00000000d1a00000| Untracked 
| 261|0x00000000d1b00000, 0x00000000d1b00000, 0x00000000d1c00000|  0%| F|  |TAMS 0x00000000d1b00000, 0x00000000d1b00000| Untracked 
| 262|0x00000000d1c00000, 0x00000000d1c00000, 0x00000000d1d00000|  0%| F|  |TAMS 0x00000000d1c00000, 0x00000000d1c00000| Untracked 
| 263|0x00000000d1d00000, 0x00000000d1d00000, 0x00000000d1e00000|  0%| F|  |TAMS 0x00000000d1d00000, 0x00000000d1d00000| Untracked 
| 264|0x00000000d1e00000, 0x00000000d1e00000, 0x00000000d1f00000|  0%| F|  |TAMS 0x00000000d1e00000, 0x00000000d1e00000| Untracked 
| 265|0x00000000d1f00000, 0x00000000d1f00000, 0x00000000d2000000|  0%| F|  |TAMS 0x00000000d1f00000, 0x00000000d1f00000| Untracked 
| 266|0x00000000d2000000, 0x00000000d2000000, 0x00000000d2100000|  0%| F|  |TAMS 0x00000000d2000000, 0x00000000d2000000| Untracked 
| 267|0x00000000d2100000, 0x00000000d2100000, 0x00000000d2200000|  0%| F|  |TAMS 0x00000000d2100000, 0x00000000d2100000| Untracked 
| 268|0x00000000d2200000, 0x00000000d2200000, 0x00000000d2300000|  0%| F|  |TAMS 0x00000000d2200000, 0x00000000d2200000| Untracked 
| 269|0x00000000d2300000, 0x00000000d2300000, 0x00000000d2400000|  0%| F|  |TAMS 0x00000000d2300000, 0x00000000d2300000| Untracked 
| 270|0x00000000d2400000, 0x00000000d2400000, 0x00000000d2500000|  0%| F|  |TAMS 0x00000000d2400000, 0x00000000d2400000| Untracked 
| 271|0x00000000d2500000, 0x00000000d2500000, 0x00000000d2600000|  0%| F|  |TAMS 0x00000000d2500000, 0x00000000d2500000| Untracked 
| 272|0x00000000d2600000, 0x00000000d2600000, 0x00000000d2700000|  0%| F|  |TAMS 0x00000000d2600000, 0x00000000d2600000| Untracked 
| 273|0x00000000d2700000, 0x00000000d2700000, 0x00000000d2800000|  0%| F|  |TAMS 0x00000000d2700000, 0x00000000d2700000| Untracked 
| 274|0x00000000d2800000, 0x00000000d2800000, 0x00000000d2900000|  0%| F|  |TAMS 0x00000000d2800000, 0x00000000d2800000| Untracked 
| 275|0x00000000d2900000, 0x00000000d2900000, 0x00000000d2a00000|  0%| F|  |TAMS 0x00000000d2900000, 0x00000000d2900000| Untracked 
| 276|0x00000000d2a00000, 0x00000000d2a00000, 0x00000000d2b00000|  0%| F|  |TAMS 0x00000000d2a00000, 0x00000000d2a00000| Untracked 
| 277|0x00000000d2b00000, 0x00000000d2b00000, 0x00000000d2c00000|  0%| F|  |TAMS 0x00000000d2b00000, 0x00000000d2b00000| Untracked 
| 278|0x00000000d2c00000, 0x00000000d2c00000, 0x00000000d2d00000|  0%| F|  |TAMS 0x00000000d2c00000, 0x00000000d2c00000| Untracked 
| 279|0x00000000d2d00000, 0x00000000d2d00000, 0x00000000d2e00000|  0%| F|  |TAMS 0x00000000d2d00000, 0x00000000d2d00000| Untracked 
| 280|0x00000000d2e00000, 0x00000000d2e00000, 0x00000000d2f00000|  0%| F|  |TAMS 0x00000000d2e00000, 0x00000000d2e00000| Untracked 
| 281|0x00000000d2f00000, 0x00000000d2f00000, 0x00000000d3000000|  0%| F|  |TAMS 0x00000000d2f00000, 0x00000000d2f00000| Untracked 
| 282|0x00000000d3000000, 0x00000000d3000000, 0x00000000d3100000|  0%| F|  |TAMS 0x00000000d3000000, 0x00000000d3000000| Untracked 
| 283|0x00000000d3100000, 0x00000000d3100000, 0x00000000d3200000|  0%| F|  |TAMS 0x00000000d3100000, 0x00000000d3100000| Untracked 
| 284|0x00000000d3200000, 0x00000000d3200000, 0x00000000d3300000|  0%| F|  |TAMS 0x00000000d3200000, 0x00000000d3200000| Untracked 
| 285|0x00000000d3300000, 0x00000000d3300000, 0x00000000d3400000|  0%| F|  |TAMS 0x00000000d3300000, 0x00000000d3300000| Untracked 
| 286|0x00000000d3400000, 0x00000000d3400000, 0x00000000d3500000|  0%| F|  |TAMS 0x00000000d3400000, 0x00000000d3400000| Untracked 
| 287|0x00000000d3500000, 0x00000000d3500000, 0x00000000d3600000|  0%| F|  |TAMS 0x00000000d3500000, 0x00000000d3500000| Untracked 
| 288|0x00000000d3600000, 0x00000000d3600000, 0x00000000d3700000|  0%| F|  |TAMS 0x00000000d3600000, 0x00000000d3600000| Untracked 
| 289|0x00000000d3700000, 0x00000000d3700000, 0x00000000d3800000|  0%| F|  |TAMS 0x00000000d3700000, 0x00000000d3700000| Untracked 
| 290|0x00000000d3800000, 0x00000000d3800000, 0x00000000d3900000|  0%| F|  |TAMS 0x00000000d3800000, 0x00000000d3800000| Untracked 
| 291|0x00000000d3900000, 0x00000000d3900000, 0x00000000d3a00000|  0%| F|  |TAMS 0x00000000d3900000, 0x00000000d3900000| Untracked 
| 292|0x00000000d3a00000, 0x00000000d3a00000, 0x00000000d3b00000|  0%| F|  |TAMS 0x00000000d3a00000, 0x00000000d3a00000| Untracked 
| 293|0x00000000d3b00000, 0x00000000d3b00000, 0x00000000d3c00000|  0%| F|  |TAMS 0x00000000d3b00000, 0x00000000d3b00000| Untracked 
| 294|0x00000000d3c00000, 0x00000000d3c00000, 0x00000000d3d00000|  0%| F|  |TAMS 0x00000000d3c00000, 0x00000000d3c00000| Untracked 
| 295|0x00000000d3d00000, 0x00000000d3d00000, 0x00000000d3e00000|  0%| F|  |TAMS 0x00000000d3d00000, 0x00000000d3d00000| Untracked 
| 296|0x00000000d3e00000, 0x00000000d3e00000, 0x00000000d3f00000|  0%| F|  |TAMS 0x00000000d3e00000, 0x00000000d3e00000| Untracked 
| 297|0x00000000d3f00000, 0x00000000d3f00000, 0x00000000d4000000|  0%| F|  |TAMS 0x00000000d3f00000, 0x00000000d3f00000| Untracked 
| 298|0x00000000d4000000, 0x00000000d4000000, 0x00000000d4100000|  0%| F|  |TAMS 0x00000000d4000000, 0x00000000d4000000| Untracked 
| 299|0x00000000d4100000, 0x00000000d4100000, 0x00000000d4200000|  0%| F|  |TAMS 0x00000000d4100000, 0x00000000d4100000| Untracked 
| 300|0x00000000d4200000, 0x00000000d4200000, 0x00000000d4300000|  0%| F|  |TAMS 0x00000000d4200000, 0x00000000d4200000| Untracked 
| 301|0x00000000d4300000, 0x00000000d4300000, 0x00000000d4400000|  0%| F|  |TAMS 0x00000000d4300000, 0x00000000d4300000| Untracked 
| 302|0x00000000d4400000, 0x00000000d4400000, 0x00000000d4500000|  0%| F|  |TAMS 0x00000000d4400000, 0x00000000d4400000| Untracked 
| 303|0x00000000d4500000, 0x00000000d4500000, 0x00000000d4600000|  0%| F|  |TAMS 0x00000000d4500000, 0x00000000d4500000| Untracked 
| 304|0x00000000d4600000, 0x00000000d4600000, 0x00000000d4700000|  0%| F|  |TAMS 0x00000000d4600000, 0x00000000d4600000| Untracked 
| 305|0x00000000d4700000, 0x00000000d4700000, 0x00000000d4800000|  0%| F|  |TAMS 0x00000000d4700000, 0x00000000d4700000| Untracked 
| 306|0x00000000d4800000, 0x00000000d4800000, 0x00000000d4900000|  0%| F|  |TAMS 0x00000000d4800000, 0x00000000d4800000| Untracked 
| 307|0x00000000d4900000, 0x00000000d4900000, 0x00000000d4a00000|  0%| F|  |TAMS 0x00000000d4900000, 0x00000000d4900000| Untracked 
| 308|0x00000000d4a00000, 0x00000000d4a00000, 0x00000000d4b00000|  0%| F|  |TAMS 0x00000000d4a00000, 0x00000000d4a00000| Untracked 
| 309|0x00000000d4b00000, 0x00000000d4b00000, 0x00000000d4c00000|  0%| F|  |TAMS 0x00000000d4b00000, 0x00000000d4b00000| Untracked 
| 310|0x00000000d4c00000, 0x00000000d4c00000, 0x00000000d4d00000|  0%| F|  |TAMS 0x00000000d4c00000, 0x00000000d4c00000| Untracked 
| 311|0x00000000d4d00000, 0x00000000d4d00000, 0x00000000d4e00000|  0%| F|  |TAMS 0x00000000d4d00000, 0x00000000d4d00000| Untracked 
| 312|0x00000000d4e00000, 0x00000000d4e00000, 0x00000000d4f00000|  0%| F|  |TAMS 0x00000000d4e00000, 0x00000000d4e00000| Untracked 
| 313|0x00000000d4f00000, 0x00000000d4f00000, 0x00000000d5000000|  0%| F|  |TAMS 0x00000000d4f00000, 0x00000000d4f00000| Untracked 
| 314|0x00000000d5000000, 0x00000000d5000000, 0x00000000d5100000|  0%| F|  |TAMS 0x00000000d5000000, 0x00000000d5000000| Untracked 
| 315|0x00000000d5100000, 0x00000000d5100000, 0x00000000d5200000|  0%| F|  |TAMS 0x00000000d5100000, 0x00000000d5100000| Untracked 
| 316|0x00000000d5200000, 0x00000000d5200000, 0x00000000d5300000|  0%| F|  |TAMS 0x00000000d5200000, 0x00000000d5200000| Untracked 
| 317|0x00000000d5300000, 0x00000000d5300000, 0x00000000d5400000|  0%| F|  |TAMS 0x00000000d5300000, 0x00000000d5300000| Untracked 
| 318|0x00000000d5400000, 0x00000000d5400000, 0x00000000d5500000|  0%| F|  |TAMS 0x00000000d5400000, 0x00000000d5400000| Untracked 
| 319|0x00000000d5500000, 0x00000000d5600000, 0x00000000d5600000|100%|HS|  |TAMS 0x00000000d5600000, 0x00000000d5600000| Complete 
| 320|0x00000000d5600000, 0x00000000d5700000, 0x00000000d5700000|100%|HC|  |TAMS 0x00000000d5700000, 0x00000000d5700000| Complete 
| 321|0x00000000d5700000, 0x00000000d5800000, 0x00000000d5800000|100%|HC|  |TAMS 0x00000000d5800000, 0x00000000d5800000| Complete 
| 322|0x00000000d5800000, 0x00000000d5900000, 0x00000000d5900000|100%|HC|  |TAMS 0x00000000d5900000, 0x00000000d5900000| Complete 
| 323|0x00000000d5900000, 0x00000000d5a00000, 0x00000000d5a00000|100%|HC|  |TAMS 0x00000000d5a00000, 0x00000000d5a00000| Complete 
| 324|0x00000000d5a00000, 0x00000000d5b00000, 0x00000000d5b00000|100%|HC|  |TAMS 0x00000000d5b00000, 0x00000000d5b00000| Complete 
| 325|0x00000000d5b00000, 0x00000000d5c00000, 0x00000000d5c00000|100%|HC|  |TAMS 0x00000000d5c00000, 0x00000000d5c00000| Complete 
| 326|0x00000000d5c00000, 0x00000000d5d00000, 0x00000000d5d00000|100%|HC|  |TAMS 0x00000000d5d00000, 0x00000000d5d00000| Complete 
| 327|0x00000000d5d00000, 0x00000000d5e00000, 0x00000000d5e00000|100%|HC|  |TAMS 0x00000000d5e00000, 0x00000000d5e00000| Complete 
| 328|0x00000000d5e00000, 0x00000000d5f00000, 0x00000000d5f00000|100%|HC|  |TAMS 0x00000000d5f00000, 0x00000000d5f00000| Complete 
| 329|0x00000000d5f00000, 0x00000000d6000000, 0x00000000d6000000|100%|HC|  |TAMS 0x00000000d6000000, 0x00000000d6000000| Complete 
| 330|0x00000000d6000000, 0x00000000d6100000, 0x00000000d6100000|100%|HC|  |TAMS 0x00000000d6100000, 0x00000000d6100000| Complete 
| 331|0x00000000d6100000, 0x00000000d6200000, 0x00000000d6200000|100%|HC|  |TAMS 0x00000000d6200000, 0x00000000d6200000| Complete 
| 332|0x00000000d6200000, 0x00000000d6300000, 0x00000000d6300000|100%|HC|  |TAMS 0x00000000d6300000, 0x00000000d6300000| Complete 
| 333|0x00000000d6300000, 0x00000000d6400000, 0x00000000d6400000|100%|HC|  |TAMS 0x00000000d6400000, 0x00000000d6400000| Complete 
| 334|0x00000000d6400000, 0x00000000d6500000, 0x00000000d6500000|100%|HC|  |TAMS 0x00000000d6500000, 0x00000000d6500000| Complete 
| 335|0x00000000d6500000, 0x00000000d6600000, 0x00000000d6600000|100%|HC|  |TAMS 0x00000000d6600000, 0x00000000d6600000| Complete 
| 336|0x00000000d6600000, 0x00000000d6700000, 0x00000000d6700000|100%|HC|  |TAMS 0x00000000d6700000, 0x00000000d6700000| Complete 
| 337|0x00000000d6700000, 0x00000000d6800000, 0x00000000d6800000|100%|HC|  |TAMS 0x00000000d6800000, 0x00000000d6800000| Complete 
| 338|0x00000000d6800000, 0x00000000d6900000, 0x00000000d6900000|100%|HC|  |TAMS 0x00000000d6900000, 0x00000000d6900000| Complete 
| 339|0x00000000d6900000, 0x00000000d6a00000, 0x00000000d6a00000|100%|HC|  |TAMS 0x00000000d6a00000, 0x00000000d6a00000| Complete 
| 340|0x00000000d6a00000, 0x00000000d6b00000, 0x00000000d6b00000|100%|HC|  |TAMS 0x00000000d6b00000, 0x00000000d6b00000| Complete 
| 341|0x00000000d6b00000, 0x00000000d6c00000, 0x00000000d6c00000|100%|HC|  |TAMS 0x00000000d6c00000, 0x00000000d6c00000| Complete 
| 342|0x00000000d6c00000, 0x00000000d6d00000, 0x00000000d6d00000|100%|HC|  |TAMS 0x00000000d6d00000, 0x00000000d6d00000| Complete 
| 343|0x00000000d6d00000, 0x00000000d6e00000, 0x00000000d6e00000|100%|HC|  |TAMS 0x00000000d6e00000, 0x00000000d6e00000| Complete 
| 344|0x00000000d6e00000, 0x00000000d6f00000, 0x00000000d6f00000|100%|HC|  |TAMS 0x00000000d6f00000, 0x00000000d6f00000| Complete 
| 345|0x00000000d6f00000, 0x00000000d7000000, 0x00000000d7000000|100%|HC|  |TAMS 0x00000000d7000000, 0x00000000d7000000| Complete 
| 346|0x00000000d7000000, 0x00000000d7100000, 0x00000000d7100000|100%|HC|  |TAMS 0x00000000d7100000, 0x00000000d7100000| Complete 
| 347|0x00000000d7100000, 0x00000000d7200000, 0x00000000d7200000|100%|HC|  |TAMS 0x00000000d7200000, 0x00000000d7200000| Complete 
| 348|0x00000000d7200000, 0x00000000d7300000, 0x00000000d7300000|100%|HC|  |TAMS 0x00000000d7300000, 0x00000000d7300000| Complete 
| 349|0x00000000d7300000, 0x00000000d7400000, 0x00000000d7400000|100%|HC|  |TAMS 0x00000000d7400000, 0x00000000d7400000| Complete 
| 350|0x00000000d7400000, 0x00000000d7500000, 0x00000000d7500000|100%|HC|  |TAMS 0x00000000d7500000, 0x00000000d7500000| Complete 
| 351|0x00000000d7500000, 0x00000000d7600000, 0x00000000d7600000|100%|HC|  |TAMS 0x00000000d7600000, 0x00000000d7600000| Complete 
| 352|0x00000000d7600000, 0x00000000d7700000, 0x00000000d7700000|100%|HC|  |TAMS 0x00000000d7700000, 0x00000000d7700000| Complete 
| 353|0x00000000d7700000, 0x00000000d7800000, 0x00000000d7800000|100%|HC|  |TAMS 0x00000000d7800000, 0x00000000d7800000| Complete 
| 354|0x00000000d7800000, 0x00000000d7900000, 0x00000000d7900000|100%|HC|  |TAMS 0x00000000d7900000, 0x00000000d7900000| Complete 
| 355|0x00000000d7900000, 0x00000000d7a00000, 0x00000000d7a00000|100%|HC|  |TAMS 0x00000000d7a00000, 0x00000000d7a00000| Complete 
| 356|0x00000000d7a00000, 0x00000000d7b00000, 0x00000000d7b00000|100%|HC|  |TAMS 0x00000000d7b00000, 0x00000000d7b00000| Complete 
| 357|0x00000000d7b00000, 0x00000000d7c00000, 0x00000000d7c00000|100%|HC|  |TAMS 0x00000000d7c00000, 0x00000000d7c00000| Complete 
| 358|0x00000000d7c00000, 0x00000000d7d00000, 0x00000000d7d00000|100%|HC|  |TAMS 0x00000000d7d00000, 0x00000000d7d00000| Complete 
| 359|0x00000000d7d00000, 0x00000000d7e00000, 0x00000000d7e00000|100%|HC|  |TAMS 0x00000000d7e00000, 0x00000000d7e00000| Complete 
| 360|0x00000000d7e00000, 0x00000000d7f00000, 0x00000000d7f00000|100%|HC|  |TAMS 0x00000000d7f00000, 0x00000000d7f00000| Complete 
| 361|0x00000000d7f00000, 0x00000000d8000000, 0x00000000d8000000|100%|HC|  |TAMS 0x00000000d8000000, 0x00000000d8000000| Complete 
| 362|0x00000000d8000000, 0x00000000d8100000, 0x00000000d8100000|100%|HC|  |TAMS 0x00000000d8100000, 0x00000000d8100000| Complete 
| 363|0x00000000d8100000, 0x00000000d8200000, 0x00000000d8200000|100%|HC|  |TAMS 0x00000000d8200000, 0x00000000d8200000| Complete 
| 364|0x00000000d8200000, 0x00000000d8300000, 0x00000000d8300000|100%|HC|  |TAMS 0x00000000d8300000, 0x00000000d8300000| Complete 
| 365|0x00000000d8300000, 0x00000000d8400000, 0x00000000d8400000|100%|HC|  |TAMS 0x00000000d8400000, 0x00000000d8400000| Complete 
| 366|0x00000000d8400000, 0x00000000d8500000, 0x00000000d8500000|100%|HC|  |TAMS 0x00000000d8500000, 0x00000000d8500000| Complete 
| 367|0x00000000d8500000, 0x00000000d8600000, 0x00000000d8600000|100%|HC|  |TAMS 0x00000000d8600000, 0x00000000d8600000| Complete 
| 368|0x00000000d8600000, 0x00000000d8700000, 0x00000000d8700000|100%|HC|  |TAMS 0x00000000d8700000, 0x00000000d8700000| Complete 
| 369|0x00000000d8700000, 0x00000000d8800000, 0x00000000d8800000|100%|HC|  |TAMS 0x00000000d8800000, 0x00000000d8800000| Complete 
| 370|0x00000000d8800000, 0x00000000d8900000, 0x00000000d8900000|100%|HC|  |TAMS 0x00000000d8900000, 0x00000000d8900000| Complete 
| 371|0x00000000d8900000, 0x00000000d8a00000, 0x00000000d8a00000|100%|HC|  |TAMS 0x00000000d8a00000, 0x00000000d8a00000| Complete 
| 372|0x00000000d8a00000, 0x00000000d8b00000, 0x00000000d8b00000|100%|HC|  |TAMS 0x00000000d8b00000, 0x00000000d8b00000| Complete 
| 373|0x00000000d8b00000, 0x00000000d8c00000, 0x00000000d8c00000|100%|HC|  |TAMS 0x00000000d8c00000, 0x00000000d8c00000| Complete 
| 374|0x00000000d8c00000, 0x00000000d8d00000, 0x00000000d8d00000|100%|HC|  |TAMS 0x00000000d8d00000, 0x00000000d8d00000| Complete 
| 375|0x00000000d8d00000, 0x00000000d8e00000, 0x00000000d8e00000|100%|HC|  |TAMS 0x00000000d8e00000, 0x00000000d8e00000| Complete 
| 376|0x00000000d8e00000, 0x00000000d8f00000, 0x00000000d8f00000|100%|HC|  |TAMS 0x00000000d8f00000, 0x00000000d8f00000| Complete 
| 377|0x00000000d8f00000, 0x00000000d9000000, 0x00000000d9000000|100%|HC|  |TAMS 0x00000000d9000000, 0x00000000d9000000| Complete 
| 378|0x00000000d9000000, 0x00000000d9100000, 0x00000000d9100000|100%|HC|  |TAMS 0x00000000d9100000, 0x00000000d9100000| Complete 
| 379|0x00000000d9100000, 0x00000000d9200000, 0x00000000d9200000|100%|HC|  |TAMS 0x00000000d9200000, 0x00000000d9200000| Complete 
| 380|0x00000000d9200000, 0x00000000d9300000, 0x00000000d9300000|100%|HC|  |TAMS 0x00000000d9300000, 0x00000000d9300000| Complete 
| 381|0x00000000d9300000, 0x00000000d9400000, 0x00000000d9400000|100%|HC|  |TAMS 0x00000000d9400000, 0x00000000d9400000| Complete 
| 382|0x00000000d9400000, 0x00000000d9500000, 0x00000000d9500000|100%|HC|  |TAMS 0x00000000d9500000, 0x00000000d9500000| Complete 
| 383|0x00000000d9500000, 0x00000000d9600000, 0x00000000d9600000|100%|HC|  |TAMS 0x00000000d9600000, 0x00000000d9600000| Complete 
| 384|0x00000000d9600000, 0x00000000d9700000, 0x00000000d9700000|100%|HC|  |TAMS 0x00000000d9700000, 0x00000000d9700000| Complete 
| 385|0x00000000d9700000, 0x00000000d9800000, 0x00000000d9800000|100%|HC|  |TAMS 0x00000000d9800000, 0x00000000d9800000| Complete 
| 386|0x00000000d9800000, 0x00000000d9900000, 0x00000000d9900000|100%|HC|  |TAMS 0x00000000d9900000, 0x00000000d9900000| Complete 
| 387|0x00000000d9900000, 0x00000000d9a00000, 0x00000000d9a00000|100%|HC|  |TAMS 0x00000000d9a00000, 0x00000000d9a00000| Complete 
| 388|0x00000000d9a00000, 0x00000000d9b00000, 0x00000000d9b00000|100%|HC|  |TAMS 0x00000000d9b00000, 0x00000000d9b00000| Complete 
| 389|0x00000000d9b00000, 0x00000000d9c00000, 0x00000000d9c00000|100%|HC|  |TAMS 0x00000000d9c00000, 0x00000000d9c00000| Complete 
| 390|0x00000000d9c00000, 0x00000000d9d00000, 0x00000000d9d00000|100%|HC|  |TAMS 0x00000000d9d00000, 0x00000000d9d00000| Complete 
| 391|0x00000000d9d00000, 0x00000000d9e00000, 0x00000000d9e00000|100%|HC|  |TAMS 0x00000000d9e00000, 0x00000000d9e00000| Complete 
| 392|0x00000000d9e00000, 0x00000000d9f00000, 0x00000000d9f00000|100%|HC|  |TAMS 0x00000000d9f00000, 0x00000000d9f00000| Complete 
| 393|0x00000000d9f00000, 0x00000000da000000, 0x00000000da000000|100%|HC|  |TAMS 0x00000000da000000, 0x00000000da000000| Complete 
| 394|0x00000000da000000, 0x00000000da100000, 0x00000000da100000|100%|HC|  |TAMS 0x00000000da100000, 0x00000000da100000| Complete 
| 395|0x00000000da100000, 0x00000000da200000, 0x00000000da200000|100%|HC|  |TAMS 0x00000000da200000, 0x00000000da200000| Complete 
| 396|0x00000000da200000, 0x00000000da300000, 0x00000000da300000|100%|HC|  |TAMS 0x00000000da300000, 0x00000000da300000| Complete 
| 397|0x00000000da300000, 0x00000000da400000, 0x00000000da400000|100%|HC|  |TAMS 0x00000000da400000, 0x00000000da400000| Complete 
| 398|0x00000000da400000, 0x00000000da500000, 0x00000000da500000|100%|HC|  |TAMS 0x00000000da500000, 0x00000000da500000| Complete 
| 399|0x00000000da500000, 0x00000000da600000, 0x00000000da600000|100%|HC|  |TAMS 0x00000000da600000, 0x00000000da600000| Complete 
| 400|0x00000000da600000, 0x00000000da700000, 0x00000000da700000|100%|HC|  |TAMS 0x00000000da700000, 0x00000000da700000| Complete 
| 401|0x00000000da700000, 0x00000000da800000, 0x00000000da800000|100%|HC|  |TAMS 0x00000000da800000, 0x00000000da800000| Complete 
| 402|0x00000000da800000, 0x00000000da900000, 0x00000000da900000|100%|HC|  |TAMS 0x00000000da900000, 0x00000000da900000| Complete 
| 403|0x00000000da900000, 0x00000000daa00000, 0x00000000daa00000|100%|HC|  |TAMS 0x00000000daa00000, 0x00000000daa00000| Complete 
| 404|0x00000000daa00000, 0x00000000dab00000, 0x00000000dab00000|100%|HC|  |TAMS 0x00000000dab00000, 0x00000000dab00000| Complete 
| 405|0x00000000dab00000, 0x00000000dac00000, 0x00000000dac00000|100%|HC|  |TAMS 0x00000000dac00000, 0x00000000dac00000| Complete 
| 406|0x00000000dac00000, 0x00000000dad00000, 0x00000000dad00000|100%|HC|  |TAMS 0x00000000dad00000, 0x00000000dad00000| Complete 
| 407|0x00000000dad00000, 0x00000000dae00000, 0x00000000dae00000|100%|HC|  |TAMS 0x00000000dae00000, 0x00000000dae00000| Complete 
| 408|0x00000000dae00000, 0x00000000daf00000, 0x00000000daf00000|100%|HC|  |TAMS 0x00000000daf00000, 0x00000000daf00000| Complete 
| 409|0x00000000daf00000, 0x00000000db000000, 0x00000000db000000|100%|HC|  |TAMS 0x00000000db000000, 0x00000000db000000| Complete 
| 410|0x00000000db000000, 0x00000000db100000, 0x00000000db100000|100%|HC|  |TAMS 0x00000000db100000, 0x00000000db100000| Complete 
| 411|0x00000000db100000, 0x00000000db200000, 0x00000000db200000|100%|HC|  |TAMS 0x00000000db200000, 0x00000000db200000| Complete 
| 412|0x00000000db200000, 0x00000000db300000, 0x00000000db300000|100%|HC|  |TAMS 0x00000000db300000, 0x00000000db300000| Complete 
| 413|0x00000000db300000, 0x00000000db400000, 0x00000000db400000|100%|HC|  |TAMS 0x00000000db400000, 0x00000000db400000| Complete 
| 414|0x00000000db400000, 0x00000000db500000, 0x00000000db500000|100%|HC|  |TAMS 0x00000000db500000, 0x00000000db500000| Complete 
| 415|0x00000000db500000, 0x00000000db600000, 0x00000000db600000|100%|HC|  |TAMS 0x00000000db600000, 0x00000000db600000| Complete 
| 416|0x00000000db600000, 0x00000000db700000, 0x00000000db700000|100%|HC|  |TAMS 0x00000000db700000, 0x00000000db700000| Complete 
| 417|0x00000000db700000, 0x00000000db800000, 0x00000000db800000|100%|HC|  |TAMS 0x00000000db800000, 0x00000000db800000| Complete 
| 418|0x00000000db800000, 0x00000000db900000, 0x00000000db900000|100%|HC|  |TAMS 0x00000000db900000, 0x00000000db900000| Complete 
| 419|0x00000000db900000, 0x00000000dba00000, 0x00000000dba00000|100%|HC|  |TAMS 0x00000000dba00000, 0x00000000dba00000| Complete 
| 420|0x00000000dba00000, 0x00000000dbb00000, 0x00000000dbb00000|100%|HC|  |TAMS 0x00000000dbb00000, 0x00000000dbb00000| Complete 
| 421|0x00000000dbb00000, 0x00000000dbc00000, 0x00000000dbc00000|100%|HC|  |TAMS 0x00000000dbc00000, 0x00000000dbc00000| Complete 
| 422|0x00000000dbc00000, 0x00000000dbd00000, 0x00000000dbd00000|100%|HC|  |TAMS 0x00000000dbd00000, 0x00000000dbd00000| Complete 
| 423|0x00000000dbd00000, 0x00000000dbe00000, 0x00000000dbe00000|100%|HC|  |TAMS 0x00000000dbe00000, 0x00000000dbe00000| Complete 
| 424|0x00000000dbe00000, 0x00000000dbf00000, 0x00000000dbf00000|100%|HC|  |TAMS 0x00000000dbf00000, 0x00000000dbf00000| Complete 
| 425|0x00000000dbf00000, 0x00000000dc000000, 0x00000000dc000000|100%|HC|  |TAMS 0x00000000dc000000, 0x00000000dc000000| Complete 
| 426|0x00000000dc000000, 0x00000000dc100000, 0x00000000dc100000|100%|HC|  |TAMS 0x00000000dc100000, 0x00000000dc100000| Complete 
| 427|0x00000000dc100000, 0x00000000dc200000, 0x00000000dc200000|100%|HC|  |TAMS 0x00000000dc200000, 0x00000000dc200000| Complete 
| 428|0x00000000dc200000, 0x00000000dc300000, 0x00000000dc300000|100%|HC|  |TAMS 0x00000000dc300000, 0x00000000dc300000| Complete 
| 429|0x00000000dc300000, 0x00000000dc400000, 0x00000000dc400000|100%|HC|  |TAMS 0x00000000dc400000, 0x00000000dc400000| Complete 
| 430|0x00000000dc400000, 0x00000000dc500000, 0x00000000dc500000|100%|HC|  |TAMS 0x00000000dc500000, 0x00000000dc500000| Complete 
| 431|0x00000000dc500000, 0x00000000dc500000, 0x00000000dc600000|  0%| F|  |TAMS 0x00000000dc500000, 0x00000000dc500000| Untracked 
| 432|0x00000000dc600000, 0x00000000dc600000, 0x00000000dc700000|  0%| F|  |TAMS 0x00000000dc600000, 0x00000000dc600000| Untracked 
| 433|0x00000000dc700000, 0x00000000dc700000, 0x00000000dc800000|  0%| F|  |TAMS 0x00000000dc700000, 0x00000000dc700000| Untracked 
| 434|0x00000000dc800000, 0x00000000dc800000, 0x00000000dc900000|  0%| F|  |TAMS 0x00000000dc800000, 0x00000000dc800000| Untracked 
| 435|0x00000000dc900000, 0x00000000dc900000, 0x00000000dca00000|  0%| F|  |TAMS 0x00000000dc900000, 0x00000000dc900000| Untracked 
| 436|0x00000000dca00000, 0x00000000dca00000, 0x00000000dcb00000|  0%| F|  |TAMS 0x00000000dca00000, 0x00000000dca00000| Untracked 
| 437|0x00000000dcb00000, 0x00000000dcb00000, 0x00000000dcc00000|  0%| F|  |TAMS 0x00000000dcb00000, 0x00000000dcb00000| Untracked 
| 438|0x00000000dcc00000, 0x00000000dcc00000, 0x00000000dcd00000|  0%| F|  |TAMS 0x00000000dcc00000, 0x00000000dcc00000| Untracked 
| 439|0x00000000dcd00000, 0x00000000dcd00000, 0x00000000dce00000|  0%| F|  |TAMS 0x00000000dcd00000, 0x00000000dcd00000| Untracked 
| 440|0x00000000dce00000, 0x00000000dce00000, 0x00000000dcf00000|  0%| F|  |TAMS 0x00000000dce00000, 0x00000000dce00000| Untracked 
| 441|0x00000000dcf00000, 0x00000000dcf00000, 0x00000000dd000000|  0%| F|  |TAMS 0x00000000dcf00000, 0x00000000dcf00000| Untracked 
| 442|0x00000000dd000000, 0x00000000dd000000, 0x00000000dd100000|  0%| F|  |TAMS 0x00000000dd000000, 0x00000000dd000000| Untracked 
| 443|0x00000000dd100000, 0x00000000dd100000, 0x00000000dd200000|  0%| F|  |TAMS 0x00000000dd100000, 0x00000000dd100000| Untracked 
| 444|0x00000000dd200000, 0x00000000dd200000, 0x00000000dd300000|  0%| F|  |TAMS 0x00000000dd200000, 0x00000000dd200000| Untracked 
| 445|0x00000000dd300000, 0x00000000dd300000, 0x00000000dd400000|  0%| F|  |TAMS 0x00000000dd300000, 0x00000000dd300000| Untracked 
| 446|0x00000000dd400000, 0x00000000dd400000, 0x00000000dd500000|  0%| F|  |TAMS 0x00000000dd400000, 0x00000000dd400000| Untracked 
| 447|0x00000000dd500000, 0x00000000dd500000, 0x00000000dd600000|  0%| F|  |TAMS 0x00000000dd500000, 0x00000000dd500000| Untracked 
| 448|0x00000000dd600000, 0x00000000dd600000, 0x00000000dd700000|  0%| F|  |TAMS 0x00000000dd600000, 0x00000000dd600000| Untracked 
| 449|0x00000000dd700000, 0x00000000dd700000, 0x00000000dd800000|  0%| F|  |TAMS 0x00000000dd700000, 0x00000000dd700000| Untracked 
| 450|0x00000000dd800000, 0x00000000dd800000, 0x00000000dd900000|  0%| F|  |TAMS 0x00000000dd800000, 0x00000000dd800000| Untracked 
| 451|0x00000000dd900000, 0x00000000dd900000, 0x00000000dda00000|  0%| F|  |TAMS 0x00000000dd900000, 0x00000000dd900000| Untracked 
| 452|0x00000000dda00000, 0x00000000dda00000, 0x00000000ddb00000|  0%| F|  |TAMS 0x00000000dda00000, 0x00000000dda00000| Untracked 
| 453|0x00000000ddb00000, 0x00000000ddb00000, 0x00000000ddc00000|  0%| F|  |TAMS 0x00000000ddb00000, 0x00000000ddb00000| Untracked 
| 454|0x00000000ddc00000, 0x00000000ddc00000, 0x00000000ddd00000|  0%| F|  |TAMS 0x00000000ddc00000, 0x00000000ddc00000| Untracked 
| 455|0x00000000ddd00000, 0x00000000ddd00000, 0x00000000dde00000|  0%| F|  |TAMS 0x00000000ddd00000, 0x00000000ddd00000| Untracked 
| 456|0x00000000dde00000, 0x00000000dde00000, 0x00000000ddf00000|  0%| F|  |TAMS 0x00000000dde00000, 0x00000000dde00000| Untracked 
| 457|0x00000000ddf00000, 0x00000000ddf00000, 0x00000000de000000|  0%| F|  |TAMS 0x00000000ddf00000, 0x00000000ddf00000| Untracked 
| 458|0x00000000de000000, 0x00000000de000000, 0x00000000de100000|  0%| F|  |TAMS 0x00000000de000000, 0x00000000de000000| Untracked 
| 459|0x00000000de100000, 0x00000000de100000, 0x00000000de200000|  0%| F|  |TAMS 0x00000000de100000, 0x00000000de100000| Untracked 
| 460|0x00000000de200000, 0x00000000de200000, 0x00000000de300000|  0%| F|  |TAMS 0x00000000de200000, 0x00000000de200000| Untracked 
| 461|0x00000000de300000, 0x00000000de300000, 0x00000000de400000|  0%| F|  |TAMS 0x00000000de300000, 0x00000000de300000| Untracked 
| 462|0x00000000de400000, 0x00000000de400000, 0x00000000de500000|  0%| F|  |TAMS 0x00000000de400000, 0x00000000de400000| Untracked 
| 463|0x00000000de500000, 0x00000000de500000, 0x00000000de600000|  0%| F|  |TAMS 0x00000000de500000, 0x00000000de500000| Untracked 
| 464|0x00000000de600000, 0x00000000de600000, 0x00000000de700000|  0%| F|  |TAMS 0x00000000de600000, 0x00000000de600000| Untracked 
| 465|0x00000000de700000, 0x00000000de700000, 0x00000000de800000|  0%| F|  |TAMS 0x00000000de700000, 0x00000000de700000| Untracked 
| 466|0x00000000de800000, 0x00000000de800000, 0x00000000de900000|  0%| F|  |TAMS 0x00000000de800000, 0x00000000de800000| Untracked 
| 467|0x00000000de900000, 0x00000000de900000, 0x00000000dea00000|  0%| F|  |TAMS 0x00000000de900000, 0x00000000de900000| Untracked 
| 468|0x00000000dea00000, 0x00000000dea00000, 0x00000000deb00000|  0%| F|  |TAMS 0x00000000dea00000, 0x00000000dea00000| Untracked 
| 469|0x00000000deb00000, 0x00000000deb00000, 0x00000000dec00000|  0%| F|  |TAMS 0x00000000deb00000, 0x00000000deb00000| Untracked 
| 470|0x00000000dec00000, 0x00000000dec00000, 0x00000000ded00000|  0%| F|  |TAMS 0x00000000dec00000, 0x00000000dec00000| Untracked 
| 471|0x00000000ded00000, 0x00000000ded00000, 0x00000000dee00000|  0%| F|  |TAMS 0x00000000ded00000, 0x00000000ded00000| Untracked 
| 472|0x00000000dee00000, 0x00000000dee00000, 0x00000000def00000|  0%| F|  |TAMS 0x00000000dee00000, 0x00000000dee00000| Untracked 
| 473|0x00000000def00000, 0x00000000def00000, 0x00000000df000000|  0%| F|  |TAMS 0x00000000def00000, 0x00000000def00000| Untracked 
| 474|0x00000000df000000, 0x00000000df000000, 0x00000000df100000|  0%| F|  |TAMS 0x00000000df000000, 0x00000000df000000| Untracked 
| 475|0x00000000df100000, 0x00000000df100000, 0x00000000df200000|  0%| F|  |TAMS 0x00000000df100000, 0x00000000df100000| Untracked 
| 476|0x00000000df200000, 0x00000000df200000, 0x00000000df300000|  0%| F|  |TAMS 0x00000000df200000, 0x00000000df200000| Untracked 
| 477|0x00000000df300000, 0x00000000df300000, 0x00000000df400000|  0%| F|  |TAMS 0x00000000df300000, 0x00000000df300000| Untracked 
| 478|0x00000000df400000, 0x00000000df400000, 0x00000000df500000|  0%| F|  |TAMS 0x00000000df400000, 0x00000000df400000| Untracked 
| 479|0x00000000df500000, 0x00000000df500000, 0x00000000df600000|  0%| F|  |TAMS 0x00000000df500000, 0x00000000df500000| Untracked 
| 480|0x00000000df600000, 0x00000000df600000, 0x00000000df700000|  0%| F|  |TAMS 0x00000000df600000, 0x00000000df600000| Untracked 
| 481|0x00000000df700000, 0x00000000df700000, 0x00000000df800000|  0%| F|  |TAMS 0x00000000df700000, 0x00000000df700000| Untracked 
| 482|0x00000000df800000, 0x00000000df800000, 0x00000000df900000|  0%| F|  |TAMS 0x00000000df800000, 0x00000000df800000| Untracked 
| 483|0x00000000df900000, 0x00000000df900000, 0x00000000dfa00000|  0%| F|  |TAMS 0x00000000df900000, 0x00000000df900000| Untracked 
| 484|0x00000000dfa00000, 0x00000000dfa00000, 0x00000000dfb00000|  0%| F|  |TAMS 0x00000000dfa00000, 0x00000000dfa00000| Untracked 
| 485|0x00000000dfb00000, 0x00000000dfb00000, 0x00000000dfc00000|  0%| F|  |TAMS 0x00000000dfb00000, 0x00000000dfb00000| Untracked 
| 486|0x00000000dfc00000, 0x00000000dfc00000, 0x00000000dfd00000|  0%| F|  |TAMS 0x00000000dfc00000, 0x00000000dfc00000| Untracked 
| 487|0x00000000dfd00000, 0x00000000dfd00000, 0x00000000dfe00000|  0%| F|  |TAMS 0x00000000dfd00000, 0x00000000dfd00000| Untracked 
| 488|0x00000000dfe00000, 0x00000000dfe00000, 0x00000000dff00000|  0%| F|  |TAMS 0x00000000dfe00000, 0x00000000dfe00000| Untracked 
| 489|0x00000000dff00000, 0x00000000dff00000, 0x00000000e0000000|  0%| F|  |TAMS 0x00000000dff00000, 0x00000000dff00000| Untracked 
| 490|0x00000000e0000000, 0x00000000e0000000, 0x00000000e0100000|  0%| F|  |TAMS 0x00000000e0000000, 0x00000000e0000000| Untracked 
| 491|0x00000000e0100000, 0x00000000e0100000, 0x00000000e0200000|  0%| F|  |TAMS 0x00000000e0100000, 0x00000000e0100000| Untracked 
| 492|0x00000000e0200000, 0x00000000e0200000, 0x00000000e0300000|  0%| F|  |TAMS 0x00000000e0200000, 0x00000000e0200000| Untracked 
| 493|0x00000000e0300000, 0x00000000e0300000, 0x00000000e0400000|  0%| F|  |TAMS 0x00000000e0300000, 0x00000000e0300000| Untracked 
| 494|0x00000000e0400000, 0x00000000e0400000, 0x00000000e0500000|  0%| F|  |TAMS 0x00000000e0400000, 0x00000000e0400000| Untracked 
| 495|0x00000000e0500000, 0x00000000e0500000, 0x00000000e0600000|  0%| F|  |TAMS 0x00000000e0500000, 0x00000000e0500000| Untracked 
| 496|0x00000000e0600000, 0x00000000e0600000, 0x00000000e0700000|  0%| F|  |TAMS 0x00000000e0600000, 0x00000000e0600000| Untracked 
| 497|0x00000000e0700000, 0x00000000e0700000, 0x00000000e0800000|  0%| F|  |TAMS 0x00000000e0700000, 0x00000000e0700000| Untracked 
| 498|0x00000000e0800000, 0x00000000e0800000, 0x00000000e0900000|  0%| F|  |TAMS 0x00000000e0800000, 0x00000000e0800000| Untracked 
| 499|0x00000000e0900000, 0x00000000e0900000, 0x00000000e0a00000|  0%| F|  |TAMS 0x00000000e0900000, 0x00000000e0900000| Untracked 
| 500|0x00000000e0a00000, 0x00000000e0a00000, 0x00000000e0b00000|  0%| F|  |TAMS 0x00000000e0a00000, 0x00000000e0a00000| Untracked 
| 501|0x00000000e0b00000, 0x00000000e0b00000, 0x00000000e0c00000|  0%| F|  |TAMS 0x00000000e0b00000, 0x00000000e0b00000| Untracked 
| 502|0x00000000e0c00000, 0x00000000e0c00000, 0x00000000e0d00000|  0%| F|  |TAMS 0x00000000e0c00000, 0x00000000e0c00000| Untracked 
| 503|0x00000000e0d00000, 0x00000000e0d00000, 0x00000000e0e00000|  0%| F|  |TAMS 0x00000000e0d00000, 0x00000000e0d00000| Untracked 
| 504|0x00000000e0e00000, 0x00000000e0e00000, 0x00000000e0f00000|  0%| F|  |TAMS 0x00000000e0e00000, 0x00000000e0e00000| Untracked 
| 505|0x00000000e0f00000, 0x00000000e0f00000, 0x00000000e1000000|  0%| F|  |TAMS 0x00000000e0f00000, 0x00000000e0f00000| Untracked 
| 506|0x00000000e1000000, 0x00000000e1000000, 0x00000000e1100000|  0%| F|  |TAMS 0x00000000e1000000, 0x00000000e1000000| Untracked 
| 507|0x00000000e1100000, 0x00000000e1100000, 0x00000000e1200000|  0%| F|  |TAMS 0x00000000e1100000, 0x00000000e1100000| Untracked 
| 508|0x00000000e1200000, 0x00000000e1200000, 0x00000000e1300000|  0%| F|  |TAMS 0x00000000e1200000, 0x00000000e1200000| Untracked 
| 509|0x00000000e1300000, 0x00000000e1300000, 0x00000000e1400000|  0%| F|  |TAMS 0x00000000e1300000, 0x00000000e1300000| Untracked 
| 510|0x00000000e1400000, 0x00000000e1400000, 0x00000000e1500000|  0%| F|  |TAMS 0x00000000e1400000, 0x00000000e1400000| Untracked 
| 511|0x00000000e1500000, 0x00000000e1500000, 0x00000000e1600000|  0%| F|  |TAMS 0x00000000e1500000, 0x00000000e1500000| Untracked 
| 512|0x00000000e1600000, 0x00000000e1600000, 0x00000000e1700000|  0%| F|  |TAMS 0x00000000e1600000, 0x00000000e1600000| Untracked 
| 513|0x00000000e1700000, 0x00000000e17733f0, 0x00000000e1800000| 45%| S|CS|TAMS 0x00000000e1700000, 0x00000000e1700000| Complete 
| 514|0x00000000e1800000, 0x00000000e1800000, 0x00000000e1900000|  0%| F|  |TAMS 0x00000000e1800000, 0x00000000e1800000| Untracked 

Card table byte_map: [0x0000029cf5320000,0x0000029cf5520000] _byte_map_base: 0x0000029cf4d15000

Marking Bits (Prev, Next): (CMBitMap*) 0x0000029cecc50f98, (CMBitMap*) 0x0000029cecc50fd8
 Prev Bits: [0x0000029cf5720000, 0x0000029cf66c8000)
 Next Bits: [0x0000029cf66d0000, 0x0000029cf7678000)

Polling page: 0x0000029ceaa20000

Metaspace:

Usage:
  Non-class:     21.51 MB capacity,    21.21 MB ( 99%) used,   257.95 KB (  1%) free+waste,    50.25 KB ( <1%) overhead. 
      Class:      2.85 MB capacity,     2.70 MB ( 95%) used,   133.06 KB (  5%) free+waste,    24.19 KB ( <1%) overhead. 
       Both:     24.37 MB capacity,    23.91 MB ( 98%) used,   391.01 KB (  2%) free+waste,    74.44 KB ( <1%) overhead. 

Virtual space:
  Non-class space:       22.00 MB reserved,      21.75 MB ( 99%) committed 
      Class space:        1.00 GB reserved,       2.88 MB ( <1%) committed 
             Both:        1.02 GB reserved,      24.63 MB (  2%) committed 

Chunk freelists:
   Non-Class:  51.00 KB
       Class:  23.00 KB
        Both:  74.00 KB

MaxMetaspaceSize: 17179869184.00 GB
CompressedClassSpaceSize: 1.00 GB

CodeHeap 'non-profiled nmethods': size=120000Kb used=1099Kb max_used=1099Kb free=118900Kb
 bounds [0x0000029c87ad0000, 0x0000029c87d40000, 0x0000029c8f000000]
CodeHeap 'profiled nmethods': size=120000Kb used=5654Kb max_used=5654Kb free=114345Kb
 bounds [0x0000029c805a0000, 0x0000029c80b30000, 0x0000029c87ad0000]
CodeHeap 'non-nmethods': size=5760Kb used=1440Kb max_used=1461Kb free=4319Kb
 bounds [0x0000029c80000000, 0x0000029c80270000, 0x0000029c805a0000]
 total_blobs=4580 nmethods=2637 adapters=674
 compilation: enabled
              stopped_count=0, restarted_count=0
 full_count=0

Compilation events (20 events):
Event: 14.260 Thread 0x0000029cf9c4d800 2904       3       sun.awt.image.ImageWatched$Link::removeWatcher (2 bytes)
Event: 14.260 Thread 0x0000029cf9c4d800 nmethod 2904 0x0000029c8065ad90 code [0x0000029c8065af20, 0x0000029c8065b098]
Event: 14.315 Thread 0x0000029cf9c4d800 2906       3       jdk.internal.loader.URLClassPath$JarLoader$2::getContentLength (9 bytes)
Event: 14.316 Thread 0x0000029cf9c4d800 nmethod 2906 0x0000029c80b27510 code [0x0000029c80b276c0, 0x0000029c80b278f8]
Event: 14.316 Thread 0x0000029cf9c4d800 2907   !   3       java.util.jar.JarFile$JarFileEntry::getCodeSigners (81 bytes)
Event: 14.316 Thread 0x0000029cf9c4d800 nmethod 2907 0x0000029c80b27990 code [0x0000029c80b27ba0, 0x0000029c80b28210]
Event: 14.384 Thread 0x0000029cf9c34800 nmethod 2893 0x0000029c87bd5890 code [0x0000029c87bd5ce0, 0x0000029c87bd94a8]
Event: 14.384 Thread 0x0000029cf9c34800 2903       4       sun.awt.image.PNGImageDecoder::update_crc (41 bytes)
Event: 14.388 Thread 0x0000029cf9c34800 nmethod 2903 0x0000029c87bdb110 code [0x0000029c87bdb2a0, 0x0000029c87bdb458]
Event: 14.388 Thread 0x0000029cf9c34800 2908       4       sun.font.FontDesignMetrics::getDefaultFrc (53 bytes)
Event: 14.389 Thread 0x0000029cf9c34800 nmethod 2908 0x0000029c87bdb510 code [0x0000029c87bdb6a0, 0x0000029c87bdb718]
Event: 14.389 Thread 0x0000029cf9c34800 2897       4       javax.swing.text.html.StyleSheet$SmallConversionSet::getAttribute (58 bytes)
Event: 14.396 Thread 0x0000029cf9c4d800 2909       3       java.lang.Float::<init> (10 bytes)
Event: 14.396 Thread 0x0000029cf9c4d800 nmethod 2909 0x0000029c80b28410 code [0x0000029c80b285c0, 0x0000029c80b287f8]
Event: 14.401 Thread 0x0000029cf9c34800 nmethod 2897 0x0000029c87bdbb10 code [0x0000029c87bdbd00, 0x0000029c87bdc4e8]
Event: 14.401 Thread 0x0000029cf9c34800 2900       4       javax.swing.text.GapContent$MarkData::getOffset (46 bytes)
Event: 14.402 Thread 0x0000029cf9c34800 nmethod 2900 0x0000029c87bdc990 code [0x0000029c87bdcb20, 0x0000029c87bdcbb8]
Event: 14.402 Thread 0x0000029cf9c34800 2890  s    4       java.util.Vector::addElement (24 bytes)
Event: 14.405 Thread 0x0000029cf9c34800 nmethod 2890 0x0000029c87bdcc90 code [0x0000029c87bdce20, 0x0000029c87bdd288]
Event: 14.405 Thread 0x0000029cf9c34800 2899       4       java.awt.Font::getStringBounds (213 bytes)

GC Heap History (20 events):
Event: 3.392 GC heap before
{Heap before GC invocations=5 (full 0):
 garbage-first heap   total 48128K, used 13677K [0x00000000c1600000, 0x0000000100000000)
  region size 1024K, 5 young (5120K), 3 survivors (3072K)
 Metaspace       used 21135K, capacity 21615K, committed 21760K, reserved 1069056K
  class space    used 2390K, capacity 2534K, committed 2560K, reserved 1048576K
}
Event: 3.395 GC heap after
{Heap after GC invocations=6 (full 0):
 garbage-first heap   total 58368K, used 12978K [0x00000000c1600000, 0x0000000100000000)
  region size 1024K, 1 young (1024K), 1 survivors (1024K)
 Metaspace       used 21135K, capacity 21615K, committed 21760K, reserved 1069056K
  class space    used 2390K, capacity 2534K, committed 2560K, reserved 1048576K
}
Event: 3.800 GC heap before
{Heap before GC invocations=7 (full 0):
 garbage-first heap   total 322560K, used 205490K [0x00000000c1600000, 0x0000000100000000)
  region size 1024K, 16 young (16384K), 1 survivors (1024K)
 Metaspace       used 21136K, capacity 21615K, committed 21760K, reserved 1069056K
  class space    used 2390K, capacity 2534K, committed 2560K, reserved 1048576K
}
Event: 3.801 GC heap after
{Heap after GC invocations=8 (full 0):
 garbage-first heap   total 322560K, used 191049K [0x00000000c1600000, 0x0000000100000000)
  region size 1024K, 1 young (1024K), 1 survivors (1024K)
 Metaspace       used 21136K, capacity 21615K, committed 21760K, reserved 1069056K
  class space    used 2390K, capacity 2534K, committed 2560K, reserved 1048576K
}
Event: 4.161 GC heap before
{Heap before GC invocations=8 (full 0):
 garbage-first heap   total 322560K, used 227913K [0x00000000c1600000, 0x0000000100000000)
  region size 1024K, 38 young (38912K), 1 survivors (1024K)
 Metaspace       used 21136K, capacity 21615K, committed 21760K, reserved 1069056K
  class space    used 2390K, capacity 2534K, committed 2560K, reserved 1048576K
}
Event: 4.162 GC heap after
{Heap after GC invocations=9 (full 0):
 garbage-first heap   total 322560K, used 191054K [0x00000000c1600000, 0x0000000100000000)
  region size 1024K, 1 young (1024K), 1 survivors (1024K)
 Metaspace       used 21136K, capacity 21615K, committed 21760K, reserved 1069056K
  class space    used 2390K, capacity 2534K, committed 2560K, reserved 1048576K
}
Event: 4.922 GC heap before
{Heap before GC invocations=10 (full 0):
 garbage-first heap   total 324608K, used 245326K [0x00000000c1600000, 0x0000000100000000)
  region size 1024K, 55 young (56320K), 1 survivors (1024K)
 Metaspace       used 21136K, capacity 21615K, committed 21760K, reserved 1069056K
  class space    used 2390K, capacity 2534K, committed 2560K, reserved 1048576K
}
Event: 4.923 GC heap after
{Heap after GC invocations=11 (full 0):
 garbage-first heap   total 324608K, used 191052K [0x00000000c1600000, 0x0000000100000000)
  region size 1024K, 1 young (1024K), 1 survivors (1024K)
 Metaspace       used 21136K, capacity 21615K, committed 21760K, reserved 1069056K
  class space    used 2390K, capacity 2534K, committed 2560K, reserved 1048576K
}
Event: 5.420 GC heap before
{Heap before GC invocations=11 (full 0):
 garbage-first heap   total 324608K, used 257612K [0x00000000c1600000, 0x0000000100000000)
  region size 1024K, 67 young (68608K), 1 survivors (1024K)
 Metaspace       used 21136K, capacity 21615K, committed 21760K, reserved 1069056K
  class space    used 2390K, capacity 2534K, committed 2560K, reserved 1048576K
}
Event: 5.421 GC heap after
{Heap after GC invocations=12 (full 0):
 garbage-first heap   total 324608K, used 191049K [0x00000000c1600000, 0x0000000100000000)
  region size 1024K, 1 young (1024K), 1 survivors (1024K)
 Metaspace       used 21136K, capacity 21615K, committed 21760K, reserved 1069056K
  class space    used 2390K, capacity 2534K, committed 2560K, reserved 1048576K
}
Event: 12.455 GC heap before
{Heap before GC invocations=13 (full 0):
 garbage-first heap   total 326656K, used 208457K [0x00000000c1600000, 0x0000000100000000)
  region size 1024K, 20 young (20480K), 1 survivors (1024K)
 Metaspace       used 23700K, capacity 24122K, committed 24320K, reserved 1071104K
  class space    used 2661K, capacity 2816K, committed 2816K, reserved 1048576K
}
Event: 12.468 GC heap after
{Heap after GC invocations=14 (full 0):
 garbage-first heap   total 326656K, used 193196K [0x00000000c1600000, 0x0000000100000000)
  region size 1024K, 3 young (3072K), 3 survivors (3072K)
 Metaspace       used 23700K, capacity 24122K, committed 24320K, reserved 1071104K
  class space    used 2661K, capacity 2816K, committed 2816K, reserved 1048576K
}
Event: 13.432 GC heap before
{Heap before GC invocations=15 (full 0):
 garbage-first heap   total 527360K, used 366252K [0x00000000c1600000, 0x0000000100000000)
  region size 1024K, 60 young (61440K), 3 survivors (3072K)
 Metaspace       used 23702K, capacity 24122K, committed 24320K, reserved 1071104K
  class space    used 2661K, capacity 2816K, committed 2816K, reserved 1048576K
}
Event: 13.436 GC heap after
{Heap after GC invocations=16 (full 0):
 garbage-first heap   total 527360K, used 307904K [0x00000000c1600000, 0x0000000100000000)
  region size 1024K, 3 young (3072K), 3 survivors (3072K)
 Metaspace       used 23702K, capacity 24122K, committed 24320K, reserved 1071104K
  class space    used 2661K, capacity 2816K, committed 2816K, reserved 1048576K
}
Event: 14.157 GC heap before
{Heap before GC invocations=16 (full 0):
 garbage-first heap   total 527360K, used 366272K [0x00000000c1600000, 0x0000000100000000)
  region size 1024K, 61 young (62464K), 3 survivors (3072K)
 Metaspace       used 24207K, capacity 24686K, committed 24960K, reserved 1071104K
  class space    used 2731K, capacity 2918K, committed 2944K, reserved 1048576K
}
Event: 14.182 GC heap after
{Heap after GC invocations=17 (full 1):
 garbage-first heap   total 527360K, used 306100K [0x00000000c1600000, 0x0000000100000000)
  region size 1024K, 0 young (0K), 0 survivors (0K)
 Metaspace       used 24207K, capacity 24686K, committed 24960K, reserved 1071104K
  class space    used 2731K, capacity 2918K, committed 2944K, reserved 1048576K
}
Event: 14.305 GC heap before
{Heap before GC invocations=17 (full 1):
 garbage-first heap   total 527360K, used 307124K [0x00000000c1600000, 0x0000000100000000)
  region size 1024K, 2 young (2048K), 0 survivors (0K)
 Metaspace       used 24288K, capacity 24750K, committed 24960K, reserved 1071104K
  class space    used 2740K, capacity 2918K, committed 2944K, reserved 1048576K
}
Event: 14.307 GC heap after
{Heap after GC invocations=18 (full 1):
 garbage-first heap   total 527360K, used 306698K [0x00000000c1600000, 0x0000000100000000)
  region size 1024K, 1 young (1024K), 1 survivors (1024K)
 Metaspace       used 24288K, capacity 24750K, committed 24960K, reserved 1071104K
  class space    used 2740K, capacity 2918K, committed 2944K, reserved 1048576K
}
Event: 14.399 GC heap before
{Heap before GC invocations=19 (full 1):
 garbage-first heap   total 527360K, used 310794K [0x00000000c1600000, 0x0000000100000000)
  region size 1024K, 2 young (2048K), 1 survivors (1024K)
 Metaspace       used 24484K, capacity 24950K, committed 25216K, reserved 1071104K
  class space    used 2763K, capacity 2921K, committed 2944K, reserved 1048576K
}
Event: 14.401 GC heap after
{Heap after GC invocations=20 (full 1):
 garbage-first heap   total 527360K, used 310657K [0x00000000c1600000, 0x0000000100000000)
  region size 1024K, 1 young (1024K), 1 survivors (1024K)
 Metaspace       used 24484K, capacity 24950K, committed 25216K, reserved 1071104K
  class space    used 2763K, capacity 2921K, committed 2944K, reserved 1048576K
}

Deoptimization events (20 events):
Event: 12.881 Thread 0x0000029cfbc25800 DEOPT PACKING pc=0x0000029c87b8ffbc sp=0x000000c7594ff150
Event: 12.881 Thread 0x0000029cfbc25800 DEOPT UNPACKING pc=0x0000029c8004912f sp=0x000000c7594ff098 mode 2
Event: 12.883 Thread 0x0000029cfbc25800 Uncommon trap: trap_request=0xffffffc6 fr.pc=0x0000029c87b8ffbc relative=0x000000000000177c
Event: 12.883 Thread 0x0000029cfbc25800 Uncommon trap: reason=bimorphic_or_optimized_type_check action=maybe_recompile pc=0x0000029c87b8ffbc method=java.io.BufferedInputStream.read1([BII)I @ 39 c2
Event: 12.883 Thread 0x0000029cfbc25800 DEOPT PACKING pc=0x0000029c87b8ffbc sp=0x000000c7594ff150
Event: 12.884 Thread 0x0000029cfbc25800 DEOPT UNPACKING pc=0x0000029c8004912f sp=0x000000c7594ff098 mode 2
Event: 14.042 Thread 0x0000029cfab06000 Uncommon trap: trap_request=0xffffff45 fr.pc=0x0000029c87bcc850 relative=0x0000000000001ed0
Event: 14.042 Thread 0x0000029cfab06000 Uncommon trap: reason=unstable_if action=reinterpret pc=0x0000029c87bcc850 method=sun.font.FontDesignMetrics$MetricsKey.equals(Ljava/lang/Object;)Z @ 23 c2
Event: 14.042 Thread 0x0000029cfab06000 DEOPT PACKING pc=0x0000029c87bcc850 sp=0x000000c758dfdf90
Event: 14.042 Thread 0x0000029cfab06000 DEOPT UNPACKING pc=0x0000029c8004912f sp=0x000000c758dfde30 mode 2
Event: 14.043 Thread 0x0000029cfab06000 Uncommon trap: trap_request=0xffffff45 fr.pc=0x0000029c87b3940c relative=0x000000000000024c
Event: 14.043 Thread 0x0000029cfab06000 Uncommon trap: reason=unstable_if action=reinterpret pc=0x0000029c87b3940c method=java.util.concurrent.ConcurrentHashMap.get(Ljava/lang/Object;)Ljava/lang/Object; @ 76 c2
Event: 14.043 Thread 0x0000029cfab06000 DEOPT PACKING pc=0x0000029c87b3940c sp=0x000000c758dfd970
Event: 14.043 Thread 0x0000029cfab06000 DEOPT UNPACKING pc=0x0000029c8004912f sp=0x000000c758dfd8e8 mode 2
Event: 14.067 Thread 0x0000029cfb063000 Uncommon trap: trap_request=0xffffff45 fr.pc=0x0000029c87b29da4 relative=0x00000000000005e4
Event: 14.067 Thread 0x0000029cfb063000 Uncommon trap: reason=unstable_if action=reinterpret pc=0x0000029c87b29da4 method=java.lang.AbstractStringBuilder.append(Ljava/lang/String;)Ljava/lang/AbstractStringBuilder; @ 1 c2
Event: 14.067 Thread 0x0000029cfb063000 DEOPT PACKING pc=0x0000029c87b29da4 sp=0x000000c7596ff060
Event: 14.067 Thread 0x0000029cfb063000 DEOPT UNPACKING pc=0x0000029c8004912f sp=0x000000c7596fefe0 mode 2
Event: 14.259 Thread 0x0000029cfbc25800 DEOPT PACKING pc=0x0000029c809fb044 sp=0x000000c7594ff070
Event: 14.259 Thread 0x0000029cfbc25800 DEOPT UNPACKING pc=0x0000029c8004964e sp=0x000000c7594fe510 mode 0

Classes unloaded (0 events):
No events

Classes redefined (0 events):
No events

Internal exceptions (20 events):
Event: 1.355 Thread 0x0000029cfab06000 Exception <a 'java/lang/NoSuchMethodError'{0x00000000c4f91f50}: 'java.lang.Object java.lang.invoke.DirectMethodHandle$Holder.invokeStaticInit(java.lang.Object, int, int, int, int)'> (0x00000000c4f91f50) 
thrown [t:/workspace/open/src/hotspot/share/interpreter/linkResolver.cpp, line 767]
Event: 1.357 Thread 0x0000029cfab06000 Exception <a 'sun/nio/fs/WindowsException'{0x00000000c4f97c88}> (0x00000000c4f97c88) 
thrown [t:/workspace/open/src/hotspot/share/prims/jni.cpp, line 598]
Event: 1.359 Thread 0x0000029cfab06000 Exception <a 'java/lang/NoSuchMethodError'{0x00000000c4f99ac0}: 'int java.lang.invoke.DirectMethodHandle$Holder.invokeSpecialIFC(java.lang.Object, java.lang.Object, int)'> (0x00000000c4f99ac0) 
thrown [t:/workspace/open/src/hotspot/share/interpreter/linkResolver.cpp, line 767]
Event: 1.372 Thread 0x0000029cfab06000 Exception <a 'java/lang/NoSuchMethodError'{0x00000000c4fc1fc0}: 'int java.lang.invoke.DirectMethodHandle$Holder.invokeStaticInit(java.lang.Object, java.lang.Object, java.lang.Object, java.lang.Object)'> (0x00000000c4fc1fc0) 
thrown [t:/workspace/open/src/hotspot/share/interpreter/linkResolver.cpp, line 767]
Event: 1.373 Thread 0x0000029cfab06000 Exception <a 'java/lang/IncompatibleClassChangeError'{0x00000000c4fcaa70}: Found class java.lang.Object, but interface was expected> (0x00000000c4fcaa70) 
thrown [t:/workspace/open/src/hotspot/share/interpreter/linkResolver.cpp, line 833]
Event: 1.374 Thread 0x0000029cfab06000 Exception <a 'java/lang/NoSuchMethodError'{0x00000000c4fcd828}: 'void java.lang.invoke.DirectMethodHandle$Holder.invokeStaticInit(java.lang.Object, java.lang.Object)'> (0x00000000c4fcd828) 
thrown [t:/workspace/open/src/hotspot/share/interpreter/linkResolver.cpp, line 767]
Event: 1.375 Thread 0x0000029cfab06000 Exception <a 'java/lang/NoSuchMethodError'{0x00000000c4fd2eb8}: 'int java.lang.invoke.DirectMethodHandle$Holder.invokeStaticInit(java.lang.Object, java.lang.Object)'> (0x00000000c4fd2eb8) 
thrown [t:/workspace/open/src/hotspot/share/interpreter/linkResolver.cpp, line 767]
Event: 2.016 Thread 0x0000029cfab06000 Exception <a 'java/lang/NoSuchMethodError'{0x00000000c4dca578}: 'java.lang.Object java.lang.invoke.DirectMethodHandle$Holder.invokeStaticInit(java.lang.Object, java.lang.Object, int, int, int, int)'> (0x00000000c4dca578) 
thrown [t:/workspace/open/src/hotspot/share/interpreter/linkResolver.cpp, line 767]
Event: 2.296 Thread 0x0000029cfab06000 Exception <a 'java/lang/NullPointerException'{0x00000000c4b61b78}> (0x00000000c4b61b78) 
thrown [t:/workspace/open/src/hotspot/share/interpreter/linkResolver.cpp, line 1349]
Event: 2.296 Thread 0x0000029cfab06000 Exception <a 'java/lang/reflect/InvocationTargetException'{0x00000000c4b657a8}> (0x00000000c4b657a8) 
thrown [t:/workspace/open/src/hotspot/share/runtime/reflection.cpp, line 1188]
Event: 2.346 Thread 0x0000029cfab06000 Exception <a 'java/lang/NoSuchMethodError'{0x00000000c4abc208}: 'java.lang.Object java.lang.invoke.DirectMethodHandle$Holder.invokeVirtual(java.lang.Object, java.lang.Object, java.lang.Object)'> (0x00000000c4abc208) 
thrown [t:/workspace/open/src/hotspot/share/interpreter/linkResolver.cpp, line 767]
Event: 2.884 Thread 0x0000029cfab06000 Implicit null exception at 0x0000029c87b52105 to 0x0000029c87b52582
Event: 2.885 Thread 0x0000029cfab06000 Implicit null exception at 0x0000029c87b04faf to 0x0000029c87b0502d
Event: 2.901 Thread 0x0000029cfab06000 Exception <a 'sun/nio/fs/WindowsException'{0x00000000c53b2208}> (0x00000000c53b2208) 
thrown [t:/workspace/open/src/hotspot/share/prims/jni.cpp, line 598]
Event: 2.944 Thread 0x0000029cfab06000 Exception <a 'java/net/UnknownHostException'{0x00000000c53ca070}> (0x00000000c53ca070) 
thrown [t:/workspace/open/src/hotspot/share/prims/jni.cpp, line 598]
Event: 3.089 Thread 0x0000029cfab06000 Exception <a 'java/lang/NoSuchMethodError'{0x00000000c501eb48}: 'java.lang.Object java.lang.invoke.DirectMethodHandle$Holder.invokeVirtual(java.lang.Object, java.lang.Object, java.lang.Object, java.lang.Object)'> (0x00000000c501eb48) 
thrown [t:/workspace/open/src/hotspot/share/interpreter/linkResolver.cpp, line 767]
Event: 3.121 Thread 0x0000029cfab06000 Exception <a 'java/lang/NoSuchMethodError'{0x00000000c509e188}: 'void java.lang.invoke.DirectMethodHandle$Holder.invokeVirtual(java.lang.Object, java.lang.Object)'> (0x00000000c509e188) 
thrown [t:/workspace/open/src/hotspot/share/interpreter/linkResolver.cpp, line 767]
Event: 12.288 Thread 0x0000029cfab06000 Exception <a 'java/lang/NoSuchMethodError'{0x00000000d4467a50}: 'void java.lang.invoke.DirectMethodHandle$Holder.invokeStaticInit(java.lang.Object)'> (0x00000000d4467a50) 
thrown [t:/workspace/open/src/hotspot/share/interpreter/linkResolver.cpp, line 767]
Event: 12.420 Thread 0x0000029cfab06000 Exception <a 'java/lang/NoSuchMethodError'{0x00000000d43cdd38}: 'java.lang.Object java.lang.invoke.Invokers$Holder.linkToTargetMethod(java.lang.Object, int, java.lang.Object)'> (0x00000000d43cdd38) 
thrown [t:/workspace/open/src/hotspot/share/interpreter/linkResolver.cpp, line 767]
Event: 14.067 Thread 0x0000029cfb063000 Implicit null exception at 0x0000029c87b29804 to 0x0000029c87b29d8e

Events (20 events):
Event: 14.392 loading class sun/awt/geom/AreaOp$SubOp
Event: 14.392 loading class sun/awt/geom/AreaOp$CAGOp
Event: 14.392 loading class sun/awt/geom/AreaOp$CAGOp done
Event: 14.392 loading class sun/awt/geom/AreaOp$SubOp done
Event: 14.392 loading class java/awt/geom/AreaIterator
Event: 14.393 loading class java/awt/geom/AreaIterator done
Event: 14.395 loading class com/formdev/flatlaf/util/JavaCompatibility
Event: 14.395 loading class com/formdev/flatlaf/util/JavaCompatibility done
Event: 14.397 loading class com/formdev/flatlaf/util/MultiResolutionImageSupport
Event: 14.397 loading class com/formdev/flatlaf/util/MultiResolutionImageSupport done
Event: 14.397 loading class com/formdev/flatlaf/util/MultiResolutionImageSupport$MappedMultiResolutionImage
Event: 14.397 loading class com/formdev/flatlaf/util/MultiResolutionImageSupport$MappedMultiResolutionImage done
Event: 14.398 loading class java/awt/image/AbstractMultiResolutionImage
Event: 14.398 loading class java/awt/image/AbstractMultiResolutionImage done
Event: 14.398 loading class java/awt/image/BaseMultiResolutionImage
Event: 14.398 loading class java/awt/image/BaseMultiResolutionImage done
Event: 14.398 loading class com/formdev/flatlaf/util/MultiResolutionImageSupport$ProducerMultiResolutionImage
Event: 14.398 loading class com/formdev/flatlaf/util/MultiResolutionImageSupport$ProducerMultiResolutionImage done
Event: 14.399 Executing VM operation: G1CollectForAllocation
Event: 14.401 Executing VM operation: G1CollectForAllocation done


Dynamic libraries:
0x00007ff635f70000 - 0x00007ff635f7f000 	C:\Program Files\Java\jdk-13.0.2\bin\javaw.exe
0x00007fff59a20000 - 0x00007fff59c10000 	C:\Windows\SYSTEM32\ntdll.dll
0x00007fff588d0000 - 0x00007fff58982000 	C:\Windows\System32\KERNEL32.DLL
0x00007fff57530000 - 0x00007fff577d5000 	C:\Windows\System32\KERNELBASE.dll
0x00007fff57430000 - 0x00007fff5752a000 	C:\Windows\System32\ucrtbase.dll
0x00007fff4b470000 - 0x00007fff4b485000 	C:\Program Files\Java\jdk-13.0.2\bin\VCRUNTIME140.dll
0x00007fff48880000 - 0x00007fff48898000 	C:\Program Files\Java\jdk-13.0.2\bin\jli.dll
0x00007fff581c0000 - 0x00007fff58263000 	C:\Windows\System32\ADVAPI32.dll
0x00007fff58630000 - 0x00007fff586ce000 	C:\Windows\System32\msvcrt.dll
0x00007fff583b0000 - 0x00007fff58447000 	C:\Windows\System32\sechost.dll
0x00007fff57c50000 - 0x00007fff57d6f000 	C:\Windows\System32\RPCRT4.dll
0x00007fff58730000 - 0x00007fff588c4000 	C:\Windows\System32\USER32.dll
0x00007fff571a0000 - 0x00007fff571c1000 	C:\Windows\System32\win32u.dll
0x00007fff47310000 - 0x00007fff47594000 	C:\Windows\WinSxS\amd64_microsoft.windows.common-controls_6595b64144ccf1df_6.0.18362.1556_none_9e7e372fe45e41d5\COMCTL32.dll
0x00007fff58160000 - 0x00007fff58186000 	C:\Windows\System32\GDI32.dll
0x00007fff58f50000 - 0x00007fff59286000 	C:\Windows\System32\combase.dll
0x00007fff57830000 - 0x00007fff579c8000 	C:\Windows\System32\gdi32full.dll
0x00007fff57230000 - 0x00007fff572ce000 	C:\Windows\System32\msvcp_win.dll
0x00007fff56960000 - 0x00007fff569e1000 	C:\Windows\System32\bcryptPrimitives.dll
0x00007fff47f50000 - 0x00007fff47f5a000 	C:\Windows\SYSTEM32\VERSION.dll
0x00007fff58190000 - 0x00007fff581be000 	C:\Windows\System32\IMM32.DLL
0x00007fff3cc50000 - 0x00007fff3cceb000 	C:\Program Files\Java\jdk-13.0.2\bin\msvcp140.dll
0x00007fff09570000 - 0x00007fff0a0cd000 	C:\Program Files\Java\jdk-13.0.2\bin\server\jvm.dll
0x00007fff59980000 - 0x00007fff59988000 	C:\Windows\System32\PSAPI.DLL
0x00007fff4e3f0000 - 0x00007fff4e3f9000 	C:\Windows\SYSTEM32\WSOCK32.dll
0x00007fff549a0000 - 0x00007fff549c4000 	C:\Windows\SYSTEM32\WINMM.dll
0x00007fff589f0000 - 0x00007fff58a5f000 	C:\Windows\System32\WS2_32.dll
0x00007fff54970000 - 0x00007fff5499d000 	C:\Windows\SYSTEM32\winmmbase.dll
0x00007fff577e0000 - 0x00007fff5782a000 	C:\Windows\System32\cfgmgr32.dll
0x00007fff56940000 - 0x00007fff56951000 	C:\Windows\System32\kernel.appcore.dll
0x00007fff4ddd0000 - 0x00007fff4dde0000 	C:\Program Files\Java\jdk-13.0.2\bin\verify.dll
0x00007fff4c440000 - 0x00007fff4c634000 	C:\Windows\SYSTEM32\DBGHELP.DLL
0x00007fff4c410000 - 0x00007fff4c43a000 	C:\Windows\SYSTEM32\dbgcore.DLL
0x00007fff43810000 - 0x00007fff43836000 	C:\Program Files\Java\jdk-13.0.2\bin\java.dll
0x00007fff437c0000 - 0x00007fff437d7000 	C:\Program Files\Java\jdk-13.0.2\bin\zip.dll
0x00007fff4da10000 - 0x00007fff4da1a000 	C:\Program Files\Java\jdk-13.0.2\bin\jimage.dll
0x00007fff59290000 - 0x00007fff59977000 	C:\Windows\System32\SHELL32.dll
0x00007fff580b0000 - 0x00007fff58158000 	C:\Windows\System32\shcore.dll
0x00007fff56a20000 - 0x00007fff5719b000 	C:\Windows\System32\windows.storage.dll
0x00007fff56920000 - 0x00007fff5693e000 	C:\Windows\System32\profapi.dll
0x00007fff568b0000 - 0x00007fff568fa000 	C:\Windows\System32\powrprof.dll
0x00007fff568a0000 - 0x00007fff568b0000 	C:\Windows\System32\UMPDC.dll
0x00007fff58990000 - 0x00007fff589e2000 	C:\Windows\System32\shlwapi.dll
0x00007fff57a80000 - 0x00007fff57a97000 	C:\Windows\System32\cryptsp.dll
0x00007fff40420000 - 0x00007fff40439000 	C:\Program Files\Java\jdk-13.0.2\bin\net.dll
0x00007fff4cec0000 - 0x00007fff4cfba000 	C:\Windows\SYSTEM32\WINHTTP.dll
0x00007fff560e0000 - 0x00007fff56147000 	C:\Windows\system32\mswsock.dll
0x00007fff40320000 - 0x00007fff40333000 	C:\Program Files\Java\jdk-13.0.2\bin\nio.dll
0x00007fff2fd00000 - 0x00007fff2fe99000 	C:\Program Files\Java\jdk-13.0.2\bin\awt.dll
0x00007fff58450000 - 0x00007fff58515000 	C:\Windows\System32\OLEAUT32.dll
0x00007fff54770000 - 0x00007fff547ff000 	C:\Windows\SYSTEM32\apphelp.dll
0x00007fff54bc0000 - 0x00007fff54c59000 	C:\Windows\system32\uxtheme.dll
0x00007fff58270000 - 0x00007fff583a5000 	C:\Windows\System32\MSCTF.dll
0x00007fff57f50000 - 0x00007fff580a7000 	C:\Windows\System32\ole32.dll
0x00007fff4f8a0000 - 0x00007fff4f922000 	C:\Program Files\Java\jdk-13.0.2\bin\freetype.dll
0x00007fff32640000 - 0x00007fff326e6000 	C:\Program Files\Java\jdk-13.0.2\bin\fontmanager.dll
0x00007fff54cb0000 - 0x00007fff54cdd000 	C:\Windows\system32\DWMAPI.DLL
0x00007fff55e30000 - 0x00007fff55efb000 	C:\Windows\SYSTEM32\DNSAPI.dll
0x00007fff59990000 - 0x00007fff59998000 	C:\Windows\System32\NSI.dll
0x00007fff55df0000 - 0x00007fff55e2a000 	C:\Windows\SYSTEM32\IPHLPAPI.DLL
0x00007fff4cd90000 - 0x00007fff4cd9a000 	C:\Windows\System32\rasadhlp.dll
0x00007fff4ce30000 - 0x00007fff4cea7000 	C:\Windows\System32\fwpuclnt.dll
0x00007fff569f0000 - 0x00007fff56a16000 	C:\Windows\System32\bcrypt.dll
0x00007fff4f9a0000 - 0x00007fff4f9ae000 	C:\Program Files\Java\jdk-13.0.2\bin\sunmscapi.dll
0x00007fff572d0000 - 0x00007fff57421000 	C:\Windows\System32\CRYPT32.dll
0x00007fff56900000 - 0x00007fff56912000 	C:\Windows\System32\MSASN1.dll
0x00007fff563c0000 - 0x00007fff563e6000 	C:\Windows\SYSTEM32\ncrypt.dll
0x00007fff56380000 - 0x00007fff563bb000 	C:\Windows\SYSTEM32\NTASN1.dll
0x00007fff3f300000 - 0x00007fff3f325000 	C:\Program Files\Java\jdk-13.0.2\bin\sunec.dll
0x00007fff55c60000 - 0x00007fff55c93000 	C:\Windows\system32\rsaenh.dll
0x00007fff567c0000 - 0x00007fff567e5000 	C:\Windows\SYSTEM32\USERENV.dll
0x00007fff562b0000 - 0x00007fff562bc000 	C:\Windows\SYSTEM32\CRYPTBASE.dll
0x00007fff4cdc0000 - 0x00007fff4cdd6000 	C:\Windows\SYSTEM32\dhcpcsvc6.DLL
0x00007fff4cda0000 - 0x00007fff4cdbc000 	C:\Windows\SYSTEM32\dhcpcsvc.DLL
0x00007fff2d8a0000 - 0x00007fff2d9f6000 	C:\Windows\system32\opengl32.dll
0x00007fff4f870000 - 0x00007fff4f89c000 	C:\Windows\SYSTEM32\GLU32.dll
0x00007fff554e0000 - 0x00007fff55500000 	C:\Windows\SYSTEM32\dxcore.dll
0x00007fff4f960000 - 0x00007fff4f966000 	C:\Users\User\AppData\Local\Temp\flatlaf.temp\flatlaf-windows-x86_64-2026145765970000.dll
0x00007fff48870000 - 0x00007fff48877000 	C:\Program Files\Java\jdk-13.0.2\bin\jawt.dll
0x00007fff3da70000 - 0x00007fff3da9d000 	C:\Program Files\Java\jdk-13.0.2\bin\javajpeg.dll
0x00007fff57e40000 - 0x00007fff57ee2000 	C:\Windows\System32\clbcatq.dll
0x00007fff528a0000 - 0x00007fff52a4f000 	C:\Windows\SYSTEM32\WindowsCodecs.dll
0x00007fff37650000 - 0x00007fff3768b000 	C:\Windows\system32\dataexchange.dll
0x00007fff53c40000 - 0x00007fff53e9b000 	C:\Windows\system32\d3d11.dll
0x00007fff53ea0000 - 0x00007fff5407d000 	C:\Windows\system32\dcomp.dll
0x00007fff55570000 - 0x00007fff5565b000 	C:\Windows\system32\dxgi.dll
0x00007fff54ce0000 - 0x00007fff54f3a000 	C:\Windows\system32\twinapi.appcore.dll
0x00007fff551d0000 - 0x00007fff551f9000 	C:\Windows\system32\RMCLIENT.dll

dbghelp: loaded successfully - version: 4.0.5 - missing functions: none
symbol engine: initialized successfully - sym options: 0x614 - pdb path: .;C:\Program Files\Java\jdk-13.0.2\bin;C:\Windows\SYSTEM32;C:\Windows\WinSxS\amd64_microsoft.windows.common-controls_6595b64144ccf1df_6.0.18362.1556_none_9e7e372fe45e41d5;C:\Program Files\Java\jdk-13.0.2\bin\server;C:\Users\User\AppData\Local\Temp\flatlaf.temp

VM Arguments:
jvm_args: -Dfile.encoding=Cp1252 
java_command: Application.Home
java_class_path (initial): C:\Users\User\git\bakame\DriveOperations\target\classes;C:\Users\User\Desktop\Libraries\jgoodies-common-1.8.0.jar;C:\Users\User\Desktop\Libraries\jgoodies-forms-1.8.0.jar;C:\Users\User\Desktop\Libraries\miglayout15-swing.jar;C:\Users\User\Downloads\javax.mail.jar;C:\Users\User\Downloads\activation-1.1.1.jar;C:\Users\User\Downloads\jcalendar-1.4.jar;C:\Users\User\Downloads\jfreechart-1.0.19\lib\jcommon-1.0.23.jar;C:\Users\User\Downloads\jfreechart-1.0.19\lib\jfreechart-1.0.19.jar;C:\Users\User\Downloads\commons-net-3.8.0\commons-net-3.8.0.jar;C:\Users\User\Documents\Libs\comm-2.0.jar;C:\Users\User\Documents\Libs\http-2.2.1.jar;C:\Users\User\Downloads\JTattoo-1.6.13.jar;C:\Users\User\Desktop\Libs\jmespath-java-1.11.470.jar;C:\Users\User\Desktop\Libs\aws-java-sdk-core-1.12.65.jar;C:\Users\User\Desktop\Libs\aws-java-sdk-kms-1.12.65.jar;C:\Users\User\Desktop\Libs\aws-java-sdk-s3-1.12.65.jar;C:\Users\User\Desktop\Libs\commons-codec-1.15.jar;C:\Users\User\Desktop\Libs\commons-logging-1.1.3.jar;C:\Users\User\Desktop\Libs\httpclient-4.5.13.jar;C:\Users\User\Desktop\Libs\ion-java-1.0.2.jar;C:\Users\User\Desktop\Libs\jackson-annotations-2.12.3.jar;C:\Users\User\Desktop\Libs\jackson-core-2.12.3.jar;C:\Users\User\Desktop\Libs\jackson-databind-2.12.3.jar;C:\Users\User\Desktop\Libs\jackson-dataformat-cbor-2.12.3.jar;C:\Users\User\Desktop\Libs\jmespath-java-1.12.65.jar;C:\Users\User\Desktop\Libs\joda-time-2.8.1.jar;C:\Users\User\Desktop\Libs\mysql-connector-java-5.1.45.jar;C:\Users\User\.m2\repository\com\amazonaws\aws-java-sdk-s3\1.12.65\aws-java-sdk-s3-1.12.65.jar;C:\Users\User\.m2\repository\com\amazonaws\aws-java-sdk-kms\1.12.65\aws-java-sdk-kms-1.12.65.jar;C:\Users\User\.m2\repository\com\amazonaws\aws-java-sdk-core\1.12.65\aws-java-sdk-core-1.12.65.jar;C:\Users\User\.m2\repository\commons-logging\commons-logging\1.1.3\commons-logging-1.1.3.jar;C:\Users\User\.m2\repository\commons-codec\commons-codec\1.15\commons-codec-1.15.jar;C:\Users\User\.m2\re
Launcher Type: SUN_STANDARD

[Global flags]
     intx CICompilerCount                          = 3                                         {product} {ergonomic}
     uint ConcGCThreads                            = 1                                         {product} {ergonomic}
     uint G1ConcRefinementThreads                  = 4                                         {product} {ergonomic}
   size_t G1HeapRegionSize                         = 1048576                                   {product} {ergonomic}
    uintx GCDrainStackTargetSize                   = 64                                        {product} {ergonomic}
   size_t InitialHeapSize                          = 67108864                                  {product} {ergonomic}
   size_t MarkStackSize                            = 4194304                                   {product} {ergonomic}
   size_t MaxHeapSize                              = 1050673152                                {product} {ergonomic}
   size_t MaxNewSize                               = 630194176                                 {product} {ergonomic}
   size_t MinHeapDeltaBytes                        = 1048576                                   {product} {ergonomic}
   size_t MinHeapSize                              = 8388608                                   {product} {ergonomic}
    uintx NonNMethodCodeHeapSize                   = 5832780                                {pd product} {ergonomic}
    uintx NonProfiledCodeHeapSize                  = 122912730                              {pd product} {ergonomic}
    uintx ProfiledCodeHeapSize                     = 122912730                              {pd product} {ergonomic}
    uintx ReservedCodeCacheSize                    = 251658240                              {pd product} {ergonomic}
     bool SegmentedCodeCache                       = true                                      {product} {ergonomic}
   size_t SoftMaxHeapSize                          = 1050673152                             {manageable} {ergonomic}
     bool UseCompressedClassPointers               = true                                 {lp64_product} {ergonomic}
     bool UseCompressedOops                        = true                                 {lp64_product} {ergonomic}
     bool UseG1GC                                  = true                                      {product} {ergonomic}
     bool UseLargePagesIndividualAllocation        = false                                  {pd product} {ergonomic}

Logging:
Log output configuration:
 #0: stdout all=warning uptime,level,tags
 #1: stderr all=off uptime,level,tags

Environment Variables:
JAVA_HOME=C:\Program Files (x86)\Java\jre1.8.0_241
PATH=C:\Program Files\Java\jdk-13.0.2\bin;C:\Program Files (x86)\Common Files\Oracle\Java\javapath;C:\Windows\system32;C:\Windows;C:\Windows\System32\Wbem;C:\Windows\System32\WindowsPowerShell\v1.0\;C:\Windows\System32\OpenSSH\;C:\Program Files (x86)\apache-maven-3.8.1\bin;C:\Program Files (x86)\gradle-7.1.1\bin;C:\Users\User\Documents\Setup logiciels\mongosh-1.1.2-win32-x64\bin;C:\Program Files\Git\cmd;C:\Program Files\MySQL\MySQL Shell 8.0\bin\;C:\Users\User\AppData\Local\Microsoft\WindowsApps;C:\Users\User\AppData\Local\Programs\Microsoft VS Code\bin;C:\Program Files (x86)\gradle-7.1.1\bin;C:\Users\User\Downloads\platform-tools;C:\Users\User\Documents\Setup logiciels\mongosh-1.1.2-win32-x64\bin;C:\Users\User\AppData\Local\GitHubDesktop\bin;C:\Program Files\JetBrains\IntelliJ IDEA 2022.1.1\bin;
USERNAME=User
OS=Windows_NT
PROCESSOR_IDENTIFIER=Intel64 Family 6 Model 42 Stepping 7, GenuineIntel



---------------  S Y S T E M  ---------------

OS: Windows 10 , 64 bit Build 18362 (10.0.18362.1500)

CPU:total 4 (initial active 4) (2 cores per cpu, 2 threads per core) family 6 model 42 stepping 7, cmov, cx8, fxsr, mmx, sse, sse2, sse3, ssse3, sse4.1, sse4.2, popcnt, avx, aes, clmul, ht, tsc, tscinvbit

Memory: 4k page, system-wide physical 4006M (285M free)
TotalPageFile size 16284M (AvailPageFile size 103M)
current process WorkingSet (physical memory assigned to process): 288M, peak: 346M
current process commit charge ("private bytes"): 656M, peak: 768M

vm_info: Java HotSpot(TM) 64-Bit Server VM (13.0.2+8) for windows-amd64 JRE (13.0.2+8), built on Dec 11 2019 09:20:33 by "mach5one" with unknown MS VC++:1916

END.
