#
# There is insufficient memory for the Java Runtime Environment to continue.
# Native memory allocation (malloc) failed to allocate 32744 bytes for ChunkPool::allocate
# Possible reasons:
#   The system is out of physical RAM or swap space
#   The process is running with CompressedOops enabled, and the Java Heap may be blocking the growth of the native heap
# Possible solutions:
#   Reduce memory load on the system
#   Increase physical memory or swap space
#   Check if swap backing store is full
#   Decrease Java heap size (-Xmx/-Xms)
#   Decrease number of Java threads
#   Decrease Java thread stack sizes (-Xss)
#   Set larger code cache with -XX:ReservedCodeCacheSize=
#   JVM is running with Unscaled Compressed Oops mode in which the Java heap is
#     placed in the first 4GB address space. The Java Heap base address is the
#     maximum limit for the native heap growth. Please use -XX:HeapBaseMinAddress
#     to set the Java Heap base and to place the Java Heap above 4GB virtual address.
# This output file may be truncated or incomplete.
#
#  Out of Memory Error (t:/workspace/open/src/hotspot/share/memory/arena.cpp:80), pid=1064, tid=10648
#
# JRE version: Java(TM) SE Runtime Environment (13.0.2+8) (build 13.0.2+8)
# Java VM: Java HotSpot(TM) 64-Bit Server VM (13.0.2+8, mixed mode, sharing, tiered, compressed oops, g1 gc, windows-amd64)
# No core dump will be written. Minidumps are not enabled by default on client versions of Windows
#

---------------  S U M M A R Y ------------

Command Line: -Dfile.encoding=Cp1252 Application.Home

Host: Intel(R) Core(TM) i5-2520M CPU @ 2.50GHz, 4 cores, 3G,  Windows 10 , 64 bit Build 18362 (10.0.18362.1500)
Time: Mon Jul 11 21:45:14 2022 Afrique de l?Est elapsed time: 52 seconds (0d 0h 0m 52s)

---------------  T H R E A D  ---------------

Current thread (0x0000023b54fad000):  JavaThread "C2 CompilerThread0" daemon [_thread_in_native, id=10648, stack(0x000000a1ac400000,0x000000a1ac500000)]


Current CompileTask:
C2:  52120 2779       4       com.sun.crypto.provider.AESCrypt::implEncryptBlock (953 bytes)

Stack: [0x000000a1ac400000,0x000000a1ac500000]
Native frames: (J=compiled Java code, j=interpreted, Vv=VM code, C=native code)
V  [jvm.dll+0x624f9a]
V  [jvm.dll+0x770cfa]
V  [jvm.dll+0x7724af]
V  [jvm.dll+0x772ab3]
V  [jvm.dll+0x24bf08]
V  [jvm.dll+0xc2076]
V  [jvm.dll+0xc23cc]
V  [jvm.dll+0x5b7d9e]
V  [jvm.dll+0x5b7f57]
V  [jvm.dll+0x5b7f57]
V  [jvm.dll+0x5bce6e]
V  [jvm.dll+0x5bd645]
V  [jvm.dll+0x5bc30e]
V  [jvm.dll+0x205ac7]
V  [jvm.dll+0x204e3f]
V  [jvm.dll+0x189c2c]
V  [jvm.dll+0x213e6d]
V  [jvm.dll+0x2120bb]
V  [jvm.dll+0x736bb6]
V  [jvm.dll+0x72fcaa]
V  [jvm.dll+0x623ea6]
C  [ucrtbase.dll+0x210b2]
C  [KERNEL32.DLL+0x17c24]
C  [ntdll.dll+0x6d721]


---------------  P R O C E S S  ---------------

Threads class SMR info:
_java_thread_list=0x0000023b55b88820, length=18, elements={
0x0000023b54f8a800, 0x0000023b54f90000, 0x0000023b54faa000, 0x0000023b54fac000,
0x0000023b54fad000, 0x0000023b5501f000, 0x0000023b55025000, 0x0000023b55a02000,
0x0000023b55a07000, 0x0000023b55e39800, 0x0000023b55e3c000, 0x0000023b55e3d800,
0x0000023b55e4a000, 0x0000023b38fa2000, 0x0000023b55e5b000, 0x0000023b55e83800,
0x0000023b56a68000, 0x0000023b571fc800
}

Java Threads: ( => current thread )
  0x0000023b54f8a800 JavaThread "Reference Handler" daemon [_thread_blocked, id=13632, stack(0x000000a1abf00000,0x000000a1ac000000)]
  0x0000023b54f90000 JavaThread "Finalizer" daemon [_thread_blocked, id=12108, stack(0x000000a1ac000000,0x000000a1ac100000)]
  0x0000023b54faa000 JavaThread "Signal Dispatcher" daemon [_thread_blocked, id=12212, stack(0x000000a1ac200000,0x000000a1ac300000)]
  0x0000023b54fac000 JavaThread "Attach Listener" daemon [_thread_blocked, id=8184, stack(0x000000a1ac300000,0x000000a1ac400000)]
=>0x0000023b54fad000 JavaThread "C2 CompilerThread0" daemon [_thread_in_native, id=10648, stack(0x000000a1ac400000,0x000000a1ac500000)]
  0x0000023b5501f000 JavaThread "C1 CompilerThread0" daemon [_thread_blocked, id=9356, stack(0x000000a1ac500000,0x000000a1ac600000)]
  0x0000023b55025000 JavaThread "Sweeper thread" daemon [_thread_blocked, id=3576, stack(0x000000a1ac600000,0x000000a1ac700000)]
  0x0000023b55a02000 JavaThread "Service Thread" daemon [_thread_blocked, id=2092, stack(0x000000a1ac700000,0x000000a1ac800000)]
  0x0000023b55a07000 JavaThread "Common-Cleaner" daemon [_thread_blocked, id=11152, stack(0x000000a1ac900000,0x000000a1aca00000)]
  0x0000023b55e39800 JavaThread "Java2D Disposer" daemon [_thread_blocked, id=10716, stack(0x000000a1aca00000,0x000000a1acb00000)]
  0x0000023b55e3c000 JavaThread "AWT-Shutdown" [_thread_blocked, id=13328, stack(0x000000a1acb00000,0x000000a1acc00000)]
  0x0000023b55e3d800 JavaThread "AWT-Windows" daemon [_thread_blocked, id=7884, stack(0x000000a1acc00000,0x000000a1acd00000)]
  0x0000023b55e4a000 JavaThread "AWT-EventQueue-0" [_thread_in_native, id=4068, stack(0x000000a1acd00000,0x000000a1ace00000)]
  0x0000023b38fa2000 JavaThread "DestroyJavaVM" [_thread_blocked, id=13656, stack(0x000000a1ab800000,0x000000a1ab900000)]
  0x0000023b55e5b000 JavaThread "Abandoned connection cleanup thread" daemon [_thread_blocked, id=12464, stack(0x000000a1ace00000,0x000000a1acf00000)]
  0x0000023b55e83800 JavaThread "mysql-cj-abandoned-connection-cleanup" daemon [_thread_blocked, id=6528, stack(0x000000a1acf00000,0x000000a1ad000000)]
  0x0000023b56a68000 JavaThread "TimerQueue" daemon [_thread_blocked, id=10632, stack(0x000000a1ad400000,0x000000a1ad500000)]
  0x0000023b571fc800 JavaThread "SwingWorker-pool-1-thread-1" daemon [_thread_in_vm, id=5872, stack(0x000000a1ad500000,0x000000a1ad600000)]

Other Threads:
  0x0000023b3906e800 VMThread "VM Thread" [stack: 0x000000a1abe00000,0x000000a1abf00000] [id=4668] _threads_hazard_ptr=0x0000023b55b88820
  0x0000023b55a06000 WatcherThread [stack: 0x000000a1ac800000,0x000000a1ac900000] [id=14048]
  0x0000023b38fd3000 GCTaskThread "GC Thread#0" [stack: 0x000000a1ab900000,0x000000a1aba00000] [id=8776]
  0x0000023b55f15800 GCTaskThread "GC Thread#1" [stack: 0x000000a1ad000000,0x000000a1ad100000] [id=9116]
  0x0000023b5628e800 GCTaskThread "GC Thread#2" [stack: 0x000000a1ad100000,0x000000a1ad200000] [id=12096]
  0x0000023b5628f000 GCTaskThread "GC Thread#3" [stack: 0x000000a1ad200000,0x000000a1ad300000] [id=9188]
  0x0000023b38fdc800 ConcurrentGCThread "G1 Main Marker" [stack: 0x000000a1aba00000,0x000000a1abb00000] [id=14588]
  0x0000023b38fde000 ConcurrentGCThread "G1 Conc#0" [stack: 0x000000a1abb00000,0x000000a1abc00000] [id=11744]
  0x0000023b39031800 ConcurrentGCThread "G1 Refine#0" [stack: 0x000000a1abc00000,0x000000a1abd00000] [id=10464]
  0x0000023b39038800 ConcurrentGCThread "G1 Young RemSet Sampling" [stack: 0x000000a1abd00000,0x000000a1abe00000] [id=10188]

Threads with active compile tasks:
C2 CompilerThread0    61562 2779       4       com.sun.crypto.provider.AESCrypt::implEncryptBlock (953 bytes)

VM state:synchronizing (normal execution)

VM Mutex/Monitor currently owned by a thread:  ([mutex/lock_event])
[0x0000023b38f9df00] Threads_lock - owner thread: 0x0000023b3906e800

Heap address: 0x00000000c1600000, size: 1002 MB, Compressed Oops mode: 32-bit
Narrow klass base: 0x0000000800000000, Narrow klass shift: 3
Compressed class space size: 1073741824 Address: 0x0000000800b40000

Heap:
 garbage-first heap   total 526336K, used 336930K [0x00000000c1600000, 0x0000000100000000)
  region size 1024K, 33 young (33792K), 3 survivors (3072K)
 Metaspace       used 22813K, capacity 23241K, committed 23552K, reserved 1071104K
  class space    used 2574K, capacity 2750K, committed 2816K, reserved 1048576K
Heap Regions: E=young(eden), S=young(survivor), O=old, HS=humongous(starts), HC=humongous(continues), CS=collection set, F=free, A=archive, TAMS=top-at-mark-start (previous, next)
|   0|0x00000000c1600000, 0x00000000c1700000, 0x00000000c1700000|100%| O|  |TAMS 0x00000000c1700000, 0x00000000c1600000| Untracked 
|   1|0x00000000c1700000, 0x00000000c1800000, 0x00000000c1800000|100%| O|  |TAMS 0x00000000c1800000, 0x00000000c1700000| Untracked 
|   2|0x00000000c1800000, 0x00000000c1900000, 0x00000000c1900000|100%| O|  |TAMS 0x00000000c1900000, 0x00000000c1800000| Untracked 
|   3|0x00000000c1900000, 0x00000000c1a00000, 0x00000000c1a00000|100%| O|  |TAMS 0x00000000c1a00000, 0x00000000c1900000| Untracked 
|   4|0x00000000c1a00000, 0x00000000c1b00000, 0x00000000c1b00000|100%| O|  |TAMS 0x00000000c1b00000, 0x00000000c1a00000| Untracked 
|   5|0x00000000c1b00000, 0x00000000c1c00000, 0x00000000c1c00000|100%| O|  |TAMS 0x00000000c1c00000, 0x00000000c1b00000| Untracked 
|   6|0x00000000c1c00000, 0x00000000c1d00000, 0x00000000c1d00000|100%| O|  |TAMS 0x00000000c1d00000, 0x00000000c1c00000| Untracked 
|   7|0x00000000c1d00000, 0x00000000c1e00000, 0x00000000c1e00000|100%| O|  |TAMS 0x00000000c1e00000, 0x00000000c1d00000| Untracked 
|   8|0x00000000c1e00000, 0x00000000c1f00000, 0x00000000c1f00000|100%| O|  |TAMS 0x00000000c1f00000, 0x00000000c1e00000| Untracked 
|   9|0x00000000c1f00000, 0x00000000c2000000, 0x00000000c2000000|100%| O|  |TAMS 0x00000000c2000000, 0x00000000c1f00000| Untracked 
|  10|0x00000000c2000000, 0x00000000c2100000, 0x00000000c2100000|100%| O|  |TAMS 0x00000000c2100000, 0x00000000c2000000| Untracked 
|  11|0x00000000c2100000, 0x00000000c218c800, 0x00000000c2200000| 54%| O|  |TAMS 0x00000000c218c800, 0x00000000c2100000| Untracked 
|  12|0x00000000c2200000, 0x00000000c2200000, 0x00000000c2300000|  0%| F|  |TAMS 0x00000000c2200000, 0x00000000c2200000| Untracked 
|  13|0x00000000c2300000, 0x00000000c2300000, 0x00000000c2400000|  0%| F|  |TAMS 0x00000000c2300000, 0x00000000c2300000| Untracked 
|  14|0x00000000c2400000, 0x00000000c2400000, 0x00000000c2500000|  0%| F|  |TAMS 0x00000000c2400000, 0x00000000c2400000| Untracked 
|  15|0x00000000c2500000, 0x00000000c2500000, 0x00000000c2600000|  0%| F|  |TAMS 0x00000000c2500000, 0x00000000c2500000| Untracked 
|  16|0x00000000c2600000, 0x00000000c2600000, 0x00000000c2700000|  0%| F|  |TAMS 0x00000000c2600000, 0x00000000c2600000| Untracked 
|  17|0x00000000c2700000, 0x00000000c2700000, 0x00000000c2800000|  0%| F|  |TAMS 0x00000000c2700000, 0x00000000c2700000| Untracked 
|  18|0x00000000c2800000, 0x00000000c2800000, 0x00000000c2900000|  0%| F|  |TAMS 0x00000000c2800000, 0x00000000c2800000| Untracked 
|  19|0x00000000c2900000, 0x00000000c2900000, 0x00000000c2a00000|  0%| F|  |TAMS 0x00000000c2900000, 0x00000000c2900000| Untracked 
|  20|0x00000000c2a00000, 0x00000000c2a00000, 0x00000000c2b00000|  0%| F|  |TAMS 0x00000000c2a00000, 0x00000000c2a00000| Untracked 
|  21|0x00000000c2b00000, 0x00000000c2b00000, 0x00000000c2c00000|  0%| F|  |TAMS 0x00000000c2b00000, 0x00000000c2b00000| Untracked 
|  22|0x00000000c2c00000, 0x00000000c2c00000, 0x00000000c2d00000|  0%| F|  |TAMS 0x00000000c2c00000, 0x00000000c2c00000| Untracked 
|  23|0x00000000c2d00000, 0x00000000c2d00000, 0x00000000c2e00000|  0%| F|  |TAMS 0x00000000c2d00000, 0x00000000c2d00000| Untracked 
|  24|0x00000000c2e00000, 0x00000000c2e00000, 0x00000000c2f00000|  0%| F|  |TAMS 0x00000000c2e00000, 0x00000000c2e00000| Untracked 
|  25|0x00000000c2f00000, 0x00000000c2f00000, 0x00000000c3000000|  0%| F|  |TAMS 0x00000000c2f00000, 0x00000000c2f00000| Untracked 
|  26|0x00000000c3000000, 0x00000000c3000000, 0x00000000c3100000|  0%| F|  |TAMS 0x00000000c3000000, 0x00000000c3000000| Untracked 
|  27|0x00000000c3100000, 0x00000000c3100000, 0x00000000c3200000|  0%| F|  |TAMS 0x00000000c3100000, 0x00000000c3100000| Untracked 
|  28|0x00000000c3200000, 0x00000000c3200000, 0x00000000c3300000|  0%| F|  |TAMS 0x00000000c3200000, 0x00000000c3200000| Untracked 
|  29|0x00000000c3300000, 0x00000000c3300000, 0x00000000c3400000|  0%| F|  |TAMS 0x00000000c3300000, 0x00000000c3300000| Untracked 
|  30|0x00000000c3400000, 0x00000000c3400000, 0x00000000c3500000|  0%| F|  |TAMS 0x00000000c3400000, 0x00000000c3400000| Untracked 
|  31|0x00000000c3500000, 0x00000000c3500000, 0x00000000c3600000|  0%| F|  |TAMS 0x00000000c3500000, 0x00000000c3500000| Untracked 
|  32|0x00000000c3600000, 0x00000000c3600000, 0x00000000c3700000|  0%| F|  |TAMS 0x00000000c3600000, 0x00000000c3600000| Untracked 
|  33|0x00000000c3700000, 0x00000000c3700000, 0x00000000c3800000|  0%| F|  |TAMS 0x00000000c3700000, 0x00000000c3700000| Untracked 
|  34|0x00000000c3800000, 0x00000000c3800000, 0x00000000c3900000|  0%| F|  |TAMS 0x00000000c3800000, 0x00000000c3800000| Untracked 
|  35|0x00000000c3900000, 0x00000000c3900000, 0x00000000c3a00000|  0%| F|  |TAMS 0x00000000c3900000, 0x00000000c3900000| Untracked 
|  36|0x00000000c3a00000, 0x00000000c3a00000, 0x00000000c3b00000|  0%| F|  |TAMS 0x00000000c3a00000, 0x00000000c3a00000| Untracked 
|  37|0x00000000c3b00000, 0x00000000c3b00000, 0x00000000c3c00000|  0%| F|  |TAMS 0x00000000c3b00000, 0x00000000c3b00000| Untracked 
|  38|0x00000000c3c00000, 0x00000000c3c00000, 0x00000000c3d00000|  0%| F|  |TAMS 0x00000000c3c00000, 0x00000000c3c00000| Untracked 
|  39|0x00000000c3d00000, 0x00000000c3d00000, 0x00000000c3e00000|  0%| F|  |TAMS 0x00000000c3d00000, 0x00000000c3d00000| Untracked 
|  40|0x00000000c3e00000, 0x00000000c3e00000, 0x00000000c3f00000|  0%| F|  |TAMS 0x00000000c3e00000, 0x00000000c3e00000| Untracked 
|  41|0x00000000c3f00000, 0x00000000c3f00000, 0x00000000c4000000|  0%| F|  |TAMS 0x00000000c3f00000, 0x00000000c3f00000| Untracked 
|  42|0x00000000c4000000, 0x00000000c4100000, 0x00000000c4100000|100%|HS|  |TAMS 0x00000000c4100000, 0x00000000c4000000| Complete 
|  43|0x00000000c4100000, 0x00000000c4200000, 0x00000000c4200000|100%|HC|  |TAMS 0x00000000c4200000, 0x00000000c4100000| Complete 
|  44|0x00000000c4200000, 0x00000000c4300000, 0x00000000c4300000|100%|HC|  |TAMS 0x00000000c4300000, 0x00000000c4200000| Complete 
|  45|0x00000000c4300000, 0x00000000c4400000, 0x00000000c4400000|100%|HC|  |TAMS 0x00000000c4400000, 0x00000000c4300000| Complete 
|  46|0x00000000c4400000, 0x00000000c4500000, 0x00000000c4500000|100%|HC|  |TAMS 0x00000000c4500000, 0x00000000c4400000| Complete 
|  47|0x00000000c4500000, 0x00000000c4600000, 0x00000000c4600000|100%|HC|  |TAMS 0x00000000c4600000, 0x00000000c4500000| Complete 
|  48|0x00000000c4600000, 0x00000000c4700000, 0x00000000c4700000|100%|HC|  |TAMS 0x00000000c4700000, 0x00000000c4600000| Complete 
|  49|0x00000000c4700000, 0x00000000c4800000, 0x00000000c4800000|100%|HC|  |TAMS 0x00000000c4800000, 0x00000000c4700000| Complete 
|  50|0x00000000c4800000, 0x00000000c4900000, 0x00000000c4900000|100%|HC|  |TAMS 0x00000000c4900000, 0x00000000c4800000| Complete 
|  51|0x00000000c4900000, 0x00000000c4a00000, 0x00000000c4a00000|100%|HC|  |TAMS 0x00000000c4a00000, 0x00000000c4900000| Complete 
|  52|0x00000000c4a00000, 0x00000000c4b00000, 0x00000000c4b00000|100%|HC|  |TAMS 0x00000000c4b00000, 0x00000000c4a00000| Complete 
|  53|0x00000000c4b00000, 0x00000000c4c00000, 0x00000000c4c00000|100%|HC|  |TAMS 0x00000000c4c00000, 0x00000000c4b00000| Complete 
|  54|0x00000000c4c00000, 0x00000000c4d00000, 0x00000000c4d00000|100%|HC|  |TAMS 0x00000000c4d00000, 0x00000000c4c00000| Complete 
|  55|0x00000000c4d00000, 0x00000000c4e00000, 0x00000000c4e00000|100%|HC|  |TAMS 0x00000000c4e00000, 0x00000000c4d00000| Complete 
|  56|0x00000000c4e00000, 0x00000000c4f00000, 0x00000000c4f00000|100%|HC|  |TAMS 0x00000000c4f00000, 0x00000000c4e00000| Complete 
|  57|0x00000000c4f00000, 0x00000000c5000000, 0x00000000c5000000|100%|HC|  |TAMS 0x00000000c5000000, 0x00000000c4f00000| Complete 
|  58|0x00000000c5000000, 0x00000000c5100000, 0x00000000c5100000|100%|HC|  |TAMS 0x00000000c5100000, 0x00000000c5000000| Complete 
|  59|0x00000000c5100000, 0x00000000c5200000, 0x00000000c5200000|100%|HC|  |TAMS 0x00000000c5200000, 0x00000000c5100000| Complete 
|  60|0x00000000c5200000, 0x00000000c5300000, 0x00000000c5300000|100%|HC|  |TAMS 0x00000000c5300000, 0x00000000c5200000| Complete 
|  61|0x00000000c5300000, 0x00000000c5400000, 0x00000000c5400000|100%|HC|  |TAMS 0x00000000c5400000, 0x00000000c5300000| Complete 
|  62|0x00000000c5400000, 0x00000000c5500000, 0x00000000c5500000|100%|HC|  |TAMS 0x00000000c5500000, 0x00000000c5400000| Complete 
|  63|0x00000000c5500000, 0x00000000c5600000, 0x00000000c5600000|100%|HC|  |TAMS 0x00000000c5600000, 0x00000000c5500000| Complete 
|  64|0x00000000c5600000, 0x00000000c5700000, 0x00000000c5700000|100%|HC|  |TAMS 0x00000000c5700000, 0x00000000c5600000| Complete 
|  65|0x00000000c5700000, 0x00000000c5800000, 0x00000000c5800000|100%|HC|  |TAMS 0x00000000c5800000, 0x00000000c5700000| Complete 
|  66|0x00000000c5800000, 0x00000000c5900000, 0x00000000c5900000|100%|HC|  |TAMS 0x00000000c5900000, 0x00000000c5800000| Complete 
|  67|0x00000000c5900000, 0x00000000c5a00000, 0x00000000c5a00000|100%|HC|  |TAMS 0x00000000c5a00000, 0x00000000c5900000| Complete 
|  68|0x00000000c5a00000, 0x00000000c5b00000, 0x00000000c5b00000|100%|HC|  |TAMS 0x00000000c5b00000, 0x00000000c5a00000| Complete 
|  69|0x00000000c5b00000, 0x00000000c5c00000, 0x00000000c5c00000|100%|HC|  |TAMS 0x00000000c5c00000, 0x00000000c5b00000| Complete 
|  70|0x00000000c5c00000, 0x00000000c5d00000, 0x00000000c5d00000|100%|HC|  |TAMS 0x00000000c5d00000, 0x00000000c5c00000| Complete 
|  71|0x00000000c5d00000, 0x00000000c5e00000, 0x00000000c5e00000|100%|HC|  |TAMS 0x00000000c5e00000, 0x00000000c5d00000| Complete 
|  72|0x00000000c5e00000, 0x00000000c5f00000, 0x00000000c5f00000|100%|HC|  |TAMS 0x00000000c5f00000, 0x00000000c5e00000| Complete 
|  73|0x00000000c5f00000, 0x00000000c6000000, 0x00000000c6000000|100%|HC|  |TAMS 0x00000000c6000000, 0x00000000c5f00000| Complete 
|  74|0x00000000c6000000, 0x00000000c6100000, 0x00000000c6100000|100%|HC|  |TAMS 0x00000000c6100000, 0x00000000c6000000| Complete 
|  75|0x00000000c6100000, 0x00000000c6200000, 0x00000000c6200000|100%|HC|  |TAMS 0x00000000c6200000, 0x00000000c6100000| Complete 
|  76|0x00000000c6200000, 0x00000000c6300000, 0x00000000c6300000|100%|HC|  |TAMS 0x00000000c6300000, 0x00000000c6200000| Complete 
|  77|0x00000000c6300000, 0x00000000c6400000, 0x00000000c6400000|100%|HC|  |TAMS 0x00000000c6400000, 0x00000000c6300000| Complete 
|  78|0x00000000c6400000, 0x00000000c6500000, 0x00000000c6500000|100%|HC|  |TAMS 0x00000000c6500000, 0x00000000c6400000| Complete 
|  79|0x00000000c6500000, 0x00000000c6600000, 0x00000000c6600000|100%|HC|  |TAMS 0x00000000c6600000, 0x00000000c6500000| Complete 
|  80|0x00000000c6600000, 0x00000000c6700000, 0x00000000c6700000|100%|HC|  |TAMS 0x00000000c6700000, 0x00000000c6600000| Complete 
|  81|0x00000000c6700000, 0x00000000c6800000, 0x00000000c6800000|100%|HC|  |TAMS 0x00000000c6800000, 0x00000000c6700000| Complete 
|  82|0x00000000c6800000, 0x00000000c6900000, 0x00000000c6900000|100%|HC|  |TAMS 0x00000000c6900000, 0x00000000c6800000| Complete 
|  83|0x00000000c6900000, 0x00000000c6a00000, 0x00000000c6a00000|100%|HC|  |TAMS 0x00000000c6a00000, 0x00000000c6900000| Complete 
|  84|0x00000000c6a00000, 0x00000000c6b00000, 0x00000000c6b00000|100%|HC|  |TAMS 0x00000000c6b00000, 0x00000000c6a00000| Complete 
|  85|0x00000000c6b00000, 0x00000000c6c00000, 0x00000000c6c00000|100%|HC|  |TAMS 0x00000000c6c00000, 0x00000000c6b00000| Complete 
|  86|0x00000000c6c00000, 0x00000000c6d00000, 0x00000000c6d00000|100%|HC|  |TAMS 0x00000000c6d00000, 0x00000000c6c00000| Complete 
|  87|0x00000000c6d00000, 0x00000000c6e00000, 0x00000000c6e00000|100%|HC|  |TAMS 0x00000000c6e00000, 0x00000000c6d00000| Complete 
|  88|0x00000000c6e00000, 0x00000000c6f00000, 0x00000000c6f00000|100%|HC|  |TAMS 0x00000000c6f00000, 0x00000000c6e00000| Complete 
|  89|0x00000000c6f00000, 0x00000000c7000000, 0x00000000c7000000|100%|HC|  |TAMS 0x00000000c7000000, 0x00000000c6f00000| Complete 
|  90|0x00000000c7000000, 0x00000000c7100000, 0x00000000c7100000|100%|HC|  |TAMS 0x00000000c7100000, 0x00000000c7000000| Complete 
|  91|0x00000000c7100000, 0x00000000c7200000, 0x00000000c7200000|100%|HC|  |TAMS 0x00000000c7200000, 0x00000000c7100000| Complete 
|  92|0x00000000c7200000, 0x00000000c7300000, 0x00000000c7300000|100%|HC|  |TAMS 0x00000000c7300000, 0x00000000c7200000| Complete 
|  93|0x00000000c7300000, 0x00000000c7400000, 0x00000000c7400000|100%|HC|  |TAMS 0x00000000c7400000, 0x00000000c7300000| Complete 
|  94|0x00000000c7400000, 0x00000000c7500000, 0x00000000c7500000|100%|HC|  |TAMS 0x00000000c7500000, 0x00000000c7400000| Complete 
|  95|0x00000000c7500000, 0x00000000c7600000, 0x00000000c7600000|100%|HC|  |TAMS 0x00000000c7600000, 0x00000000c7500000| Complete 
|  96|0x00000000c7600000, 0x00000000c7700000, 0x00000000c7700000|100%|HC|  |TAMS 0x00000000c7700000, 0x00000000c7600000| Complete 
|  97|0x00000000c7700000, 0x00000000c7800000, 0x00000000c7800000|100%|HC|  |TAMS 0x00000000c7800000, 0x00000000c7700000| Complete 
|  98|0x00000000c7800000, 0x00000000c7900000, 0x00000000c7900000|100%|HC|  |TAMS 0x00000000c7900000, 0x00000000c7800000| Complete 
|  99|0x00000000c7900000, 0x00000000c7a00000, 0x00000000c7a00000|100%|HC|  |TAMS 0x00000000c7a00000, 0x00000000c7900000| Complete 
| 100|0x00000000c7a00000, 0x00000000c7b00000, 0x00000000c7b00000|100%|HC|  |TAMS 0x00000000c7b00000, 0x00000000c7a00000| Complete 
| 101|0x00000000c7b00000, 0x00000000c7c00000, 0x00000000c7c00000|100%|HC|  |TAMS 0x00000000c7c00000, 0x00000000c7b00000| Complete 
| 102|0x00000000c7c00000, 0x00000000c7d00000, 0x00000000c7d00000|100%|HC|  |TAMS 0x00000000c7d00000, 0x00000000c7c00000| Complete 
| 103|0x00000000c7d00000, 0x00000000c7e00000, 0x00000000c7e00000|100%|HC|  |TAMS 0x00000000c7e00000, 0x00000000c7d00000| Complete 
| 104|0x00000000c7e00000, 0x00000000c7f00000, 0x00000000c7f00000|100%|HC|  |TAMS 0x00000000c7f00000, 0x00000000c7e00000| Complete 
| 105|0x00000000c7f00000, 0x00000000c8000000, 0x00000000c8000000|100%|HC|  |TAMS 0x00000000c8000000, 0x00000000c7f00000| Complete 
| 106|0x00000000c8000000, 0x00000000c8100000, 0x00000000c8100000|100%|HC|  |TAMS 0x00000000c8100000, 0x00000000c8000000| Complete 
| 107|0x00000000c8100000, 0x00000000c8200000, 0x00000000c8200000|100%|HC|  |TAMS 0x00000000c8200000, 0x00000000c8100000| Complete 
| 108|0x00000000c8200000, 0x00000000c8300000, 0x00000000c8300000|100%|HC|  |TAMS 0x00000000c8300000, 0x00000000c8200000| Complete 
| 109|0x00000000c8300000, 0x00000000c8400000, 0x00000000c8400000|100%|HC|  |TAMS 0x00000000c8400000, 0x00000000c8300000| Complete 
| 110|0x00000000c8400000, 0x00000000c8500000, 0x00000000c8500000|100%|HC|  |TAMS 0x00000000c8500000, 0x00000000c8400000| Complete 
| 111|0x00000000c8500000, 0x00000000c8600000, 0x00000000c8600000|100%|HC|  |TAMS 0x00000000c8600000, 0x00000000c8500000| Complete 
| 112|0x00000000c8600000, 0x00000000c8700000, 0x00000000c8700000|100%|HC|  |TAMS 0x00000000c8700000, 0x00000000c8600000| Complete 
| 113|0x00000000c8700000, 0x00000000c8800000, 0x00000000c8800000|100%|HC|  |TAMS 0x00000000c8800000, 0x00000000c8700000| Complete 
| 114|0x00000000c8800000, 0x00000000c8900000, 0x00000000c8900000|100%|HC|  |TAMS 0x00000000c8900000, 0x00000000c8800000| Complete 
| 115|0x00000000c8900000, 0x00000000c8a00000, 0x00000000c8a00000|100%|HC|  |TAMS 0x00000000c8a00000, 0x00000000c8900000| Complete 
| 116|0x00000000c8a00000, 0x00000000c8b00000, 0x00000000c8b00000|100%|HC|  |TAMS 0x00000000c8b00000, 0x00000000c8a00000| Complete 
| 117|0x00000000c8b00000, 0x00000000c8c00000, 0x00000000c8c00000|100%|HC|  |TAMS 0x00000000c8c00000, 0x00000000c8b00000| Complete 
| 118|0x00000000c8c00000, 0x00000000c8d00000, 0x00000000c8d00000|100%|HC|  |TAMS 0x00000000c8d00000, 0x00000000c8c00000| Complete 
| 119|0x00000000c8d00000, 0x00000000c8e00000, 0x00000000c8e00000|100%|HC|  |TAMS 0x00000000c8e00000, 0x00000000c8d00000| Complete 
| 120|0x00000000c8e00000, 0x00000000c8f00000, 0x00000000c8f00000|100%|HC|  |TAMS 0x00000000c8f00000, 0x00000000c8e00000| Complete 
| 121|0x00000000c8f00000, 0x00000000c9000000, 0x00000000c9000000|100%|HC|  |TAMS 0x00000000c9000000, 0x00000000c8f00000| Complete 
| 122|0x00000000c9000000, 0x00000000c9100000, 0x00000000c9100000|100%|HC|  |TAMS 0x00000000c9100000, 0x00000000c9000000| Complete 
| 123|0x00000000c9100000, 0x00000000c9200000, 0x00000000c9200000|100%|HC|  |TAMS 0x00000000c9200000, 0x00000000c9100000| Complete 
| 124|0x00000000c9200000, 0x00000000c9300000, 0x00000000c9300000|100%|HC|  |TAMS 0x00000000c9300000, 0x00000000c9200000| Complete 
| 125|0x00000000c9300000, 0x00000000c9400000, 0x00000000c9400000|100%|HC|  |TAMS 0x00000000c9400000, 0x00000000c9300000| Complete 
| 126|0x00000000c9400000, 0x00000000c9500000, 0x00000000c9500000|100%|HC|  |TAMS 0x00000000c9500000, 0x00000000c9400000| Complete 
| 127|0x00000000c9500000, 0x00000000c9600000, 0x00000000c9600000|100%|HC|  |TAMS 0x00000000c9600000, 0x00000000c9500000| Complete 
| 128|0x00000000c9600000, 0x00000000c9700000, 0x00000000c9700000|100%|HC|  |TAMS 0x00000000c9700000, 0x00000000c9600000| Complete 
| 129|0x00000000c9700000, 0x00000000c9800000, 0x00000000c9800000|100%|HC|  |TAMS 0x00000000c9800000, 0x00000000c9700000| Complete 
| 130|0x00000000c9800000, 0x00000000c9900000, 0x00000000c9900000|100%|HC|  |TAMS 0x00000000c9900000, 0x00000000c9800000| Complete 
| 131|0x00000000c9900000, 0x00000000c9a00000, 0x00000000c9a00000|100%|HC|  |TAMS 0x00000000c9a00000, 0x00000000c9900000| Complete 
| 132|0x00000000c9a00000, 0x00000000c9b00000, 0x00000000c9b00000|100%|HC|  |TAMS 0x00000000c9b00000, 0x00000000c9a00000| Complete 
| 133|0x00000000c9b00000, 0x00000000c9c00000, 0x00000000c9c00000|100%|HC|  |TAMS 0x00000000c9c00000, 0x00000000c9b00000| Complete 
| 134|0x00000000c9c00000, 0x00000000c9d00000, 0x00000000c9d00000|100%|HC|  |TAMS 0x00000000c9d00000, 0x00000000c9c00000| Complete 
| 135|0x00000000c9d00000, 0x00000000c9e00000, 0x00000000c9e00000|100%|HC|  |TAMS 0x00000000c9e00000, 0x00000000c9d00000| Complete 
| 136|0x00000000c9e00000, 0x00000000c9f00000, 0x00000000c9f00000|100%|HC|  |TAMS 0x00000000c9f00000, 0x00000000c9e00000| Complete 
| 137|0x00000000c9f00000, 0x00000000ca000000, 0x00000000ca000000|100%|HC|  |TAMS 0x00000000ca000000, 0x00000000c9f00000| Complete 
| 138|0x00000000ca000000, 0x00000000ca100000, 0x00000000ca100000|100%|HC|  |TAMS 0x00000000ca100000, 0x00000000ca000000| Complete 
| 139|0x00000000ca100000, 0x00000000ca200000, 0x00000000ca200000|100%|HC|  |TAMS 0x00000000ca200000, 0x00000000ca100000| Complete 
| 140|0x00000000ca200000, 0x00000000ca300000, 0x00000000ca300000|100%|HC|  |TAMS 0x00000000ca300000, 0x00000000ca200000| Complete 
| 141|0x00000000ca300000, 0x00000000ca400000, 0x00000000ca400000|100%|HC|  |TAMS 0x00000000ca400000, 0x00000000ca300000| Complete 
| 142|0x00000000ca400000, 0x00000000ca500000, 0x00000000ca500000|100%|HC|  |TAMS 0x00000000ca500000, 0x00000000ca400000| Complete 
| 143|0x00000000ca500000, 0x00000000ca600000, 0x00000000ca600000|100%|HC|  |TAMS 0x00000000ca600000, 0x00000000ca500000| Complete 
| 144|0x00000000ca600000, 0x00000000ca700000, 0x00000000ca700000|100%|HC|  |TAMS 0x00000000ca700000, 0x00000000ca600000| Complete 
| 145|0x00000000ca700000, 0x00000000ca800000, 0x00000000ca800000|100%|HC|  |TAMS 0x00000000ca800000, 0x00000000ca700000| Complete 
| 146|0x00000000ca800000, 0x00000000ca900000, 0x00000000ca900000|100%|HC|  |TAMS 0x00000000ca900000, 0x00000000ca800000| Complete 
| 147|0x00000000ca900000, 0x00000000caa00000, 0x00000000caa00000|100%|HC|  |TAMS 0x00000000caa00000, 0x00000000ca900000| Complete 
| 148|0x00000000caa00000, 0x00000000cab00000, 0x00000000cab00000|100%|HC|  |TAMS 0x00000000cab00000, 0x00000000caa00000| Complete 
| 149|0x00000000cab00000, 0x00000000cac00000, 0x00000000cac00000|100%|HC|  |TAMS 0x00000000cac00000, 0x00000000cab00000| Complete 
| 150|0x00000000cac00000, 0x00000000cad00000, 0x00000000cad00000|100%|HC|  |TAMS 0x00000000cad00000, 0x00000000cac00000| Complete 
| 151|0x00000000cad00000, 0x00000000cae00000, 0x00000000cae00000|100%|HC|  |TAMS 0x00000000cae00000, 0x00000000cad00000| Complete 
| 152|0x00000000cae00000, 0x00000000caf00000, 0x00000000caf00000|100%|HC|  |TAMS 0x00000000caf00000, 0x00000000cae00000| Complete 
| 153|0x00000000caf00000, 0x00000000cb000000, 0x00000000cb000000|100%|HC|  |TAMS 0x00000000cb000000, 0x00000000caf00000| Complete 
| 154|0x00000000cb000000, 0x00000000cb100000, 0x00000000cb100000|100%|HC|  |TAMS 0x00000000cb100000, 0x00000000cb000000| Complete 
| 155|0x00000000cb100000, 0x00000000cb200000, 0x00000000cb200000|100%|HC|  |TAMS 0x00000000cb200000, 0x00000000cb100000| Complete 
| 156|0x00000000cb200000, 0x00000000cb300000, 0x00000000cb300000|100%|HC|  |TAMS 0x00000000cb300000, 0x00000000cb200000| Complete 
| 157|0x00000000cb300000, 0x00000000cb400000, 0x00000000cb400000|100%|HC|  |TAMS 0x00000000cb400000, 0x00000000cb300000| Complete 
| 158|0x00000000cb400000, 0x00000000cb500000, 0x00000000cb500000|100%|HC|  |TAMS 0x00000000cb500000, 0x00000000cb400000| Complete 
| 159|0x00000000cb500000, 0x00000000cb600000, 0x00000000cb600000|100%|HC|  |TAMS 0x00000000cb600000, 0x00000000cb500000| Complete 
| 160|0x00000000cb600000, 0x00000000cb700000, 0x00000000cb700000|100%|HC|  |TAMS 0x00000000cb700000, 0x00000000cb600000| Complete 
| 161|0x00000000cb700000, 0x00000000cb800000, 0x00000000cb800000|100%|HC|  |TAMS 0x00000000cb800000, 0x00000000cb700000| Complete 
| 162|0x00000000cb800000, 0x00000000cb900000, 0x00000000cb900000|100%|HC|  |TAMS 0x00000000cb900000, 0x00000000cb800000| Complete 
| 163|0x00000000cb900000, 0x00000000cba00000, 0x00000000cba00000|100%|HC|  |TAMS 0x00000000cba00000, 0x00000000cb900000| Complete 
| 164|0x00000000cba00000, 0x00000000cbb00000, 0x00000000cbb00000|100%|HC|  |TAMS 0x00000000cbb00000, 0x00000000cba00000| Complete 
| 165|0x00000000cbb00000, 0x00000000cbc00000, 0x00000000cbc00000|100%|HC|  |TAMS 0x00000000cbc00000, 0x00000000cbb00000| Complete 
| 166|0x00000000cbc00000, 0x00000000cbd00000, 0x00000000cbd00000|100%|HC|  |TAMS 0x00000000cbd00000, 0x00000000cbc00000| Complete 
| 167|0x00000000cbd00000, 0x00000000cbe00000, 0x00000000cbe00000|100%|HC|  |TAMS 0x00000000cbe00000, 0x00000000cbd00000| Complete 
| 168|0x00000000cbe00000, 0x00000000cbf00000, 0x00000000cbf00000|100%|HC|  |TAMS 0x00000000cbf00000, 0x00000000cbe00000| Complete 
| 169|0x00000000cbf00000, 0x00000000cc000000, 0x00000000cc000000|100%|HC|  |TAMS 0x00000000cc000000, 0x00000000cbf00000| Complete 
| 170|0x00000000cc000000, 0x00000000cc100000, 0x00000000cc100000|100%|HC|  |TAMS 0x00000000cc100000, 0x00000000cc000000| Complete 
| 171|0x00000000cc100000, 0x00000000cc200000, 0x00000000cc200000|100%|HC|  |TAMS 0x00000000cc200000, 0x00000000cc100000| Complete 
| 172|0x00000000cc200000, 0x00000000cc300000, 0x00000000cc300000|100%|HC|  |TAMS 0x00000000cc300000, 0x00000000cc200000| Complete 
| 173|0x00000000cc300000, 0x00000000cc400000, 0x00000000cc400000|100%|HC|  |TAMS 0x00000000cc400000, 0x00000000cc300000| Complete 
| 174|0x00000000cc400000, 0x00000000cc500000, 0x00000000cc500000|100%|HC|  |TAMS 0x00000000cc500000, 0x00000000cc400000| Complete 
| 175|0x00000000cc500000, 0x00000000cc600000, 0x00000000cc600000|100%|HC|  |TAMS 0x00000000cc600000, 0x00000000cc500000| Complete 
| 176|0x00000000cc600000, 0x00000000cc700000, 0x00000000cc700000|100%|HC|  |TAMS 0x00000000cc700000, 0x00000000cc600000| Complete 
| 177|0x00000000cc700000, 0x00000000cc800000, 0x00000000cc800000|100%|HC|  |TAMS 0x00000000cc800000, 0x00000000cc700000| Complete 
| 178|0x00000000cc800000, 0x00000000cc900000, 0x00000000cc900000|100%|HC|  |TAMS 0x00000000cc900000, 0x00000000cc800000| Complete 
| 179|0x00000000cc900000, 0x00000000cca00000, 0x00000000cca00000|100%|HC|  |TAMS 0x00000000cca00000, 0x00000000cc900000| Complete 
| 180|0x00000000cca00000, 0x00000000ccb00000, 0x00000000ccb00000|100%|HC|  |TAMS 0x00000000ccb00000, 0x00000000cca00000| Complete 
| 181|0x00000000ccb00000, 0x00000000ccc00000, 0x00000000ccc00000|100%|HC|  |TAMS 0x00000000ccc00000, 0x00000000ccb00000| Complete 
| 182|0x00000000ccc00000, 0x00000000ccd00000, 0x00000000ccd00000|100%|HC|  |TAMS 0x00000000ccd00000, 0x00000000ccc00000| Complete 
| 183|0x00000000ccd00000, 0x00000000cce00000, 0x00000000cce00000|100%|HC|  |TAMS 0x00000000cce00000, 0x00000000ccd00000| Complete 
| 184|0x00000000cce00000, 0x00000000ccf00000, 0x00000000ccf00000|100%|HC|  |TAMS 0x00000000ccf00000, 0x00000000cce00000| Complete 
| 185|0x00000000ccf00000, 0x00000000cd000000, 0x00000000cd000000|100%|HC|  |TAMS 0x00000000cd000000, 0x00000000ccf00000| Complete 
| 186|0x00000000cd000000, 0x00000000cd100000, 0x00000000cd100000|100%|HC|  |TAMS 0x00000000cd100000, 0x00000000cd000000| Complete 
| 187|0x00000000cd100000, 0x00000000cd200000, 0x00000000cd200000|100%|HC|  |TAMS 0x00000000cd200000, 0x00000000cd100000| Complete 
| 188|0x00000000cd200000, 0x00000000cd300000, 0x00000000cd300000|100%|HC|  |TAMS 0x00000000cd300000, 0x00000000cd200000| Complete 
| 189|0x00000000cd300000, 0x00000000cd400000, 0x00000000cd400000|100%|HC|  |TAMS 0x00000000cd400000, 0x00000000cd300000| Complete 
| 190|0x00000000cd400000, 0x00000000cd500000, 0x00000000cd500000|100%|HC|  |TAMS 0x00000000cd500000, 0x00000000cd400000| Complete 
| 191|0x00000000cd500000, 0x00000000cd600000, 0x00000000cd600000|100%|HC|  |TAMS 0x00000000cd600000, 0x00000000cd500000| Complete 
| 192|0x00000000cd600000, 0x00000000cd700000, 0x00000000cd700000|100%|HC|  |TAMS 0x00000000cd700000, 0x00000000cd600000| Complete 
| 193|0x00000000cd700000, 0x00000000cd800000, 0x00000000cd800000|100%|HC|  |TAMS 0x00000000cd800000, 0x00000000cd700000| Complete 
| 194|0x00000000cd800000, 0x00000000cd900000, 0x00000000cd900000|100%|HC|  |TAMS 0x00000000cd900000, 0x00000000cd800000| Complete 
| 195|0x00000000cd900000, 0x00000000cda00000, 0x00000000cda00000|100%|HC|  |TAMS 0x00000000cda00000, 0x00000000cd900000| Complete 
| 196|0x00000000cda00000, 0x00000000cdb00000, 0x00000000cdb00000|100%|HC|  |TAMS 0x00000000cdb00000, 0x00000000cda00000| Complete 
| 197|0x00000000cdb00000, 0x00000000cdc00000, 0x00000000cdc00000|100%|HC|  |TAMS 0x00000000cdc00000, 0x00000000cdb00000| Complete 
| 198|0x00000000cdc00000, 0x00000000cdd00000, 0x00000000cdd00000|100%|HC|  |TAMS 0x00000000cdd00000, 0x00000000cdc00000| Complete 
| 199|0x00000000cdd00000, 0x00000000cde00000, 0x00000000cde00000|100%|HC|  |TAMS 0x00000000cde00000, 0x00000000cdd00000| Complete 
| 200|0x00000000cde00000, 0x00000000cdf00000, 0x00000000cdf00000|100%|HC|  |TAMS 0x00000000cdf00000, 0x00000000cde00000| Complete 
| 201|0x00000000cdf00000, 0x00000000ce000000, 0x00000000ce000000|100%|HC|  |TAMS 0x00000000ce000000, 0x00000000cdf00000| Complete 
| 202|0x00000000ce000000, 0x00000000ce100000, 0x00000000ce100000|100%|HC|  |TAMS 0x00000000ce100000, 0x00000000ce000000| Complete 
| 203|0x00000000ce100000, 0x00000000ce200000, 0x00000000ce200000|100%|HC|  |TAMS 0x00000000ce200000, 0x00000000ce100000| Complete 
| 204|0x00000000ce200000, 0x00000000ce300000, 0x00000000ce300000|100%|HC|  |TAMS 0x00000000ce300000, 0x00000000ce200000| Complete 
| 205|0x00000000ce300000, 0x00000000ce400000, 0x00000000ce400000|100%|HC|  |TAMS 0x00000000ce400000, 0x00000000ce300000| Complete 
| 206|0x00000000ce400000, 0x00000000ce500000, 0x00000000ce500000|100%|HC|  |TAMS 0x00000000ce500000, 0x00000000ce400000| Complete 
| 207|0x00000000ce500000, 0x00000000ce600000, 0x00000000ce600000|100%|HC|  |TAMS 0x00000000ce600000, 0x00000000ce500000| Complete 
| 208|0x00000000ce600000, 0x00000000ce700000, 0x00000000ce700000|100%|HC|  |TAMS 0x00000000ce700000, 0x00000000ce600000| Complete 
| 209|0x00000000ce700000, 0x00000000ce800000, 0x00000000ce800000|100%|HC|  |TAMS 0x00000000ce800000, 0x00000000ce700000| Complete 
| 210|0x00000000ce800000, 0x00000000ce900000, 0x00000000ce900000|100%|HC|  |TAMS 0x00000000ce900000, 0x00000000ce800000| Complete 
| 211|0x00000000ce900000, 0x00000000cea00000, 0x00000000cea00000|100%|HC|  |TAMS 0x00000000cea00000, 0x00000000ce900000| Complete 
| 212|0x00000000cea00000, 0x00000000ceb00000, 0x00000000ceb00000|100%|HC|  |TAMS 0x00000000ceb00000, 0x00000000cea00000| Complete 
| 213|0x00000000ceb00000, 0x00000000cec00000, 0x00000000cec00000|100%|HC|  |TAMS 0x00000000cec00000, 0x00000000ceb00000| Complete 
| 214|0x00000000cec00000, 0x00000000ced00000, 0x00000000ced00000|100%|HC|  |TAMS 0x00000000ced00000, 0x00000000cec00000| Complete 
| 215|0x00000000ced00000, 0x00000000cee00000, 0x00000000cee00000|100%|HC|  |TAMS 0x00000000cee00000, 0x00000000ced00000| Complete 
| 216|0x00000000cee00000, 0x00000000cee00000, 0x00000000cef00000|  0%| F|  |TAMS 0x00000000cee00000, 0x00000000cee00000| Untracked 
| 217|0x00000000cef00000, 0x00000000cef00000, 0x00000000cf000000|  0%| F|  |TAMS 0x00000000cef00000, 0x00000000cef00000| Untracked 
| 218|0x00000000cf000000, 0x00000000cf000000, 0x00000000cf100000|  0%| F|  |TAMS 0x00000000cf000000, 0x00000000cf000000| Untracked 
| 219|0x00000000cf100000, 0x00000000cf100000, 0x00000000cf200000|  0%| F|  |TAMS 0x00000000cf100000, 0x00000000cf100000| Untracked 
| 220|0x00000000cf200000, 0x00000000cf200000, 0x00000000cf300000|  0%| F|  |TAMS 0x00000000cf200000, 0x00000000cf200000| Untracked 
| 221|0x00000000cf300000, 0x00000000cf300000, 0x00000000cf400000|  0%| F|  |TAMS 0x00000000cf300000, 0x00000000cf300000| Untracked 
| 222|0x00000000cf400000, 0x00000000cf400000, 0x00000000cf500000|  0%| F|  |TAMS 0x00000000cf400000, 0x00000000cf400000| Untracked 
| 223|0x00000000cf500000, 0x00000000cf500000, 0x00000000cf600000|  0%| F|  |TAMS 0x00000000cf500000, 0x00000000cf500000| Untracked 
| 224|0x00000000cf600000, 0x00000000cf600000, 0x00000000cf700000|  0%| F|  |TAMS 0x00000000cf600000, 0x00000000cf600000| Untracked 
| 225|0x00000000cf700000, 0x00000000cf700000, 0x00000000cf800000|  0%| F|  |TAMS 0x00000000cf700000, 0x00000000cf700000| Untracked 
| 226|0x00000000cf800000, 0x00000000cf800000, 0x00000000cf900000|  0%| F|  |TAMS 0x00000000cf800000, 0x00000000cf800000| Untracked 
| 227|0x00000000cf900000, 0x00000000cf900000, 0x00000000cfa00000|  0%| F|  |TAMS 0x00000000cf900000, 0x00000000cf900000| Untracked 
| 228|0x00000000cfa00000, 0x00000000cfa00000, 0x00000000cfb00000|  0%| F|  |TAMS 0x00000000cfa00000, 0x00000000cfa00000| Untracked 
| 229|0x00000000cfb00000, 0x00000000cfb00000, 0x00000000cfc00000|  0%| F|  |TAMS 0x00000000cfb00000, 0x00000000cfb00000| Untracked 
| 230|0x00000000cfc00000, 0x00000000cfc00000, 0x00000000cfd00000|  0%| F|  |TAMS 0x00000000cfc00000, 0x00000000cfc00000| Untracked 
| 231|0x00000000cfd00000, 0x00000000cfd00000, 0x00000000cfe00000|  0%| F|  |TAMS 0x00000000cfd00000, 0x00000000cfd00000| Untracked 
| 232|0x00000000cfe00000, 0x00000000cfe00000, 0x00000000cff00000|  0%| F|  |TAMS 0x00000000cfe00000, 0x00000000cfe00000| Untracked 
| 233|0x00000000cff00000, 0x00000000cff00000, 0x00000000d0000000|  0%| F|  |TAMS 0x00000000cff00000, 0x00000000cff00000| Untracked 
| 234|0x00000000d0000000, 0x00000000d0000000, 0x00000000d0100000|  0%| F|  |TAMS 0x00000000d0000000, 0x00000000d0000000| Untracked 
| 235|0x00000000d0100000, 0x00000000d0100000, 0x00000000d0200000|  0%| F|  |TAMS 0x00000000d0100000, 0x00000000d0100000| Untracked 
| 236|0x00000000d0200000, 0x00000000d0200000, 0x00000000d0300000|  0%| F|  |TAMS 0x00000000d0200000, 0x00000000d0200000| Untracked 
| 237|0x00000000d0300000, 0x00000000d0300000, 0x00000000d0400000|  0%| F|  |TAMS 0x00000000d0300000, 0x00000000d0300000| Untracked 
| 238|0x00000000d0400000, 0x00000000d0400000, 0x00000000d0500000|  0%| F|  |TAMS 0x00000000d0400000, 0x00000000d0400000| Untracked 
| 239|0x00000000d0500000, 0x00000000d0500000, 0x00000000d0600000|  0%| F|  |TAMS 0x00000000d0500000, 0x00000000d0500000| Untracked 
| 240|0x00000000d0600000, 0x00000000d0600000, 0x00000000d0700000|  0%| F|  |TAMS 0x00000000d0600000, 0x00000000d0600000| Untracked 
| 241|0x00000000d0700000, 0x00000000d0700000, 0x00000000d0800000|  0%| F|  |TAMS 0x00000000d0700000, 0x00000000d0700000| Untracked 
| 242|0x00000000d0800000, 0x00000000d0800000, 0x00000000d0900000|  0%| F|  |TAMS 0x00000000d0800000, 0x00000000d0800000| Untracked 
| 243|0x00000000d0900000, 0x00000000d0900000, 0x00000000d0a00000|  0%| F|  |TAMS 0x00000000d0900000, 0x00000000d0900000| Untracked 
| 244|0x00000000d0a00000, 0x00000000d0a00000, 0x00000000d0b00000|  0%| F|  |TAMS 0x00000000d0a00000, 0x00000000d0a00000| Untracked 
| 245|0x00000000d0b00000, 0x00000000d0c00000, 0x00000000d0c00000|100%|HS|  |TAMS 0x00000000d0b00000, 0x00000000d0b00000| Complete 
| 246|0x00000000d0c00000, 0x00000000d0d00000, 0x00000000d0d00000|100%|HC|  |TAMS 0x00000000d0c00000, 0x00000000d0c00000| Complete 
| 247|0x00000000d0d00000, 0x00000000d0e00000, 0x00000000d0e00000|100%|HC|  |TAMS 0x00000000d0d00000, 0x00000000d0d00000| Complete 
| 248|0x00000000d0e00000, 0x00000000d0f00000, 0x00000000d0f00000|100%|HC|  |TAMS 0x00000000d0e00000, 0x00000000d0e00000| Complete 
| 249|0x00000000d0f00000, 0x00000000d1000000, 0x00000000d1000000|100%|HC|  |TAMS 0x00000000d0f00000, 0x00000000d0f00000| Complete 
| 250|0x00000000d1000000, 0x00000000d1100000, 0x00000000d1100000|100%|HC|  |TAMS 0x00000000d1000000, 0x00000000d1000000| Complete 
| 251|0x00000000d1100000, 0x00000000d1200000, 0x00000000d1200000|100%|HC|  |TAMS 0x00000000d1100000, 0x00000000d1100000| Complete 
| 252|0x00000000d1200000, 0x00000000d1300000, 0x00000000d1300000|100%|HC|  |TAMS 0x00000000d1200000, 0x00000000d1200000| Complete 
| 253|0x00000000d1300000, 0x00000000d1400000, 0x00000000d1400000|100%|HC|  |TAMS 0x00000000d1300000, 0x00000000d1300000| Complete 
| 254|0x00000000d1400000, 0x00000000d1500000, 0x00000000d1500000|100%|HC|  |TAMS 0x00000000d1400000, 0x00000000d1400000| Complete 
| 255|0x00000000d1500000, 0x00000000d1600000, 0x00000000d1600000|100%|HC|  |TAMS 0x00000000d1500000, 0x00000000d1500000| Complete 
| 256|0x00000000d1600000, 0x00000000d1700000, 0x00000000d1700000|100%|HC|  |TAMS 0x00000000d1600000, 0x00000000d1600000| Complete 
| 257|0x00000000d1700000, 0x00000000d1800000, 0x00000000d1800000|100%|HC|  |TAMS 0x00000000d1700000, 0x00000000d1700000| Complete 
| 258|0x00000000d1800000, 0x00000000d1900000, 0x00000000d1900000|100%|HC|  |TAMS 0x00000000d1800000, 0x00000000d1800000| Complete 
| 259|0x00000000d1900000, 0x00000000d1a00000, 0x00000000d1a00000|100%|HC|  |TAMS 0x00000000d1900000, 0x00000000d1900000| Complete 
| 260|0x00000000d1a00000, 0x00000000d1b00000, 0x00000000d1b00000|100%|HC|  |TAMS 0x00000000d1a00000, 0x00000000d1a00000| Complete 
| 261|0x00000000d1b00000, 0x00000000d1c00000, 0x00000000d1c00000|100%|HC|  |TAMS 0x00000000d1b00000, 0x00000000d1b00000| Complete 
| 262|0x00000000d1c00000, 0x00000000d1d00000, 0x00000000d1d00000|100%|HC|  |TAMS 0x00000000d1c00000, 0x00000000d1c00000| Complete 
| 263|0x00000000d1d00000, 0x00000000d1e00000, 0x00000000d1e00000|100%|HC|  |TAMS 0x00000000d1d00000, 0x00000000d1d00000| Complete 
| 264|0x00000000d1e00000, 0x00000000d1f00000, 0x00000000d1f00000|100%|HC|  |TAMS 0x00000000d1e00000, 0x00000000d1e00000| Complete 
| 265|0x00000000d1f00000, 0x00000000d2000000, 0x00000000d2000000|100%|HC|  |TAMS 0x00000000d1f00000, 0x00000000d1f00000| Complete 
| 266|0x00000000d2000000, 0x00000000d2100000, 0x00000000d2100000|100%|HC|  |TAMS 0x00000000d2000000, 0x00000000d2000000| Complete 
| 267|0x00000000d2100000, 0x00000000d2200000, 0x00000000d2200000|100%|HC|  |TAMS 0x00000000d2100000, 0x00000000d2100000| Complete 
| 268|0x00000000d2200000, 0x00000000d2300000, 0x00000000d2300000|100%|HC|  |TAMS 0x00000000d2200000, 0x00000000d2200000| Complete 
| 269|0x00000000d2300000, 0x00000000d2400000, 0x00000000d2400000|100%|HC|  |TAMS 0x00000000d2300000, 0x00000000d2300000| Complete 
| 270|0x00000000d2400000, 0x00000000d2500000, 0x00000000d2500000|100%|HC|  |TAMS 0x00000000d2400000, 0x00000000d2400000| Complete 
| 271|0x00000000d2500000, 0x00000000d2600000, 0x00000000d2600000|100%|HC|  |TAMS 0x00000000d2500000, 0x00000000d2500000| Complete 
| 272|0x00000000d2600000, 0x00000000d2700000, 0x00000000d2700000|100%|HC|  |TAMS 0x00000000d2600000, 0x00000000d2600000| Complete 
| 273|0x00000000d2700000, 0x00000000d2800000, 0x00000000d2800000|100%|HC|  |TAMS 0x00000000d2700000, 0x00000000d2700000| Complete 
| 274|0x00000000d2800000, 0x00000000d2900000, 0x00000000d2900000|100%|HC|  |TAMS 0x00000000d2800000, 0x00000000d2800000| Complete 
| 275|0x00000000d2900000, 0x00000000d2a00000, 0x00000000d2a00000|100%|HC|  |TAMS 0x00000000d2900000, 0x00000000d2900000| Complete 
| 276|0x00000000d2a00000, 0x00000000d2b00000, 0x00000000d2b00000|100%|HC|  |TAMS 0x00000000d2a00000, 0x00000000d2a00000| Complete 
| 277|0x00000000d2b00000, 0x00000000d2c00000, 0x00000000d2c00000|100%|HC|  |TAMS 0x00000000d2b00000, 0x00000000d2b00000| Complete 
| 278|0x00000000d2c00000, 0x00000000d2d00000, 0x00000000d2d00000|100%|HC|  |TAMS 0x00000000d2c00000, 0x00000000d2c00000| Complete 
| 279|0x00000000d2d00000, 0x00000000d2e00000, 0x00000000d2e00000|100%|HC|  |TAMS 0x00000000d2d00000, 0x00000000d2d00000| Complete 
| 280|0x00000000d2e00000, 0x00000000d2f00000, 0x00000000d2f00000|100%|HC|  |TAMS 0x00000000d2e00000, 0x00000000d2e00000| Complete 
| 281|0x00000000d2f00000, 0x00000000d3000000, 0x00000000d3000000|100%|HC|  |TAMS 0x00000000d2f00000, 0x00000000d2f00000| Complete 
| 282|0x00000000d3000000, 0x00000000d3100000, 0x00000000d3100000|100%|HC|  |TAMS 0x00000000d3000000, 0x00000000d3000000| Complete 
| 283|0x00000000d3100000, 0x00000000d3200000, 0x00000000d3200000|100%|HC|  |TAMS 0x00000000d3100000, 0x00000000d3100000| Complete 
| 284|0x00000000d3200000, 0x00000000d3300000, 0x00000000d3300000|100%|HC|  |TAMS 0x00000000d3200000, 0x00000000d3200000| Complete 
| 285|0x00000000d3300000, 0x00000000d3400000, 0x00000000d3400000|100%|HC|  |TAMS 0x00000000d3300000, 0x00000000d3300000| Complete 
| 286|0x00000000d3400000, 0x00000000d3500000, 0x00000000d3500000|100%|HC|  |TAMS 0x00000000d3400000, 0x00000000d3400000| Complete 
| 287|0x00000000d3500000, 0x00000000d3600000, 0x00000000d3600000|100%|HC|  |TAMS 0x00000000d3500000, 0x00000000d3500000| Complete 
| 288|0x00000000d3600000, 0x00000000d3700000, 0x00000000d3700000|100%|HC|  |TAMS 0x00000000d3600000, 0x00000000d3600000| Complete 
| 289|0x00000000d3700000, 0x00000000d3800000, 0x00000000d3800000|100%|HC|  |TAMS 0x00000000d3700000, 0x00000000d3700000| Complete 
| 290|0x00000000d3800000, 0x00000000d3900000, 0x00000000d3900000|100%|HC|  |TAMS 0x00000000d3800000, 0x00000000d3800000| Complete 
| 291|0x00000000d3900000, 0x00000000d3a00000, 0x00000000d3a00000|100%|HC|  |TAMS 0x00000000d3900000, 0x00000000d3900000| Complete 
| 292|0x00000000d3a00000, 0x00000000d3b00000, 0x00000000d3b00000|100%|HC|  |TAMS 0x00000000d3a00000, 0x00000000d3a00000| Complete 
| 293|0x00000000d3b00000, 0x00000000d3c00000, 0x00000000d3c00000|100%|HC|  |TAMS 0x00000000d3b00000, 0x00000000d3b00000| Complete 
| 294|0x00000000d3c00000, 0x00000000d3d00000, 0x00000000d3d00000|100%|HC|  |TAMS 0x00000000d3c00000, 0x00000000d3c00000| Complete 
| 295|0x00000000d3d00000, 0x00000000d3e00000, 0x00000000d3e00000|100%|HC|  |TAMS 0x00000000d3d00000, 0x00000000d3d00000| Complete 
| 296|0x00000000d3e00000, 0x00000000d3f00000, 0x00000000d3f00000|100%|HC|  |TAMS 0x00000000d3e00000, 0x00000000d3e00000| Complete 
| 297|0x00000000d3f00000, 0x00000000d4000000, 0x00000000d4000000|100%|HC|  |TAMS 0x00000000d3f00000, 0x00000000d3f00000| Complete 
| 298|0x00000000d4000000, 0x00000000d4100000, 0x00000000d4100000|100%|HC|  |TAMS 0x00000000d4000000, 0x00000000d4000000| Complete 
| 299|0x00000000d4100000, 0x00000000d4200000, 0x00000000d4200000|100%|HC|  |TAMS 0x00000000d4100000, 0x00000000d4100000| Complete 
| 300|0x00000000d4200000, 0x00000000d4300000, 0x00000000d4300000|100%|HC|  |TAMS 0x00000000d4200000, 0x00000000d4200000| Complete 
| 301|0x00000000d4300000, 0x00000000d4400000, 0x00000000d4400000|100%|HC|  |TAMS 0x00000000d4300000, 0x00000000d4300000| Complete 
| 302|0x00000000d4400000, 0x00000000d4500000, 0x00000000d4500000|100%|HC|  |TAMS 0x00000000d4400000, 0x00000000d4400000| Complete 
| 303|0x00000000d4500000, 0x00000000d4600000, 0x00000000d4600000|100%|HC|  |TAMS 0x00000000d4500000, 0x00000000d4500000| Complete 
| 304|0x00000000d4600000, 0x00000000d4700000, 0x00000000d4700000|100%|HC|  |TAMS 0x00000000d4600000, 0x00000000d4600000| Complete 
| 305|0x00000000d4700000, 0x00000000d4800000, 0x00000000d4800000|100%|HC|  |TAMS 0x00000000d4700000, 0x00000000d4700000| Complete 
| 306|0x00000000d4800000, 0x00000000d4900000, 0x00000000d4900000|100%|HC|  |TAMS 0x00000000d4800000, 0x00000000d4800000| Complete 
| 307|0x00000000d4900000, 0x00000000d4a00000, 0x00000000d4a00000|100%|HC|  |TAMS 0x00000000d4900000, 0x00000000d4900000| Complete 
| 308|0x00000000d4a00000, 0x00000000d4b00000, 0x00000000d4b00000|100%|HC|  |TAMS 0x00000000d4a00000, 0x00000000d4a00000| Complete 
| 309|0x00000000d4b00000, 0x00000000d4c00000, 0x00000000d4c00000|100%|HC|  |TAMS 0x00000000d4b00000, 0x00000000d4b00000| Complete 
| 310|0x00000000d4c00000, 0x00000000d4d00000, 0x00000000d4d00000|100%|HC|  |TAMS 0x00000000d4c00000, 0x00000000d4c00000| Complete 
| 311|0x00000000d4d00000, 0x00000000d4e00000, 0x00000000d4e00000|100%|HC|  |TAMS 0x00000000d4d00000, 0x00000000d4d00000| Complete 
| 312|0x00000000d4e00000, 0x00000000d4f00000, 0x00000000d4f00000|100%|HC|  |TAMS 0x00000000d4e00000, 0x00000000d4e00000| Complete 
| 313|0x00000000d4f00000, 0x00000000d5000000, 0x00000000d5000000|100%|HC|  |TAMS 0x00000000d4f00000, 0x00000000d4f00000| Complete 
| 314|0x00000000d5000000, 0x00000000d5100000, 0x00000000d5100000|100%|HC|  |TAMS 0x00000000d5000000, 0x00000000d5000000| Complete 
| 315|0x00000000d5100000, 0x00000000d5200000, 0x00000000d5200000|100%|HC|  |TAMS 0x00000000d5100000, 0x00000000d5100000| Complete 
| 316|0x00000000d5200000, 0x00000000d5300000, 0x00000000d5300000|100%|HC|  |TAMS 0x00000000d5200000, 0x00000000d5200000| Complete 
| 317|0x00000000d5300000, 0x00000000d5400000, 0x00000000d5400000|100%|HC|  |TAMS 0x00000000d5300000, 0x00000000d5300000| Complete 
| 318|0x00000000d5400000, 0x00000000d5500000, 0x00000000d5500000|100%|HC|  |TAMS 0x00000000d5400000, 0x00000000d5400000| Complete 
| 319|0x00000000d5500000, 0x00000000d5600000, 0x00000000d5600000|100%|HC|  |TAMS 0x00000000d5500000, 0x00000000d5500000| Complete 
| 320|0x00000000d5600000, 0x00000000d5700000, 0x00000000d5700000|100%|HC|  |TAMS 0x00000000d5600000, 0x00000000d5600000| Complete 
| 321|0x00000000d5700000, 0x00000000d5800000, 0x00000000d5800000|100%|HC|  |TAMS 0x00000000d5700000, 0x00000000d5700000| Complete 
| 322|0x00000000d5800000, 0x00000000d5900000, 0x00000000d5900000|100%|HC|  |TAMS 0x00000000d5800000, 0x00000000d5800000| Complete 
| 323|0x00000000d5900000, 0x00000000d5a00000, 0x00000000d5a00000|100%|HC|  |TAMS 0x00000000d5900000, 0x00000000d5900000| Complete 
| 324|0x00000000d5a00000, 0x00000000d5b00000, 0x00000000d5b00000|100%|HC|  |TAMS 0x00000000d5a00000, 0x00000000d5a00000| Complete 
| 325|0x00000000d5b00000, 0x00000000d5c00000, 0x00000000d5c00000|100%|HC|  |TAMS 0x00000000d5b00000, 0x00000000d5b00000| Complete 
| 326|0x00000000d5c00000, 0x00000000d5d00000, 0x00000000d5d00000|100%|HC|  |TAMS 0x00000000d5c00000, 0x00000000d5c00000| Complete 
| 327|0x00000000d5d00000, 0x00000000d5e00000, 0x00000000d5e00000|100%|HC|  |TAMS 0x00000000d5d00000, 0x00000000d5d00000| Complete 
| 328|0x00000000d5e00000, 0x00000000d5f00000, 0x00000000d5f00000|100%|HC|  |TAMS 0x00000000d5e00000, 0x00000000d5e00000| Complete 
| 329|0x00000000d5f00000, 0x00000000d6000000, 0x00000000d6000000|100%|HC|  |TAMS 0x00000000d5f00000, 0x00000000d5f00000| Complete 
| 330|0x00000000d6000000, 0x00000000d6100000, 0x00000000d6100000|100%|HC|  |TAMS 0x00000000d6000000, 0x00000000d6000000| Complete 
| 331|0x00000000d6100000, 0x00000000d6200000, 0x00000000d6200000|100%|HC|  |TAMS 0x00000000d6100000, 0x00000000d6100000| Complete 
| 332|0x00000000d6200000, 0x00000000d6300000, 0x00000000d6300000|100%|HC|  |TAMS 0x00000000d6200000, 0x00000000d6200000| Complete 
| 333|0x00000000d6300000, 0x00000000d6400000, 0x00000000d6400000|100%|HC|  |TAMS 0x00000000d6300000, 0x00000000d6300000| Complete 
| 334|0x00000000d6400000, 0x00000000d6500000, 0x00000000d6500000|100%|HC|  |TAMS 0x00000000d6400000, 0x00000000d6400000| Complete 
| 335|0x00000000d6500000, 0x00000000d6600000, 0x00000000d6600000|100%|HC|  |TAMS 0x00000000d6500000, 0x00000000d6500000| Complete 
| 336|0x00000000d6600000, 0x00000000d6700000, 0x00000000d6700000|100%|HC|  |TAMS 0x00000000d6600000, 0x00000000d6600000| Complete 
| 337|0x00000000d6700000, 0x00000000d6800000, 0x00000000d6800000|100%|HC|  |TAMS 0x00000000d6700000, 0x00000000d6700000| Complete 
| 338|0x00000000d6800000, 0x00000000d6900000, 0x00000000d6900000|100%|HC|  |TAMS 0x00000000d6800000, 0x00000000d6800000| Complete 
| 339|0x00000000d6900000, 0x00000000d6a00000, 0x00000000d6a00000|100%|HC|  |TAMS 0x00000000d6900000, 0x00000000d6900000| Complete 
| 340|0x00000000d6a00000, 0x00000000d6b00000, 0x00000000d6b00000|100%|HC|  |TAMS 0x00000000d6a00000, 0x00000000d6a00000| Complete 
| 341|0x00000000d6b00000, 0x00000000d6c00000, 0x00000000d6c00000|100%|HC|  |TAMS 0x00000000d6b00000, 0x00000000d6b00000| Complete 
| 342|0x00000000d6c00000, 0x00000000d6d00000, 0x00000000d6d00000|100%|HC|  |TAMS 0x00000000d6c00000, 0x00000000d6c00000| Complete 
| 343|0x00000000d6d00000, 0x00000000d6e00000, 0x00000000d6e00000|100%|HC|  |TAMS 0x00000000d6d00000, 0x00000000d6d00000| Complete 
| 344|0x00000000d6e00000, 0x00000000d6f00000, 0x00000000d6f00000|100%|HC|  |TAMS 0x00000000d6e00000, 0x00000000d6e00000| Complete 
| 345|0x00000000d6f00000, 0x00000000d7000000, 0x00000000d7000000|100%|HC|  |TAMS 0x00000000d6f00000, 0x00000000d6f00000| Complete 
| 346|0x00000000d7000000, 0x00000000d7100000, 0x00000000d7100000|100%|HC|  |TAMS 0x00000000d7000000, 0x00000000d7000000| Complete 
| 347|0x00000000d7100000, 0x00000000d7200000, 0x00000000d7200000|100%|HC|  |TAMS 0x00000000d7100000, 0x00000000d7100000| Complete 
| 348|0x00000000d7200000, 0x00000000d7300000, 0x00000000d7300000|100%|HC|  |TAMS 0x00000000d7200000, 0x00000000d7200000| Complete 
| 349|0x00000000d7300000, 0x00000000d7400000, 0x00000000d7400000|100%|HC|  |TAMS 0x00000000d7300000, 0x00000000d7300000| Complete 
| 350|0x00000000d7400000, 0x00000000d7500000, 0x00000000d7500000|100%|HC|  |TAMS 0x00000000d7400000, 0x00000000d7400000| Complete 
| 351|0x00000000d7500000, 0x00000000d7600000, 0x00000000d7600000|100%|HC|  |TAMS 0x00000000d7500000, 0x00000000d7500000| Complete 
| 352|0x00000000d7600000, 0x00000000d7700000, 0x00000000d7700000|100%|HC|  |TAMS 0x00000000d7600000, 0x00000000d7600000| Complete 
| 353|0x00000000d7700000, 0x00000000d7800000, 0x00000000d7800000|100%|HC|  |TAMS 0x00000000d7700000, 0x00000000d7700000| Complete 
| 354|0x00000000d7800000, 0x00000000d7900000, 0x00000000d7900000|100%|HC|  |TAMS 0x00000000d7800000, 0x00000000d7800000| Complete 
| 355|0x00000000d7900000, 0x00000000d7a00000, 0x00000000d7a00000|100%|HC|  |TAMS 0x00000000d7900000, 0x00000000d7900000| Complete 
| 356|0x00000000d7a00000, 0x00000000d7b00000, 0x00000000d7b00000|100%|HC|  |TAMS 0x00000000d7a00000, 0x00000000d7a00000| Complete 
| 357|0x00000000d7b00000, 0x00000000d7b00000, 0x00000000d7c00000|  0%| F|  |TAMS 0x00000000d7b00000, 0x00000000d7b00000| Untracked 
| 358|0x00000000d7c00000, 0x00000000d7c00000, 0x00000000d7d00000|  0%| F|  |TAMS 0x00000000d7c00000, 0x00000000d7c00000| Untracked 
| 359|0x00000000d7d00000, 0x00000000d7d00000, 0x00000000d7e00000|  0%| F|  |TAMS 0x00000000d7d00000, 0x00000000d7d00000| Untracked 
| 360|0x00000000d7e00000, 0x00000000d7e00000, 0x00000000d7f00000|  0%| F|  |TAMS 0x00000000d7e00000, 0x00000000d7e00000| Untracked 
| 361|0x00000000d7f00000, 0x00000000d7f00000, 0x00000000d8000000|  0%| F|  |TAMS 0x00000000d7f00000, 0x00000000d7f00000| Untracked 
| 362|0x00000000d8000000, 0x00000000d8000000, 0x00000000d8100000|  0%| F|  |TAMS 0x00000000d8000000, 0x00000000d8000000| Untracked 
| 363|0x00000000d8100000, 0x00000000d8100000, 0x00000000d8200000|  0%| F|  |TAMS 0x00000000d8100000, 0x00000000d8100000| Untracked 
| 364|0x00000000d8200000, 0x00000000d8200000, 0x00000000d8300000|  0%| F|  |TAMS 0x00000000d8200000, 0x00000000d8200000| Untracked 
| 365|0x00000000d8300000, 0x00000000d8300000, 0x00000000d8400000|  0%| F|  |TAMS 0x00000000d8300000, 0x00000000d8300000| Untracked 
| 366|0x00000000d8400000, 0x00000000d8400000, 0x00000000d8500000|  0%| F|  |TAMS 0x00000000d8400000, 0x00000000d8400000| Untracked 
| 367|0x00000000d8500000, 0x00000000d8500000, 0x00000000d8600000|  0%| F|  |TAMS 0x00000000d8500000, 0x00000000d8500000| Untracked 
| 368|0x00000000d8600000, 0x00000000d8600000, 0x00000000d8700000|  0%| F|  |TAMS 0x00000000d8600000, 0x00000000d8600000| Untracked 
| 369|0x00000000d8700000, 0x00000000d8700000, 0x00000000d8800000|  0%| F|  |TAMS 0x00000000d8700000, 0x00000000d8700000| Untracked 
| 370|0x00000000d8800000, 0x00000000d8800000, 0x00000000d8900000|  0%| F|  |TAMS 0x00000000d8800000, 0x00000000d8800000| Untracked 
| 371|0x00000000d8900000, 0x00000000d8900000, 0x00000000d8a00000|  0%| F|  |TAMS 0x00000000d8900000, 0x00000000d8900000| Untracked 
| 372|0x00000000d8a00000, 0x00000000d8a00000, 0x00000000d8b00000|  0%| F|  |TAMS 0x00000000d8a00000, 0x00000000d8a00000| Untracked 
| 373|0x00000000d8b00000, 0x00000000d8b00000, 0x00000000d8c00000|  0%| F|  |TAMS 0x00000000d8b00000, 0x00000000d8b00000| Untracked 
| 374|0x00000000d8c00000, 0x00000000d8c00000, 0x00000000d8d00000|  0%| F|  |TAMS 0x00000000d8c00000, 0x00000000d8c00000| Untracked 
| 375|0x00000000d8d00000, 0x00000000d8d00000, 0x00000000d8e00000|  0%| F|  |TAMS 0x00000000d8d00000, 0x00000000d8d00000| Untracked 
| 376|0x00000000d8e00000, 0x00000000d8e00000, 0x00000000d8f00000|  0%| F|  |TAMS 0x00000000d8e00000, 0x00000000d8e00000| Untracked 
| 377|0x00000000d8f00000, 0x00000000d8f00000, 0x00000000d9000000|  0%| F|  |TAMS 0x00000000d8f00000, 0x00000000d8f00000| Untracked 
| 378|0x00000000d9000000, 0x00000000d9000000, 0x00000000d9100000|  0%| F|  |TAMS 0x00000000d9000000, 0x00000000d9000000| Untracked 
| 379|0x00000000d9100000, 0x00000000d9100000, 0x00000000d9200000|  0%| F|  |TAMS 0x00000000d9100000, 0x00000000d9100000| Untracked 
| 380|0x00000000d9200000, 0x00000000d9200000, 0x00000000d9300000|  0%| F|  |TAMS 0x00000000d9200000, 0x00000000d9200000| Untracked 
| 381|0x00000000d9300000, 0x00000000d9300000, 0x00000000d9400000|  0%| F|  |TAMS 0x00000000d9300000, 0x00000000d9300000| Untracked 
| 382|0x00000000d9400000, 0x00000000d9400000, 0x00000000d9500000|  0%| F|  |TAMS 0x00000000d9400000, 0x00000000d9400000| Untracked 
| 383|0x00000000d9500000, 0x00000000d9500000, 0x00000000d9600000|  0%| F|  |TAMS 0x00000000d9500000, 0x00000000d9500000| Untracked 
| 384|0x00000000d9600000, 0x00000000d9600000, 0x00000000d9700000|  0%| F|  |TAMS 0x00000000d9600000, 0x00000000d9600000| Untracked 
| 385|0x00000000d9700000, 0x00000000d9700000, 0x00000000d9800000|  0%| F|  |TAMS 0x00000000d9700000, 0x00000000d9700000| Untracked 
| 386|0x00000000d9800000, 0x00000000d9800000, 0x00000000d9900000|  0%| F|  |TAMS 0x00000000d9800000, 0x00000000d9800000| Untracked 
| 387|0x00000000d9900000, 0x00000000d9900000, 0x00000000d9a00000|  0%| F|  |TAMS 0x00000000d9900000, 0x00000000d9900000| Untracked 
| 388|0x00000000d9a00000, 0x00000000d9a00000, 0x00000000d9b00000|  0%| F|  |TAMS 0x00000000d9a00000, 0x00000000d9a00000| Untracked 
| 389|0x00000000d9b00000, 0x00000000d9b00000, 0x00000000d9c00000|  0%| F|  |TAMS 0x00000000d9b00000, 0x00000000d9b00000| Untracked 
| 390|0x00000000d9c00000, 0x00000000d9c00000, 0x00000000d9d00000|  0%| F|  |TAMS 0x00000000d9c00000, 0x00000000d9c00000| Untracked 
| 391|0x00000000d9d00000, 0x00000000d9d00000, 0x00000000d9e00000|  0%| F|  |TAMS 0x00000000d9d00000, 0x00000000d9d00000| Untracked 
| 392|0x00000000d9e00000, 0x00000000d9e00000, 0x00000000d9f00000|  0%| F|  |TAMS 0x00000000d9e00000, 0x00000000d9e00000| Untracked 
| 393|0x00000000d9f00000, 0x00000000d9f00000, 0x00000000da000000|  0%| F|  |TAMS 0x00000000d9f00000, 0x00000000d9f00000| Untracked 
| 394|0x00000000da000000, 0x00000000da000000, 0x00000000da100000|  0%| F|  |TAMS 0x00000000da000000, 0x00000000da000000| Untracked 
| 395|0x00000000da100000, 0x00000000da100000, 0x00000000da200000|  0%| F|  |TAMS 0x00000000da100000, 0x00000000da100000| Untracked 
| 396|0x00000000da200000, 0x00000000da200000, 0x00000000da300000|  0%| F|  |TAMS 0x00000000da200000, 0x00000000da200000| Untracked 
| 397|0x00000000da300000, 0x00000000da300000, 0x00000000da400000|  0%| F|  |TAMS 0x00000000da300000, 0x00000000da300000| Untracked 
| 398|0x00000000da400000, 0x00000000da400000, 0x00000000da500000|  0%| F|  |TAMS 0x00000000da400000, 0x00000000da400000| Untracked 
| 399|0x00000000da500000, 0x00000000da500000, 0x00000000da600000|  0%| F|  |TAMS 0x00000000da500000, 0x00000000da500000| Untracked 
| 400|0x00000000da600000, 0x00000000da600000, 0x00000000da700000|  0%| F|  |TAMS 0x00000000da600000, 0x00000000da600000| Untracked 
| 401|0x00000000da700000, 0x00000000da700000, 0x00000000da800000|  0%| F|  |TAMS 0x00000000da700000, 0x00000000da700000| Untracked 
| 402|0x00000000da800000, 0x00000000da800000, 0x00000000da900000|  0%| F|  |TAMS 0x00000000da800000, 0x00000000da800000| Untracked 
| 403|0x00000000da900000, 0x00000000da900000, 0x00000000daa00000|  0%| F|  |TAMS 0x00000000da900000, 0x00000000da900000| Untracked 
| 404|0x00000000daa00000, 0x00000000daa00000, 0x00000000dab00000|  0%| F|  |TAMS 0x00000000daa00000, 0x00000000daa00000| Untracked 
| 405|0x00000000dab00000, 0x00000000dab00000, 0x00000000dac00000|  0%| F|  |TAMS 0x00000000dab00000, 0x00000000dab00000| Untracked 
| 406|0x00000000dac00000, 0x00000000dac00000, 0x00000000dad00000|  0%| F|  |TAMS 0x00000000dac00000, 0x00000000dac00000| Untracked 
| 407|0x00000000dad00000, 0x00000000dad00000, 0x00000000dae00000|  0%| F|  |TAMS 0x00000000dad00000, 0x00000000dad00000| Untracked 
| 408|0x00000000dae00000, 0x00000000dae00000, 0x00000000daf00000|  0%| F|  |TAMS 0x00000000dae00000, 0x00000000dae00000| Untracked 
| 409|0x00000000daf00000, 0x00000000daf00000, 0x00000000db000000|  0%| F|  |TAMS 0x00000000daf00000, 0x00000000daf00000| Untracked 
| 410|0x00000000db000000, 0x00000000db000000, 0x00000000db100000|  0%| F|  |TAMS 0x00000000db000000, 0x00000000db000000| Untracked 
| 411|0x00000000db100000, 0x00000000db100000, 0x00000000db200000|  0%| F|  |TAMS 0x00000000db100000, 0x00000000db100000| Untracked 
| 412|0x00000000db200000, 0x00000000db200000, 0x00000000db300000|  0%| F|  |TAMS 0x00000000db200000, 0x00000000db200000| Untracked 
| 413|0x00000000db300000, 0x00000000db300000, 0x00000000db400000|  0%| F|  |TAMS 0x00000000db300000, 0x00000000db300000| Untracked 
| 414|0x00000000db400000, 0x00000000db400000, 0x00000000db500000|  0%| F|  |TAMS 0x00000000db400000, 0x00000000db400000| Untracked 
| 415|0x00000000db500000, 0x00000000db500000, 0x00000000db600000|  0%| F|  |TAMS 0x00000000db500000, 0x00000000db500000| Untracked 
| 416|0x00000000db600000, 0x00000000db600000, 0x00000000db700000|  0%| F|  |TAMS 0x00000000db600000, 0x00000000db600000| Untracked 
| 417|0x00000000db700000, 0x00000000db700000, 0x00000000db800000|  0%| F|  |TAMS 0x00000000db700000, 0x00000000db700000| Untracked 
| 418|0x00000000db800000, 0x00000000db800000, 0x00000000db900000|  0%| F|  |TAMS 0x00000000db800000, 0x00000000db800000| Untracked 
| 419|0x00000000db900000, 0x00000000db900000, 0x00000000dba00000|  0%| F|  |TAMS 0x00000000db900000, 0x00000000db900000| Untracked 
| 420|0x00000000dba00000, 0x00000000dba00000, 0x00000000dbb00000|  0%| F|  |TAMS 0x00000000dba00000, 0x00000000dba00000| Untracked 
| 421|0x00000000dbb00000, 0x00000000dbb00000, 0x00000000dbc00000|  0%| F|  |TAMS 0x00000000dbb00000, 0x00000000dbb00000| Untracked 
| 422|0x00000000dbc00000, 0x00000000dbc00000, 0x00000000dbd00000|  0%| F|  |TAMS 0x00000000dbc00000, 0x00000000dbc00000| Untracked 
| 423|0x00000000dbd00000, 0x00000000dbd00000, 0x00000000dbe00000|  0%| F|  |TAMS 0x00000000dbd00000, 0x00000000dbd00000| Untracked 
| 424|0x00000000dbe00000, 0x00000000dbe00000, 0x00000000dbf00000|  0%| F|  |TAMS 0x00000000dbe00000, 0x00000000dbe00000| Untracked 
| 425|0x00000000dbf00000, 0x00000000dbf00000, 0x00000000dc000000|  0%| F|  |TAMS 0x00000000dbf00000, 0x00000000dbf00000| Untracked 
| 426|0x00000000dc000000, 0x00000000dc000000, 0x00000000dc100000|  0%| F|  |TAMS 0x00000000dc000000, 0x00000000dc000000| Untracked 
| 427|0x00000000dc100000, 0x00000000dc100000, 0x00000000dc200000|  0%| F|  |TAMS 0x00000000dc100000, 0x00000000dc100000| Untracked 
| 428|0x00000000dc200000, 0x00000000dc200000, 0x00000000dc300000|  0%| F|  |TAMS 0x00000000dc200000, 0x00000000dc200000| Untracked 
| 429|0x00000000dc300000, 0x00000000dc300000, 0x00000000dc400000|  0%| F|  |TAMS 0x00000000dc300000, 0x00000000dc300000| Untracked 
| 430|0x00000000dc400000, 0x00000000dc400000, 0x00000000dc500000|  0%| F|  |TAMS 0x00000000dc400000, 0x00000000dc400000| Untracked 
| 431|0x00000000dc500000, 0x00000000dc500000, 0x00000000dc600000|  0%| F|  |TAMS 0x00000000dc500000, 0x00000000dc500000| Untracked 
| 432|0x00000000dc600000, 0x00000000dc67c078, 0x00000000dc700000| 48%| S|CS|TAMS 0x00000000dc600000, 0x00000000dc600000| Complete 
| 433|0x00000000dc700000, 0x00000000dc800000, 0x00000000dc800000|100%| S|CS|TAMS 0x00000000dc700000, 0x00000000dc700000| Complete 
| 434|0x00000000dc800000, 0x00000000dc900000, 0x00000000dc900000|100%| S|CS|TAMS 0x00000000dc800000, 0x00000000dc800000| Complete 
| 435|0x00000000dc900000, 0x00000000dc900000, 0x00000000dca00000|  0%| F|  |TAMS 0x00000000dc900000, 0x00000000dc900000| Untracked 
| 436|0x00000000dca00000, 0x00000000dca00000, 0x00000000dcb00000|  0%| F|  |TAMS 0x00000000dca00000, 0x00000000dca00000| Untracked 
| 437|0x00000000dcb00000, 0x00000000dcb00000, 0x00000000dcc00000|  0%| F|  |TAMS 0x00000000dcb00000, 0x00000000dcb00000| Untracked 
| 438|0x00000000dcc00000, 0x00000000dcc00000, 0x00000000dcd00000|  0%| F|  |TAMS 0x00000000dcc00000, 0x00000000dcc00000| Untracked 
| 439|0x00000000dcd00000, 0x00000000dcd00000, 0x00000000dce00000|  0%| F|  |TAMS 0x00000000dcd00000, 0x00000000dcd00000| Untracked 
| 440|0x00000000dce00000, 0x00000000dce00000, 0x00000000dcf00000|  0%| F|  |TAMS 0x00000000dce00000, 0x00000000dce00000| Untracked 
| 441|0x00000000dcf00000, 0x00000000dcf00000, 0x00000000dd000000|  0%| F|  |TAMS 0x00000000dcf00000, 0x00000000dcf00000| Untracked 
| 442|0x00000000dd000000, 0x00000000dd000000, 0x00000000dd100000|  0%| F|  |TAMS 0x00000000dd000000, 0x00000000dd000000| Untracked 
| 443|0x00000000dd100000, 0x00000000dd100000, 0x00000000dd200000|  0%| F|  |TAMS 0x00000000dd100000, 0x00000000dd100000| Untracked 
| 444|0x00000000dd200000, 0x00000000dd200000, 0x00000000dd300000|  0%| F|  |TAMS 0x00000000dd200000, 0x00000000dd200000| Untracked 
| 445|0x00000000dd300000, 0x00000000dd300000, 0x00000000dd400000|  0%| F|  |TAMS 0x00000000dd300000, 0x00000000dd300000| Untracked 
| 446|0x00000000dd400000, 0x00000000dd400000, 0x00000000dd500000|  0%| F|  |TAMS 0x00000000dd400000, 0x00000000dd400000| Untracked 
| 447|0x00000000dd500000, 0x00000000dd500000, 0x00000000dd600000|  0%| F|  |TAMS 0x00000000dd500000, 0x00000000dd500000| Untracked 
| 448|0x00000000dd600000, 0x00000000dd600000, 0x00000000dd700000|  0%| F|  |TAMS 0x00000000dd600000, 0x00000000dd600000| Untracked 
| 449|0x00000000dd700000, 0x00000000dd700000, 0x00000000dd800000|  0%| F|  |TAMS 0x00000000dd700000, 0x00000000dd700000| Untracked 
| 450|0x00000000dd800000, 0x00000000dd800000, 0x00000000dd900000|  0%| F|  |TAMS 0x00000000dd800000, 0x00000000dd800000| Untracked 
| 451|0x00000000dd900000, 0x00000000dd900000, 0x00000000dda00000|  0%| F|  |TAMS 0x00000000dd900000, 0x00000000dd900000| Untracked 
| 452|0x00000000dda00000, 0x00000000dda00000, 0x00000000ddb00000|  0%| F|  |TAMS 0x00000000dda00000, 0x00000000dda00000| Untracked 
| 453|0x00000000ddb00000, 0x00000000ddb00000, 0x00000000ddc00000|  0%| F|  |TAMS 0x00000000ddb00000, 0x00000000ddb00000| Untracked 
| 454|0x00000000ddc00000, 0x00000000ddc00000, 0x00000000ddd00000|  0%| F|  |TAMS 0x00000000ddc00000, 0x00000000ddc00000| Untracked 
| 455|0x00000000ddd00000, 0x00000000ddd00000, 0x00000000dde00000|  0%| F|  |TAMS 0x00000000ddd00000, 0x00000000ddd00000| Untracked 
| 456|0x00000000dde00000, 0x00000000dde00000, 0x00000000ddf00000|  0%| F|  |TAMS 0x00000000dde00000, 0x00000000dde00000| Untracked 
| 457|0x00000000ddf00000, 0x00000000ddf00000, 0x00000000de000000|  0%| F|  |TAMS 0x00000000ddf00000, 0x00000000ddf00000| Untracked 
| 458|0x00000000de000000, 0x00000000de000000, 0x00000000de100000|  0%| F|  |TAMS 0x00000000de000000, 0x00000000de000000| Untracked 
| 459|0x00000000de100000, 0x00000000de100000, 0x00000000de200000|  0%| F|  |TAMS 0x00000000de100000, 0x00000000de100000| Untracked 
| 460|0x00000000de200000, 0x00000000de200000, 0x00000000de300000|  0%| F|  |TAMS 0x00000000de200000, 0x00000000de200000| Untracked 
| 461|0x00000000de300000, 0x00000000de300000, 0x00000000de400000|  0%| F|  |TAMS 0x00000000de300000, 0x00000000de300000| Untracked 
| 462|0x00000000de400000, 0x00000000de400000, 0x00000000de500000|  0%| F|  |TAMS 0x00000000de400000, 0x00000000de400000| Untracked 
| 463|0x00000000de500000, 0x00000000de500000, 0x00000000de600000|  0%| F|  |TAMS 0x00000000de500000, 0x00000000de500000| Untracked 
| 464|0x00000000de600000, 0x00000000de600000, 0x00000000de700000|  0%| F|  |TAMS 0x00000000de600000, 0x00000000de600000| Untracked 
| 465|0x00000000de700000, 0x00000000de700000, 0x00000000de800000|  0%| F|  |TAMS 0x00000000de700000, 0x00000000de700000| Untracked 
| 466|0x00000000de800000, 0x00000000de800000, 0x00000000de900000|  0%| F|  |TAMS 0x00000000de800000, 0x00000000de800000| Untracked 
| 467|0x00000000de900000, 0x00000000de900000, 0x00000000dea00000|  0%| F|  |TAMS 0x00000000de900000, 0x00000000de900000| Untracked 
| 468|0x00000000dea00000, 0x00000000dea00000, 0x00000000deb00000|  0%| F|  |TAMS 0x00000000dea00000, 0x00000000dea00000| Untracked 
| 469|0x00000000deb00000, 0x00000000deb00000, 0x00000000dec00000|  0%| F|  |TAMS 0x00000000deb00000, 0x00000000deb00000| Untracked 
| 470|0x00000000dec00000, 0x00000000dec00000, 0x00000000ded00000|  0%| F|  |TAMS 0x00000000dec00000, 0x00000000dec00000| Untracked 
| 471|0x00000000ded00000, 0x00000000ded00000, 0x00000000dee00000|  0%| F|  |TAMS 0x00000000ded00000, 0x00000000ded00000| Untracked 
| 472|0x00000000dee00000, 0x00000000dee00000, 0x00000000def00000|  0%| F|  |TAMS 0x00000000dee00000, 0x00000000dee00000| Untracked 
| 473|0x00000000def00000, 0x00000000def00000, 0x00000000df000000|  0%| F|  |TAMS 0x00000000def00000, 0x00000000def00000| Untracked 
| 474|0x00000000df000000, 0x00000000df000000, 0x00000000df100000|  0%| F|  |TAMS 0x00000000df000000, 0x00000000df000000| Untracked 
| 475|0x00000000df100000, 0x00000000df100000, 0x00000000df200000|  0%| F|  |TAMS 0x00000000df100000, 0x00000000df100000| Untracked 
| 476|0x00000000df200000, 0x00000000df200000, 0x00000000df300000|  0%| F|  |TAMS 0x00000000df200000, 0x00000000df200000| Untracked 
| 477|0x00000000df300000, 0x00000000df300000, 0x00000000df400000|  0%| F|  |TAMS 0x00000000df300000, 0x00000000df300000| Untracked 
| 478|0x00000000df400000, 0x00000000df400000, 0x00000000df500000|  0%| F|  |TAMS 0x00000000df400000, 0x00000000df400000| Untracked 
| 479|0x00000000df500000, 0x00000000df500000, 0x00000000df600000|  0%| F|  |TAMS 0x00000000df500000, 0x00000000df500000| Untracked 
| 480|0x00000000df600000, 0x00000000df600000, 0x00000000df700000|  0%| F|  |TAMS 0x00000000df600000, 0x00000000df600000| Untracked 
| 481|0x00000000df700000, 0x00000000df700000, 0x00000000df800000|  0%| F|  |TAMS 0x00000000df700000, 0x00000000df700000| Untracked 
| 482|0x00000000df800000, 0x00000000df800000, 0x00000000df900000|  0%| F|  |TAMS 0x00000000df800000, 0x00000000df800000| Untracked 
| 483|0x00000000df900000, 0x00000000df900000, 0x00000000dfa00000|  0%| F|  |TAMS 0x00000000df900000, 0x00000000df900000| Untracked 
| 484|0x00000000dfa00000, 0x00000000dfa6f690, 0x00000000dfb00000| 43%| E|  |TAMS 0x00000000dfa00000, 0x00000000dfa00000| Complete 
| 485|0x00000000dfb00000, 0x00000000dfc00000, 0x00000000dfc00000|100%| E|CS|TAMS 0x00000000dfb00000, 0x00000000dfb00000| Complete 
| 486|0x00000000dfc00000, 0x00000000dfd00000, 0x00000000dfd00000|100%| E|CS|TAMS 0x00000000dfc00000, 0x00000000dfc00000| Complete 
| 487|0x00000000dfd00000, 0x00000000dfe00000, 0x00000000dfe00000|100%| E|CS|TAMS 0x00000000dfd00000, 0x00000000dfd00000| Complete 
| 488|0x00000000dfe00000, 0x00000000dff00000, 0x00000000dff00000|100%| E|CS|TAMS 0x00000000dfe00000, 0x00000000dfe00000| Complete 
| 489|0x00000000dff00000, 0x00000000e0000000, 0x00000000e0000000|100%| E|CS|TAMS 0x00000000dff00000, 0x00000000dff00000| Complete 
| 490|0x00000000e0000000, 0x00000000e0100000, 0x00000000e0100000|100%| E|CS|TAMS 0x00000000e0000000, 0x00000000e0000000| Complete 
| 491|0x00000000e0100000, 0x00000000e0200000, 0x00000000e0200000|100%| E|CS|TAMS 0x00000000e0100000, 0x00000000e0100000| Complete 
| 492|0x00000000e0200000, 0x00000000e0300000, 0x00000000e0300000|100%| E|CS|TAMS 0x00000000e0200000, 0x00000000e0200000| Complete 
| 493|0x00000000e0300000, 0x00000000e0400000, 0x00000000e0400000|100%| E|CS|TAMS 0x00000000e0300000, 0x00000000e0300000| Complete 
| 494|0x00000000e0400000, 0x00000000e0500000, 0x00000000e0500000|100%| E|CS|TAMS 0x00000000e0400000, 0x00000000e0400000| Complete 
| 495|0x00000000e0500000, 0x00000000e0600000, 0x00000000e0600000|100%| E|CS|TAMS 0x00000000e0500000, 0x00000000e0500000| Complete 
| 496|0x00000000e0600000, 0x00000000e0700000, 0x00000000e0700000|100%| E|CS|TAMS 0x00000000e0600000, 0x00000000e0600000| Complete 
| 497|0x00000000e0700000, 0x00000000e0800000, 0x00000000e0800000|100%| E|CS|TAMS 0x00000000e0700000, 0x00000000e0700000| Complete 
| 498|0x00000000e0800000, 0x00000000e0900000, 0x00000000e0900000|100%| E|CS|TAMS 0x00000000e0800000, 0x00000000e0800000| Complete 
| 499|0x00000000e0900000, 0x00000000e0a00000, 0x00000000e0a00000|100%| E|CS|TAMS 0x00000000e0900000, 0x00000000e0900000| Complete 
| 500|0x00000000e0a00000, 0x00000000e0b00000, 0x00000000e0b00000|100%| E|CS|TAMS 0x00000000e0a00000, 0x00000000e0a00000| Complete 
| 501|0x00000000e0b00000, 0x00000000e0c00000, 0x00000000e0c00000|100%| E|CS|TAMS 0x00000000e0b00000, 0x00000000e0b00000| Complete 
| 502|0x00000000e0c00000, 0x00000000e0d00000, 0x00000000e0d00000|100%| E|CS|TAMS 0x00000000e0c00000, 0x00000000e0c00000| Complete 
| 503|0x00000000e0d00000, 0x00000000e0e00000, 0x00000000e0e00000|100%| E|CS|TAMS 0x00000000e0d00000, 0x00000000e0d00000| Complete 
| 504|0x00000000e0e00000, 0x00000000e0f00000, 0x00000000e0f00000|100%| E|CS|TAMS 0x00000000e0e00000, 0x00000000e0e00000| Complete 
| 505|0x00000000e0f00000, 0x00000000e1000000, 0x00000000e1000000|100%| E|CS|TAMS 0x00000000e0f00000, 0x00000000e0f00000| Complete 
| 506|0x00000000e1000000, 0x00000000e1100000, 0x00000000e1100000|100%| E|CS|TAMS 0x00000000e1000000, 0x00000000e1000000| Complete 
| 507|0x00000000e1100000, 0x00000000e1200000, 0x00000000e1200000|100%| E|CS|TAMS 0x00000000e1100000, 0x00000000e1100000| Complete 
| 508|0x00000000e1200000, 0x00000000e1300000, 0x00000000e1300000|100%| E|CS|TAMS 0x00000000e1200000, 0x00000000e1200000| Complete 
| 509|0x00000000e1300000, 0x00000000e1400000, 0x00000000e1400000|100%| E|CS|TAMS 0x00000000e1300000, 0x00000000e1300000| Complete 
| 510|0x00000000e1400000, 0x00000000e1500000, 0x00000000e1500000|100%| E|CS|TAMS 0x00000000e1400000, 0x00000000e1400000| Complete 
| 511|0x00000000e1500000, 0x00000000e1600000, 0x00000000e1600000|100%| E|CS|TAMS 0x00000000e1500000, 0x00000000e1500000| Complete 
| 512|0x00000000e1600000, 0x00000000e1700000, 0x00000000e1700000|100%| E|CS|TAMS 0x00000000e1600000, 0x00000000e1600000| Complete 
| 513|0x00000000e1700000, 0x00000000e1800000, 0x00000000e1800000|100%| E|CS|TAMS 0x00000000e1700000, 0x00000000e1700000| Complete 

Card table byte_map: [0x0000023b506a0000,0x0000023b508a0000] _byte_map_base: 0x0000023b50095000

Marking Bits (Prev, Next): (CMBitMap*) 0x0000023b38fd3d58, (CMBitMap*) 0x0000023b38fd3d18
 Prev Bits: [0x0000023b51a50000, 0x0000023b529f8000)
 Next Bits: [0x0000023b50aa0000, 0x0000023b51a48000)

Polling page: 0x0000023b38770000

Metaspace:

Usage:
  Non-class:     20.01 MB capacity,    19.77 MB ( 99%) used,   206.26 KB (  1%) free+waste,    45.25 KB ( <1%) overhead. 
      Class:      2.69 MB capacity,     2.51 MB ( 94%) used,   152.26 KB (  6%) free+waste,    23.25 KB ( <1%) overhead. 
       Both:     22.70 MB capacity,    22.28 MB ( 98%) used,   358.52 KB (  2%) free+waste,    68.50 KB ( <1%) overhead. 

Virtual space:
  Non-class space:       22.00 MB reserved,      20.25 MB ( 92%) committed 
      Class space:        1.00 GB reserved,       2.75 MB ( <1%) committed 
             Both:        1.02 GB reserved,      23.00 MB (  2%) committed 

Chunk freelists:
   Non-Class:  53.00 KB
       Class:  2.00 KB
        Both:  55.00 KB

MaxMetaspaceSize: 17179869184.00 GB
CompressedClassSpaceSize: 1.00 GB

CodeHeap 'non-profiled nmethods': size=120000Kb used=1059Kb max_used=1059Kb free=118940Kb
 bounds [0x0000023b48f70000, 0x0000023b491e0000, 0x0000023b504a0000]
CodeHeap 'profiled nmethods': size=120000Kb used=5313Kb max_used=5313Kb free=114686Kb
 bounds [0x0000023b41a40000, 0x0000023b41f80000, 0x0000023b48f70000]
CodeHeap 'non-nmethods': size=5760Kb used=1411Kb max_used=1430Kb free=4348Kb
 bounds [0x0000023b414a0000, 0x0000023b41710000, 0x0000023b41a40000]
 total_blobs=4442 nmethods=2522 adapters=636
 compilation: enabled
              stopped_count=0, restarted_count=0
 full_count=0

Compilation events (20 events):
Event: 50.827 Thread 0x0000023b5501f000 nmethod 2768 0x0000023b41de1910 code [0x0000023b41de1ac0, 0x0000023b41de1c98]
Event: 50.920 Thread 0x0000023b5501f000 2769       3       java.awt.Component::isEnabled (5 bytes)
Event: 50.921 Thread 0x0000023b5501f000 nmethod 2769 0x0000023b41de1510 code [0x0000023b41de16c0, 0x0000023b41de1858]
Event: 51.066 Thread 0x0000023b5501f000 2770       3       java.nio.MappedByteBuffer::clear (5 bytes)
Event: 51.067 Thread 0x0000023b5501f000 nmethod 2770 0x0000023b41de0f90 code [0x0000023b41de1140, 0x0000023b41de13f8]
Event: 51.067 Thread 0x0000023b5501f000 2771       3       java.nio.MappedByteBuffer::clear (7 bytes)
Event: 51.068 Thread 0x0000023b5501f000 nmethod 2771 0x0000023b41de0a90 code [0x0000023b41de0c40, 0x0000023b41de0e98]
Event: 51.090 Thread 0x0000023b5501f000 2772   !   3       javax.swing.UIDefaults::getResourceCache (176 bytes)
Event: 51.099 Thread 0x0000023b5501f000 nmethod 2772 0x0000023b41f6e690 code [0x0000023b41f6eae0, 0x0000023b41f70ee0]
Event: 51.099 Thread 0x0000023b5501f000 2775       3       com.sun.java.swing.SwingUtilities3::getDelegateRepaintManager (73 bytes)
Event: 51.101 Thread 0x0000023b5501f000 nmethod 2775 0x0000023b41ddf590 code [0x0000023b41ddf800, 0x0000023b41de06c0]
Event: 51.101 Thread 0x0000023b5501f000 2774       3       java.awt.Dimension::<init> (15 bytes)
Event: 51.102 Thread 0x0000023b5501f000 nmethod 2774 0x0000023b41ddf090 code [0x0000023b41ddf240, 0x0000023b41ddf478]
Event: 51.102 Thread 0x0000023b5501f000 2773       1       java.awt.Component::getComponentOrientation (5 bytes)
Event: 51.102 Thread 0x0000023b5501f000 nmethod 2773 0x0000023b49078710 code [0x0000023b490788a0, 0x0000023b490789d8]
Event: 51.576 Thread 0x0000023b5501f000 2777       3       jdk.internal.loader.BuiltinClassLoader::hasClassPath (13 bytes)
Event: 51.577 Thread 0x0000023b5501f000 nmethod 2777 0x0000023b41ddec90 code [0x0000023b41ddee40, 0x0000023b41ddf018]
Event: 51.582 Thread 0x0000023b5501f000 2778       3       com.mysql.cj.jdbc.ConnectionImpl::getConnectionMutex (19 bytes)
Event: 51.583 Thread 0x0000023b5501f000 nmethod 2778 0x0000023b41dde790 code [0x0000023b41dde940, 0x0000023b41ddebd8]
Event: 51.588 Thread 0x0000023b54fad000 2779       4       com.sun.crypto.provider.AESCrypt::implEncryptBlock (953 bytes)

GC Heap History (16 events):
Event: 2.910 GC heap before
{Heap before GC invocations=0 (full 0):
 garbage-first heap   total 65536K, used 13312K [0x00000000c1600000, 0x0000000100000000)
  region size 1024K, 14 young (14336K), 0 survivors (0K)
 Metaspace       used 6214K, capacity 7137K, committed 7424K, reserved 1056768K
  class space    used 585K, capacity 682K, committed 768K, reserved 1048576K
}
Event: 2.932 GC heap after
{Heap after GC invocations=1 (full 0):
 garbage-first heap   total 65536K, used 5428K [0x00000000c1600000, 0x0000000100000000)
  region size 1024K, 2 young (2048K), 2 survivors (2048K)
 Metaspace       used 6214K, capacity 7137K, committed 7424K, reserved 1056768K
  class space    used 585K, capacity 682K, committed 768K, reserved 1048576K
}
Event: 5.493 GC heap before
{Heap before GC invocations=1 (full 0):
 garbage-first heap   total 65536K, used 13620K [0x00000000c1600000, 0x0000000100000000)
  region size 1024K, 10 young (10240K), 2 survivors (2048K)
 Metaspace       used 10557K, capacity 10820K, committed 11008K, reserved 1058816K
  class space    used 1092K, capacity 1207K, committed 1280K, reserved 1048576K
}
Event: 5.506 GC heap after
{Heap after GC invocations=2 (full 0):
 garbage-first heap   total 65536K, used 7257K [0x00000000c1600000, 0x0000000100000000)
  region size 1024K, 2 young (2048K), 2 survivors (2048K)
 Metaspace       used 10557K, capacity 10820K, committed 11008K, reserved 1058816K
  class space    used 1092K, capacity 1207K, committed 1280K, reserved 1048576K
}
Event: 12.433 GC heap before
{Heap before GC invocations=2 (full 0):
 garbage-first heap   total 65536K, used 25689K [0x00000000c1600000, 0x0000000100000000)
  region size 1024K, 22 young (22528K), 2 survivors (2048K)
 Metaspace       used 19074K, capacity 19450K, committed 19584K, reserved 1067008K
  class space    used 2188K, capacity 2342K, committed 2432K, reserved 1048576K
}
Event: 12.467 GC heap after
{Heap after GC invocations=3 (full 0):
 garbage-first heap   total 65536K, used 11392K [0x00000000c1600000, 0x0000000100000000)
  region size 1024K, 3 young (3072K), 3 survivors (3072K)
 Metaspace       used 19074K, capacity 19450K, committed 19584K, reserved 1067008K
  class space    used 2188K, capacity 2342K, committed 2432K, reserved 1048576K
}
Event: 13.352 GC heap before
{Heap before GC invocations=4 (full 0):
 garbage-first heap   total 319488K, used 200832K [0x00000000c1600000, 0x0000000100000000)
  region size 1024K, 15 young (15360K), 3 survivors (3072K)
 Metaspace       used 19076K, capacity 19450K, committed 19584K, reserved 1067008K
  class space    used 2188K, capacity 2342K, committed 2432K, reserved 1048576K
}
Event: 13.398 GC heap after
{Heap after GC invocations=5 (full 0):
 garbage-first heap   total 319488K, used 190091K [0x00000000c1600000, 0x0000000100000000)
  region size 1024K, 1 young (1024K), 1 survivors (1024K)
 Metaspace       used 19076K, capacity 19450K, committed 19584K, reserved 1067008K
  class space    used 2188K, capacity 2342K, committed 2432K, reserved 1048576K
}
Event: 14.328 GC heap before
{Heap before GC invocations=5 (full 0):
 garbage-first heap   total 319488K, used 218763K [0x00000000c1600000, 0x0000000100000000)
  region size 1024K, 30 young (30720K), 1 survivors (1024K)
 Metaspace       used 19076K, capacity 19450K, committed 19584K, reserved 1067008K
  class space    used 2188K, capacity 2342K, committed 2432K, reserved 1048576K
}
Event: 14.337 GC heap after
{Heap after GC invocations=6 (full 0):
 garbage-first heap   total 319488K, used 190069K [0x00000000c1600000, 0x0000000100000000)
  region size 1024K, 1 young (1024K), 1 survivors (1024K)
 Metaspace       used 19076K, capacity 19450K, committed 19584K, reserved 1067008K
  class space    used 2188K, capacity 2342K, committed 2432K, reserved 1048576K
}
Event: 15.878 GC heap before
{Heap before GC invocations=7 (full 0):
 garbage-first heap   total 326656K, used 265845K [0x00000000c1600000, 0x0000000100000000)
  region size 1024K, 76 young (77824K), 1 survivors (1024K)
 Metaspace       used 19076K, capacity 19450K, committed 19584K, reserved 1067008K
  class space    used 2188K, capacity 2342K, committed 2432K, reserved 1048576K
}
Event: 15.880 GC heap after
{Heap after GC invocations=8 (full 0):
 garbage-first heap   total 326656K, used 190018K [0x00000000c1600000, 0x0000000100000000)
  region size 1024K, 1 young (1024K), 1 survivors (1024K)
 Metaspace       used 19076K, capacity 19450K, committed 19584K, reserved 1067008K
  class space    used 2188K, capacity 2342K, committed 2432K, reserved 1048576K
}
Event: 32.119 GC heap before
{Heap before GC invocations=8 (full 0):
 garbage-first heap   total 326656K, used 263746K [0x00000000c1600000, 0x0000000100000000)
  region size 1024K, 75 young (76800K), 1 survivors (1024K)
 Metaspace       used 22555K, capacity 23017K, committed 23296K, reserved 1069056K
  class space    used 2547K, capacity 2718K, committed 2816K, reserved 1048576K
}
Event: 32.141 GC heap after
{Heap after GC invocations=9 (full 0):
 garbage-first heap   total 326656K, used 192478K [0x00000000c1600000, 0x0000000100000000)
  region size 1024K, 3 young (3072K), 3 survivors (3072K)
 Metaspace       used 22555K, capacity 23017K, committed 23296K, reserved 1069056K
  class space    used 2547K, capacity 2718K, committed 2816K, reserved 1048576K
}
Event: 33.655 GC heap before
{Heap before GC invocations=10 (full 0):
 garbage-first heap   total 526336K, used 394206K [0x00000000c1600000, 0x0000000100000000)
  region size 1024K, 89 young (91136K), 3 survivors (3072K)
 Metaspace       used 22556K, capacity 23017K, committed 23296K, reserved 1069056K
  class space    used 2547K, capacity 2718K, committed 2816K, reserved 1048576K
}
Event: 33.663 GC heap after
{Heap after GC invocations=11 (full 0):
 garbage-first heap   total 526336K, used 307234K [0x00000000c1600000, 0x0000000100000000)
  region size 1024K, 3 young (3072K), 3 survivors (3072K)
 Metaspace       used 22556K, capacity 23017K, committed 23296K, reserved 1069056K
  class space    used 2547K, capacity 2718K, committed 2816K, reserved 1048576K
}

Deoptimization events (20 events):
Event: 32.118 Thread 0x0000023b55011800 Uncommon trap: trap_request=0xffffffc6 fr.pc=0x0000023b48ffbec0 relative=0x0000000000001600
Event: 32.118 Thread 0x0000023b55011800 Uncommon trap: reason=bimorphic_or_optimized_type_check action=maybe_recompile pc=0x0000023b48ffbec0 method=java.io.BufferedInputStream.read1([BII)I @ 39 c2
Event: 32.118 Thread 0x0000023b55011800 DEOPT PACKING pc=0x0000023b48ffbec0 sp=0x000000a1ad3fec60
Event: 32.118 Thread 0x0000023b55011800 DEOPT UNPACKING pc=0x0000023b414e912f sp=0x000000a1ad3feba8 mode 2
Event: 32.296 Thread 0x0000023b55011800 Uncommon trap: trap_request=0xffffffc6 fr.pc=0x0000023b48ffbec0 relative=0x0000000000001600
Event: 32.296 Thread 0x0000023b55011800 Uncommon trap: reason=bimorphic_or_optimized_type_check action=maybe_recompile pc=0x0000023b48ffbec0 method=java.io.BufferedInputStream.read1([BII)I @ 39 c2
Event: 32.296 Thread 0x0000023b55011800 DEOPT PACKING pc=0x0000023b48ffbec0 sp=0x000000a1ad3fec60
Event: 32.296 Thread 0x0000023b55011800 DEOPT UNPACKING pc=0x0000023b414e912f sp=0x000000a1ad3feba8 mode 2
Event: 32.296 Thread 0x0000023b55011800 Uncommon trap: trap_request=0xffffffc6 fr.pc=0x0000023b48ffbec0 relative=0x0000000000001600
Event: 32.296 Thread 0x0000023b55011800 Uncommon trap: reason=bimorphic_or_optimized_type_check action=maybe_recompile pc=0x0000023b48ffbec0 method=java.io.BufferedInputStream.read1([BII)I @ 39 c2
Event: 32.296 Thread 0x0000023b55011800 DEOPT PACKING pc=0x0000023b48ffbec0 sp=0x000000a1ad3fec60
Event: 32.296 Thread 0x0000023b55011800 DEOPT UNPACKING pc=0x0000023b414e912f sp=0x000000a1ad3feba8 mode 2
Event: 32.297 Thread 0x0000023b55011800 Uncommon trap: trap_request=0xffffffc6 fr.pc=0x0000023b48ffbec0 relative=0x0000000000001600
Event: 32.297 Thread 0x0000023b55011800 Uncommon trap: reason=bimorphic_or_optimized_type_check action=maybe_recompile pc=0x0000023b48ffbec0 method=java.io.BufferedInputStream.read1([BII)I @ 39 c2
Event: 32.297 Thread 0x0000023b55011800 DEOPT PACKING pc=0x0000023b48ffbec0 sp=0x000000a1ad3fec60
Event: 32.297 Thread 0x0000023b55011800 DEOPT UNPACKING pc=0x0000023b414e912f sp=0x000000a1ad3feba8 mode 2
Event: 32.297 Thread 0x0000023b55011800 Uncommon trap: trap_request=0xffffffc6 fr.pc=0x0000023b48fe0cb4 relative=0x0000000000000754
Event: 32.297 Thread 0x0000023b55011800 Uncommon trap: reason=bimorphic_or_optimized_type_check action=maybe_recompile pc=0x0000023b48fe0cb4 method=java.io.BufferedInputStream.read1([BII)I @ 39 c2
Event: 32.297 Thread 0x0000023b55011800 DEOPT PACKING pc=0x0000023b48fe0cb4 sp=0x000000a1ad3febc0
Event: 32.297 Thread 0x0000023b55011800 DEOPT UNPACKING pc=0x0000023b414e912f sp=0x000000a1ad3feb98 mode 2

Classes unloaded (0 events):
No events

Classes redefined (0 events):
No events

Internal exceptions (20 events):
Event: 3.868 Thread 0x0000023b55e4a000 Exception <a 'java/lang/NoSuchMethodError'{0x00000000c5044a50}: 'int java.lang.invoke.DirectMethodHandle$Holder.invokeSpecialIFC(java.lang.Object, java.lang.Object, int)'> (0x00000000c5044a50) 
thrown [t:/workspace/open/src/hotspot/share/interpreter/linkResolver.cpp, line 767]
Event: 4.006 Thread 0x0000023b55e4a000 Exception <a 'java/lang/NoSuchMethodError'{0x00000000c506ed60}: 'int java.lang.invoke.DirectMethodHandle$Holder.invokeStaticInit(java.lang.Object, java.lang.Object, java.lang.Object, java.lang.Object)'> (0x00000000c506ed60) 
thrown [t:/workspace/open/src/hotspot/share/interpreter/linkResolver.cpp, line 767]
Event: 4.022 Thread 0x0000023b55e4a000 Exception <a 'java/lang/IncompatibleClassChangeError'{0x00000000c5077858}: Found class java.lang.Object, but interface was expected> (0x00000000c5077858) 
thrown [t:/workspace/open/src/hotspot/share/interpreter/linkResolver.cpp, line 833]
Event: 4.024 Thread 0x0000023b55e4a000 Exception <a 'java/lang/NoSuchMethodError'{0x00000000c507a9d8}: 'void java.lang.invoke.DirectMethodHandle$Holder.invokeStaticInit(java.lang.Object, java.lang.Object)'> (0x00000000c507a9d8) 
thrown [t:/workspace/open/src/hotspot/share/interpreter/linkResolver.cpp, line 767]
Event: 4.036 Thread 0x0000023b55e4a000 Exception <a 'java/lang/NoSuchMethodError'{0x00000000c5080390}: 'int java.lang.invoke.DirectMethodHandle$Holder.invokeStaticInit(java.lang.Object, java.lang.Object)'> (0x00000000c5080390) 
thrown [t:/workspace/open/src/hotspot/share/interpreter/linkResolver.cpp, line 767]
Event: 4.899 Thread 0x0000023b55e4a000 Exception <a 'java/lang/NoSuchMethodError'{0x00000000c4e7e7c0}: 'java.lang.Object java.lang.invoke.DirectMethodHandle$Holder.invokeStaticInit(java.lang.Object, java.lang.Object, int, int, int, int)'> (0x00000000c4e7e7c0) 
thrown [t:/workspace/open/src/hotspot/share/interpreter/linkResolver.cpp, line 767]
Event: 6.481 Thread 0x0000023b55e4a000 Exception <a 'java/lang/NullPointerException'{0x00000000c5434140}> (0x00000000c5434140) 
thrown [t:/workspace/open/src/hotspot/share/interpreter/linkResolver.cpp, line 1349]
Event: 6.482 Thread 0x0000023b55e4a000 Exception <a 'java/lang/reflect/InvocationTargetException'{0x00000000c5437d70}> (0x00000000c5437d70) 
thrown [t:/workspace/open/src/hotspot/share/runtime/reflection.cpp, line 1188]
Event: 6.746 Thread 0x0000023b55e4a000 Exception <a 'java/lang/NoSuchMethodError'{0x00000000c53c3c70}: 'java.lang.Object java.lang.invoke.DirectMethodHandle$Holder.invokeVirtual(java.lang.Object, java.lang.Object, java.lang.Object)'> (0x00000000c53c3c70) 
thrown [t:/workspace/open/src/hotspot/share/interpreter/linkResolver.cpp, line 767]
Event: 9.237 Thread 0x0000023b55e4a000 Exception <a 'java/lang/NoSuchMethodError'{0x00000000c475ace8}: 'java.lang.Object java.lang.invoke.DirectMethodHandle$Holder.invokeStatic(java.lang.Object, int, java.lang.Object, java.lang.Object, java.lang.Object, java.lang.Object)'> (0x00000000c475ace8) 
thrown [t:/workspace/open/src/hotspot/share/interpreter/linkResolver.cpp, line 767]
Event: 9.240 Thread 0x0000023b55e4a000 Exception <a 'java/lang/NoSuchMethodError'{0x00000000c47618a8}: 'java.lang.Object java.lang.invoke.DirectMethodHandle$Holder.invokeStatic(java.lang.Object, int, java.lang.Object, java.lang.Object, java.lang.Object)'> (0x00000000c47618a8) 
thrown [t:/workspace/open/src/hotspot/share/interpreter/linkResolver.cpp, line 767]
Event: 9.242 Thread 0x0000023b55e4a000 Exception <a 'java/lang/NoSuchMethodError'{0x00000000c4765110}: 'java.lang.Object java.lang.invoke.DirectMethodHandle$Holder.invokeSpecial(java.lang.Object, java.lang.Object, int, java.lang.Object, java.lang.Object, java.lang.Object)'> (0x00000000c4765110) 
thrown [t:/workspace/open/src/hotspot/share/interpreter/linkResolver.cpp, line 767]
Event: 9.261 Thread 0x0000023b55e4a000 Exception <a 'java/lang/NoSuchMethodError'{0x00000000c477b450}: 'java.lang.Object java.lang.invoke.DirectMethodHandle$Holder.invokeStatic(java.lang.Object, int, java.lang.Object)'> (0x00000000c477b450) 
thrown [t:/workspace/open/src/hotspot/share/interpreter/linkResolver.cpp, line 767]
Event: 9.492 Thread 0x0000023b55e4a000 Exception <a 'java/lang/ClassNotFoundException'{0x00000000c4621760}: com/sun/swing/internal/plaf/metal/resources/spi/metalProvider> (0x00000000c4621760) 
thrown [t:/workspace/open/src/hotspot/share/classfile/systemDictionary.cpp, line 232]
Event: 9.516 Thread 0x0000023b55e4a000 Exception <a 'java/lang/ClassNotFoundException'{0x00000000c4625808}: com/sun/swing/internal/plaf/basic/resources/spi/basicProvider> (0x00000000c4625808) 
thrown [t:/workspace/open/src/hotspot/share/classfile/systemDictionary.cpp, line 232]
Event: 9.797 Thread 0x0000023b55e4a000 Implicit null exception at 0x0000023b48ff1405 to 0x0000023b48ff15ee
Event: 9.797 Thread 0x0000023b55e4a000 Implicit null exception at 0x0000023b48fc6de8 to 0x0000023b48fc6e7a
Event: 9.928 Thread 0x0000023b55e4a000 Exception <a 'java/net/UnknownHostException'{0x00000000c4643050}> (0x00000000c4643050) 
thrown [t:/workspace/open/src/hotspot/share/prims/jni.cpp, line 598]
Event: 31.894 Thread 0x0000023b55e4a000 Exception <a 'java/lang/NoSuchMethodError'{0x00000000d0c21588}: 'void java.lang.invoke.DirectMethodHandle$Holder.invokeStaticInit(java.lang.Object)'> (0x00000000d0c21588) 
thrown [t:/workspace/open/src/hotspot/share/interpreter/linkResolver.cpp, line 767]
Event: 32.041 Thread 0x0000023b55e4a000 Exception <a 'java/lang/NoSuchMethodError'{0x00000000d0c48108}: 'java.lang.Object java.lang.invoke.Invokers$Holder.linkToTargetMethod(java.lang.Object, int, java.lang.Object)'> (0x00000000d0c48108) 
thrown [t:/workspace/open/src/hotspot/share/interpreter/linkResolver.cpp, line 767]

Events (20 events):
Event: 51.575 loading class java/awt/im/spi/InputMethod
Event: 51.575 loading class java/awt/im/spi/InputMethod done
Event: 51.575 loading class sun/awt/im/InputMethodAdapter done
Event: 51.575 loading class sun/awt/windows/WInputMethod done
Event: 51.578 Executing VM operation: RevokeBias
Event: 51.579 Executing VM operation: RevokeBias done
Event: 51.579 Executing VM operation: RevokeBias
Event: 51.579 Executing VM operation: RevokeBias done
Event: 51.579 Executing VM operation: RevokeBias
Event: 51.580 Executing VM operation: RevokeBias done
Event: 51.580 Executing VM operation: RevokeBias
Event: 51.581 Executing VM operation: RevokeBias done
Event: 51.581 Executing VM operation: RevokeBias
Event: 51.581 Executing VM operation: RevokeBias done
Event: 51.582 Executing VM operation: RevokeBias
Event: 51.583 Executing VM operation: RevokeBias done
Event: 51.583 Executing VM operation: RevokeBias
Event: 51.583 Executing VM operation: RevokeBias done
Event: 51.584 Executing VM operation: RevokeBias
Event: 51.584 Executing VM operation: RevokeBias done


Dynamic libraries:
0x00007ff7e2ff0000 - 0x00007ff7e2fff000 	C:\Program Files\Java\jdk-13.0.2\bin\javaw.exe
0x00007ffd870a0000 - 0x00007ffd87290000 	C:\Windows\SYSTEM32\ntdll.dll
0x00007ffd851f0000 - 0x00007ffd852a2000 	C:\Windows\System32\KERNEL32.DLL
0x00007ffd84de0000 - 0x00007ffd85085000 	C:\Windows\System32\KERNELBASE.dll
0x00007ffd844f0000 - 0x00007ffd845ea000 	C:\Windows\System32\ucrtbase.dll
0x00007ffd7f020000 - 0x00007ffd7f038000 	C:\Program Files\Java\jdk-13.0.2\bin\jli.dll
0x00007ffd85500000 - 0x00007ffd855a3000 	C:\Windows\System32\ADVAPI32.dll
0x00007ffd869b0000 - 0x00007ffd86a4e000 	C:\Windows\System32\msvcrt.dll
0x00007ffd86910000 - 0x00007ffd869a7000 	C:\Windows\System32\sechost.dll
0x00007ffd85380000 - 0x00007ffd8549f000 	C:\Windows\System32\RPCRT4.dll
0x00007ffd86da0000 - 0x00007ffd86f34000 	C:\Windows\System32\USER32.dll
0x00007ffd84360000 - 0x00007ffd84381000 	C:\Windows\System32\win32u.dll
0x00007ffd85f60000 - 0x00007ffd85f86000 	C:\Windows\System32\GDI32.dll
0x00007ffd841c0000 - 0x00007ffd84358000 	C:\Windows\System32\gdi32full.dll
0x00007ffd84120000 - 0x00007ffd841be000 	C:\Windows\System32\msvcp_win.dll
0x00007ffd80760000 - 0x00007ffd80775000 	C:\Program Files\Java\jdk-13.0.2\bin\VCRUNTIME140.dll
0x00007ffd72420000 - 0x00007ffd726a4000 	C:\Windows\WinSxS\amd64_microsoft.windows.common-controls_6595b64144ccf1df_6.0.18362.1556_none_9e7e372fe45e41d5\COMCTL32.dll
0x00007ffd86a60000 - 0x00007ffd86d96000 	C:\Windows\System32\combase.dll
0x00007ffd83fe0000 - 0x00007ffd84061000 	C:\Windows\System32\bcryptPrimitives.dll
0x00007ffd73b50000 - 0x00007ffd73b5a000 	C:\Windows\SYSTEM32\VERSION.dll
0x00007ffd86f40000 - 0x00007ffd86f6e000 	C:\Windows\System32\IMM32.DLL
0x00007ffd743f0000 - 0x00007ffd7448b000 	C:\Program Files\Java\jdk-13.0.2\bin\msvcp140.dll
0x00007ffd53080000 - 0x00007ffd53bdd000 	C:\Program Files\Java\jdk-13.0.2\bin\server\jvm.dll
0x00007ffd85680000 - 0x00007ffd85688000 	C:\Windows\System32\PSAPI.DLL
0x00007ffd81eb0000 - 0x00007ffd81eb9000 	C:\Windows\SYSTEM32\WSOCK32.dll
0x00007ffd85710000 - 0x00007ffd8577f000 	C:\Windows\System32\WS2_32.dll
0x00007ffd819e0000 - 0x00007ffd81a04000 	C:\Windows\SYSTEM32\WINMM.dll
0x00007ffd819b0000 - 0x00007ffd819dd000 	C:\Windows\SYSTEM32\WINMMBASE.dll
0x00007ffd84d90000 - 0x00007ffd84dda000 	C:\Windows\System32\cfgmgr32.dll
0x00007ffd83f30000 - 0x00007ffd83f41000 	C:\Windows\System32\kernel.appcore.dll
0x00007ffd807f0000 - 0x00007ffd80800000 	C:\Program Files\Java\jdk-13.0.2\bin\verify.dll
0x00007ffd72e10000 - 0x00007ffd73004000 	C:\Windows\SYSTEM32\DBGHELP.DLL
0x00007ffd72db0000 - 0x00007ffd72dda000 	C:\Windows\SYSTEM32\dbgcore.DLL
0x00007ffd7d2c0000 - 0x00007ffd7d2e6000 	C:\Program Files\Java\jdk-13.0.2\bin\java.dll
0x00007ffd7e8e0000 - 0x00007ffd7e8f7000 	C:\Program Files\Java\jdk-13.0.2\bin\zip.dll
0x00007ffd7fae0000 - 0x00007ffd7faea000 	C:\Program Files\Java\jdk-13.0.2\bin\jimage.dll
0x00007ffd860d0000 - 0x00007ffd867b7000 	C:\Windows\System32\SHELL32.dll
0x00007ffd86f70000 - 0x00007ffd87018000 	C:\Windows\System32\shcore.dll
0x00007ffd84610000 - 0x00007ffd84d8b000 	C:\Windows\System32\windows.storage.dll
0x00007ffd83f50000 - 0x00007ffd83f6e000 	C:\Windows\System32\profapi.dll
0x00007ffd83f90000 - 0x00007ffd83fda000 	C:\Windows\System32\powrprof.dll
0x00007ffd83f20000 - 0x00007ffd83f30000 	C:\Windows\System32\UMPDC.dll
0x00007ffd85bf0000 - 0x00007ffd85c42000 	C:\Windows\System32\shlwapi.dll
0x00007ffd845f0000 - 0x00007ffd84607000 	C:\Windows\System32\cryptsp.dll
0x00007ffd79b80000 - 0x00007ffd79b99000 	C:\Program Files\Java\jdk-13.0.2\bin\net.dll
0x00007ffd7a360000 - 0x00007ffd7a45a000 	C:\Windows\SYSTEM32\WINHTTP.dll
0x00007ffd83760000 - 0x00007ffd837c7000 	C:\Windows\system32\mswsock.dll
0x00007ffd78d20000 - 0x00007ffd78d33000 	C:\Program Files\Java\jdk-13.0.2\bin\nio.dll
0x00007ffd5d860000 - 0x00007ffd5d9f9000 	C:\Program Files\Java\jdk-13.0.2\bin\awt.dll
0x00007ffd867c0000 - 0x00007ffd86885000 	C:\Windows\System32\OLEAUT32.dll
0x00007ffd82060000 - 0x00007ffd820ef000 	C:\Windows\SYSTEM32\apphelp.dll
0x00007ffd82240000 - 0x00007ffd822d9000 	C:\Windows\system32\uxtheme.dll
0x00007ffd85f90000 - 0x00007ffd860c5000 	C:\Windows\System32\MSCTF.dll
0x00007ffd85c50000 - 0x00007ffd85da7000 	C:\Windows\System32\ole32.dll
0x00007ffd834b0000 - 0x00007ffd8357b000 	C:\Windows\SYSTEM32\DNSAPI.dll
0x00007ffd87020000 - 0x00007ffd87028000 	C:\Windows\System32\NSI.dll
0x00007ffd83470000 - 0x00007ffd834aa000 	C:\Windows\SYSTEM32\IPHLPAPI.DLL
0x00007ffd7aa00000 - 0x00007ffd7aa0a000 	C:\Windows\System32\rasadhlp.dll
0x00007ffd7ae60000 - 0x00007ffd7aed7000 	C:\Windows\System32\fwpuclnt.dll
0x00007ffd85090000 - 0x00007ffd850b6000 	C:\Windows\System32\bcrypt.dll
0x00007ffd7fac0000 - 0x00007ffd7face000 	C:\Program Files\Java\jdk-13.0.2\bin\sunmscapi.dll
0x00007ffd84390000 - 0x00007ffd844e1000 	C:\Windows\System32\CRYPT32.dll
0x00007ffd83f70000 - 0x00007ffd83f82000 	C:\Windows\System32\MSASN1.dll
0x00007ffd83a40000 - 0x00007ffd83a66000 	C:\Windows\SYSTEM32\ncrypt.dll
0x00007ffd83a00000 - 0x00007ffd83a3b000 	C:\Windows\SYSTEM32\NTASN1.dll
0x00007ffd754f0000 - 0x00007ffd75515000 	C:\Program Files\Java\jdk-13.0.2\bin\sunec.dll
0x00007ffd832e0000 - 0x00007ffd83313000 	C:\Windows\system32\rsaenh.dll
0x00007ffd83e10000 - 0x00007ffd83e35000 	C:\Windows\SYSTEM32\USERENV.dll
0x00007ffd83930000 - 0x00007ffd8393c000 	C:\Windows\SYSTEM32\CRYPTBASE.dll
0x00007ffd7af40000 - 0x00007ffd7af56000 	C:\Windows\SYSTEM32\dhcpcsvc6.DLL
0x00007ffd7b040000 - 0x00007ffd7b05c000 	C:\Windows\SYSTEM32\dhcpcsvc.DLL
0x00007ffd82590000 - 0x00007ffd825bd000 	C:\Windows\system32\DWMAPI.DLL
0x00007ffd5efd0000 - 0x00007ffd5f126000 	C:\Windows\system32\opengl32.dll
0x00007ffd743c0000 - 0x00007ffd743ec000 	C:\Windows\SYSTEM32\GLU32.dll
0x00007ffd82c30000 - 0x00007ffd82c50000 	C:\Windows\SYSTEM32\dxcore.dll
0x00007ffd74700000 - 0x00007ffd7472d000 	C:\Program Files\Java\jdk-13.0.2\bin\javajpeg.dll
0x00007ffd6b470000 - 0x00007ffd6b4f2000 	C:\Program Files\Java\jdk-13.0.2\bin\freetype.dll
0x00007ffd5f1c0000 - 0x00007ffd5f266000 	C:\Program Files\Java\jdk-13.0.2\bin\fontmanager.dll
0x00007ffd85120000 - 0x00007ffd851c2000 	C:\Windows\System32\clbcatq.dll
0x00007ffd7fd30000 - 0x00007ffd7fedf000 	C:\Windows\SYSTEM32\WindowsCodecs.dll
0x00007ffd65370000 - 0x00007ffd653ab000 	C:\Windows\system32\dataexchange.dll
0x00007ffd81370000 - 0x00007ffd8154d000 	C:\Windows\system32\dcomp.dll
0x00007ffd809e0000 - 0x00007ffd80c3b000 	C:\Windows\system32\d3d11.dll
0x00007ffd82cc0000 - 0x00007ffd82dab000 	C:\Windows\system32\dxgi.dll
0x00007ffd82330000 - 0x00007ffd8258a000 	C:\Windows\system32\twinapi.appcore.dll
0x00007ffd82770000 - 0x00007ffd82799000 	C:\Windows\system32\RMCLIENT.dll

dbghelp: loaded successfully - version: 4.0.5 - missing functions: none
symbol engine: initialized successfully - sym options: 0x614 - pdb path: .;C:\Program Files\Java\jdk-13.0.2\bin;C:\Windows\SYSTEM32;C:\Windows\WinSxS\amd64_microsoft.windows.common-controls_6595b64144ccf1df_6.0.18362.1556_none_9e7e372fe45e41d5;C:\Program Files\Java\jdk-13.0.2\bin\server

VM Arguments:
jvm_args: -Dfile.encoding=Cp1252 
java_command: Application.Home
java_class_path (initial): C:\Users\User\git\bakame\DriveOperations\target\classes;C:\Users\User\Desktop\Libraries\jgoodies-common-1.8.0.jar;C:\Users\User\Desktop\Libraries\jgoodies-forms-1.8.0.jar;C:\Users\User\Desktop\Libraries\miglayout15-swing.jar;C:\Users\User\Downloads\javax.mail.jar;C:\Users\User\Downloads\activation-1.1.1.jar;C:\Users\User\Downloads\jcalendar-1.4.jar;C:\Users\User\Downloads\jfreechart-1.0.19\lib\jcommon-1.0.23.jar;C:\Users\User\Downloads\jfreechart-1.0.19\lib\jfreechart-1.0.19.jar;C:\Users\User\Downloads\commons-net-3.8.0\commons-net-3.8.0.jar;C:\Users\User\Documents\Libs\comm-2.0.jar;C:\Users\User\Documents\Libs\http-2.2.1.jar;C:\Users\User\Downloads\JTattoo-1.6.13.jar;C:\Users\User\Desktop\Libs\jmespath-java-1.11.470.jar;C:\Users\User\Desktop\Libs\aws-java-sdk-core-1.12.65.jar;C:\Users\User\Desktop\Libs\aws-java-sdk-kms-1.12.65.jar;C:\Users\User\Desktop\Libs\aws-java-sdk-s3-1.12.65.jar;C:\Users\User\Desktop\Libs\commons-codec-1.15.jar;C:\Users\User\Desktop\Libs\commons-logging-1.1.3.jar;C:\Users\User\Desktop\Libs\httpclient-4.5.13.jar;C:\Users\User\Desktop\Libs\ion-java-1.0.2.jar;C:\Users\User\Desktop\Libs\jackson-annotations-2.12.3.jar;C:\Users\User\Desktop\Libs\jackson-core-2.12.3.jar;C:\Users\User\Desktop\Libs\jackson-databind-2.12.3.jar;C:\Users\User\Desktop\Libs\jackson-dataformat-cbor-2.12.3.jar;C:\Users\User\Desktop\Libs\jmespath-java-1.12.65.jar;C:\Users\User\Desktop\Libs\joda-time-2.8.1.jar;C:\Users\User\Desktop\Libs\mysql-connector-java-5.1.45.jar;C:\Users\User\.m2\repository\com\amazonaws\aws-java-sdk-s3\1.12.65\aws-java-sdk-s3-1.12.65.jar;C:\Users\User\.m2\repository\com\amazonaws\aws-java-sdk-kms\1.12.65\aws-java-sdk-kms-1.12.65.jar;C:\Users\User\.m2\repository\com\amazonaws\aws-java-sdk-core\1.12.65\aws-java-sdk-core-1.12.65.jar;C:\Users\User\.m2\repository\commons-logging\commons-logging\1.1.3\commons-logging-1.1.3.jar;C:\Users\User\.m2\repository\commons-codec\commons-codec\1.15\commons-codec-1.15.jar;C:\Users\User\.m2\re
Launcher Type: SUN_STANDARD

[Global flags]
     intx CICompilerCount                          = 3                                         {product} {ergonomic}
     uint ConcGCThreads                            = 1                                         {product} {ergonomic}
     uint G1ConcRefinementThreads                  = 4                                         {product} {ergonomic}
   size_t G1HeapRegionSize                         = 1048576                                   {product} {ergonomic}
    uintx GCDrainStackTargetSize                   = 64                                        {product} {ergonomic}
   size_t InitialHeapSize                          = 67108864                                  {product} {ergonomic}
   size_t MarkStackSize                            = 4194304                                   {product} {ergonomic}
   size_t MaxHeapSize                              = 1050673152                                {product} {ergonomic}
   size_t MaxNewSize                               = 630194176                                 {product} {ergonomic}
   size_t MinHeapDeltaBytes                        = 1048576                                   {product} {ergonomic}
   size_t MinHeapSize                              = 8388608                                   {product} {ergonomic}
    uintx NonNMethodCodeHeapSize                   = 5832780                                {pd product} {ergonomic}
    uintx NonProfiledCodeHeapSize                  = 122912730                              {pd product} {ergonomic}
    uintx ProfiledCodeHeapSize                     = 122912730                              {pd product} {ergonomic}
    uintx ReservedCodeCacheSize                    = 251658240                              {pd product} {ergonomic}
     bool SegmentedCodeCache                       = true                                      {product} {ergonomic}
   size_t SoftMaxHeapSize                          = 1050673152                             {manageable} {ergonomic}
     bool UseCompressedClassPointers               = true                                 {lp64_product} {ergonomic}
     bool UseCompressedOops                        = true                                 {lp64_product} {ergonomic}
     bool UseG1GC                                  = true                                      {product} {ergonomic}
     bool UseLargePagesIndividualAllocation        = false                                  {pd product} {ergonomic}

Logging:
Log output configuration:
 #0: stdout all=warning uptime,level,tags
 #1: stderr all=off uptime,level,tags

Environment Variables:
JAVA_HOME=C:\Program Files (x86)\Java\jre1.8.0_241
PATH=C:\Program Files\Java\jdk-13.0.2\bin;C:\Program Files (x86)\Common Files\Oracle\Java\javapath;C:\Windows\system32;C:\Windows;C:\Windows\System32\Wbem;C:\Windows\System32\WindowsPowerShell\v1.0\;C:\Windows\System32\OpenSSH\;C:\Program Files (x86)\apache-maven-3.8.1\bin;C:\Program Files (x86)\gradle-7.1.1\bin;C:\Users\User\Documents\Setup logiciels\mongosh-1.1.2-win32-x64\bin;C:\Program Files\Git\cmd;C:\Program Files\MySQL\MySQL Shell 8.0\bin\;C:\Users\User\AppData\Local\Microsoft\WindowsApps;C:\Users\User\AppData\Local\Programs\Microsoft VS Code\bin;C:\Program Files (x86)\gradle-7.1.1\bin;C:\Users\User\Downloads\platform-tools;C:\Users\User\Documents\Setup logiciels\mongosh-1.1.2-win32-x64\bin;C:\Users\User\AppData\Local\GitHubDesktop\bin;C:\Program Files\JetBrains\IntelliJ IDEA 2022.1.1\bin;
USERNAME=User
OS=Windows_NT
PROCESSOR_IDENTIFIER=Intel64 Family 6 Model 42 Stepping 7, GenuineIntel



---------------  S Y S T E M  ---------------

OS: Windows 10 , 64 bit Build 18362 (10.0.18362.1500)

CPU:total 4 (initial active 4) (2 cores per cpu, 2 threads per core) family 6 model 42 stepping 7, cmov, cx8, fxsr, mmx, sse, sse2, sse3, ssse3, sse4.1, sse4.2, popcnt, avx, aes, clmul, ht, tsc, tscinvbit

Memory: 4k page, system-wide physical 4006M (336M free)
TotalPageFile size 16294M (AvailPageFile size 0M)
current process WorkingSet (physical memory assigned to process): 209M, peak: 279M
current process commit charge ("private bytes"): 644M, peak: 649M

vm_info: Java HotSpot(TM) 64-Bit Server VM (13.0.2+8) for windows-amd64 JRE (13.0.2+8), built on Dec 11 2019 09:20:33 by "mach5one" with unknown MS VC++:1916

END.
