#
# There is insufficient memory for the Java Runtime Environment to continue.
# Native memory allocation (mmap) failed to map 196083712 bytes for Failed to commit area from 0x00000000e2000000 to 0x00000000edb00000 of length 196083712.
# Possible reasons:
#   The system is out of physical RAM or swap space
#   The process is running with CompressedOops enabled, and the Java Heap may be blocking the growth of the native heap
# Possible solutions:
#   Reduce memory load on the system
#   Increase physical memory or swap space
#   Check if swap backing store is full
#   Decrease Java heap size (-Xmx/-Xms)
#   Decrease number of Java threads
#   Decrease Java thread stack sizes (-Xss)
#   Set larger code cache with -XX:ReservedCodeCacheSize=
#   JVM is running with Unscaled Compressed Oops mode in which the Java heap is
#     placed in the first 4GB address space. The Java Heap base address is the
#     maximum limit for the native heap growth. Please use -XX:HeapBaseMinAddress
#     to set the Java Heap base and to place the Java Heap above 4GB virtual address.
# This output file may be truncated or incomplete.
#
#  Out of Memory Error (t:/workspace/open/src/hotspot/os/windows/os_windows.cpp:3301), pid=13932, tid=12208
#
# JRE version: Java(TM) SE Runtime Environment (13.0.2+8) (build 13.0.2+8)
# Java VM: Java HotSpot(TM) 64-Bit Server VM (13.0.2+8, mixed mode, sharing, tiered, compressed oops, g1 gc, windows-amd64)
# No core dump will be written. Minidumps are not enabled by default on client versions of Windows
#

---------------  S U M M A R Y ------------

Command Line: -Dfile.encoding=Cp1252 Application.Home

Host: Intel(R) Core(TM) i5-2520M CPU @ 2.50GHz, 4 cores, 3G,  Windows 10 , 64 bit Build 18362 (10.0.18362.1500)
Time: Fri Jul 29 19:20:54 2022 Afrique de l?Est elapsed time: 14 seconds (0d 0h 0m 14s)

---------------  T H R E A D  ---------------

Current thread (0x000002709bfcd800):  VMThread "VM Thread" [stack: 0x000000ae65c00000,0x000000ae65d00000] [id=12208]

Stack: [0x000000ae65c00000,0x000000ae65d00000]
[error occurred during error reporting (printing stack bounds), id 0xc0000005, EXCEPTION_ACCESS_VIOLATION (0xc0000005) at pc=0x00000270a44010ad]

Native frames: (J=compiled Java code, j=interpreted, Vv=VM code, C=native code)
V  [jvm.dll+0x624f9a]
V  [jvm.dll+0x770cfa]
V  [jvm.dll+0x7724af]
V  [jvm.dll+0x772a15]
V  [jvm.dll+0x7729cb]
V  [jvm.dll+0x6244df]
C  [ntdll.dll+0x790b6]
C  [ntdll.dll+0x6a926]
C  [ntdll.dll+0xa0c6e]
C  0x00000270a44010ad

VM_Operation (0x000000ae658ff8e0): G1Concurrent, mode: safepoint, requested by thread 0x000002709bf3c000


---------------  P R O C E S S  ---------------

Threads class SMR info:
_java_thread_list=0x00000270b9d46480, length=20, elements={
0x00000270b7efe000, 0x00000270b7f03000, 0x00000270b7f1c800, 0x00000270b7f1d000,
0x00000270b7f28000, 0x00000270b7f34000, 0x00000270b7f63800, 0x00000270b8991800,
0x00000270b8994800, 0x00000270b8de4800, 0x00000270b8de7800, 0x00000270b8dea800,
0x00000270b8dfd000, 0x000002709bf02000, 0x00000270b919e000, 0x00000270b8f8a800,
0x00000270b9eb2800, 0x00000270b9dfc000, 0x00000270b9e5f800, 0x00000270b7f33800
}

Java Threads: ( => current thread )
  0x00000270b7efe000 JavaThread "Reference Handler" daemon [_thread_blocked, id=10760, stack(0x000000ae65d00000,0x000000ae65e00000)]
  0x00000270b7f03000 JavaThread "Finalizer" daemon [_thread_blocked, id=7580, stack(0x000000ae65e00000,0x000000ae65f00000)]
  0x00000270b7f1c800 JavaThread "Signal Dispatcher" daemon [_thread_blocked, id=1332, stack(0x000000ae65f00000,0x000000ae66000000)]
  0x00000270b7f1d000 JavaThread "Attach Listener" daemon [_thread_blocked, id=12148, stack(0x000000ae66000000,0x000000ae66100000)]
  0x00000270b7f28000 JavaThread "C2 CompilerThread0" daemon [_thread_blocked, id=14012, stack(0x000000ae66100000,0x000000ae66200000)]
  0x00000270b7f34000 JavaThread "C1 CompilerThread0" daemon [_thread_blocked, id=13820, stack(0x000000ae66200000,0x000000ae66300000)]
  0x00000270b7f63800 JavaThread "Sweeper thread" daemon [_thread_blocked, id=13164, stack(0x000000ae66300000,0x000000ae66400000)]
  0x00000270b8991800 JavaThread "Service Thread" daemon [_thread_blocked, id=1960, stack(0x000000ae66400000,0x000000ae66500000)]
  0x00000270b8994800 JavaThread "Common-Cleaner" daemon [_thread_blocked, id=13892, stack(0x000000ae66600000,0x000000ae66700000)]
  0x00000270b8de4800 JavaThread "Java2D Disposer" daemon [_thread_blocked, id=9564, stack(0x000000ae66700000,0x000000ae66800000)]
  0x00000270b8de7800 JavaThread "AWT-Shutdown" [_thread_blocked, id=13512, stack(0x000000ae66800000,0x000000ae66900000)]
  0x00000270b8dea800 JavaThread "AWT-Windows" daemon [_thread_blocked, id=6456, stack(0x000000ae66900000,0x000000ae66a00000)]
  0x00000270b8dfd000 JavaThread "AWT-EventQueue-0" [_thread_blocked, id=7848, stack(0x000000ae66a00000,0x000000ae66b00000)]
  0x000002709bf02000 JavaThread "DestroyJavaVM" [_thread_blocked, id=14256, stack(0x000000ae65600000,0x000000ae65700000)]
  0x00000270b919e000 JavaThread "Abandoned connection cleanup thread" daemon [_thread_blocked, id=9772, stack(0x000000ae66c00000,0x000000ae66d00000)]
  0x00000270b8f8a800 JavaThread "mysql-cj-abandoned-connection-cleanup" daemon [_thread_blocked, id=13308, stack(0x000000ae66d00000,0x000000ae66e00000)]
  0x00000270b9eb2800 JavaThread "Image Fetcher 0" daemon [_thread_blocked, id=8604, stack(0x000000ae66b00000,0x000000ae66c00000)]
  0x00000270b9dfc000 JavaThread "TimerQueue" daemon [_thread_blocked, id=12616, stack(0x000000ae67200000,0x000000ae67300000)]
  0x00000270b9e5f800 JavaThread "Image Fetcher 1" daemon [_thread_blocked, id=12324, stack(0x000000ae67400000,0x000000ae67500000)]
  0x00000270b7f33800 JavaThread "SwingWorker-pool-1-thread-1" daemon [_thread_blocked, id=6744, stack(0x000000ae67500000,0x000000ae67600000)]

Other Threads:
=>0x000002709bfcd800 VMThread "VM Thread" [stack: 0x000000ae65c00000,0x000000ae65d00000] [id=12208]
  0x00000270b8993000 WatcherThread [stack: 0x000000ae66500000,0x000000ae66600000] [id=1716]
  0x000002709bf32000 GCTaskThread "GC Thread#0" [stack: 0x000000ae65700000,0x000000ae65800000] [id=3112]
  0x00000270b9455000 GCTaskThread "GC Thread#1" [stack: 0x000000ae66e00000,0x000000ae66f00000] [id=11044]
  0x00000270b9391000 GCTaskThread "GC Thread#2" [stack: 0x000000ae66f00000,0x000000ae67000000] [id=2956]
  0x00000270b9b53800 GCTaskThread "GC Thread#3" [stack: 0x000000ae67000000,0x000000ae67100000] [id=13320]
  0x000002709bf3c000 ConcurrentGCThread "G1 Main Marker" [stack: 0x000000ae65800000,0x000000ae65900000] [id=6232]
  0x000002709bf3d800 ConcurrentGCThread "G1 Conc#0" [stack: 0x000000ae65900000,0x000000ae65a00000] [id=7072]
  0x000002709bf94800 ConcurrentGCThread "G1 Refine#0" [stack: 0x000000ae65a00000,0x000000ae65b00000] [id=10552]
  0x00000270b9494800 ConcurrentGCThread "G1 Refine#1" [stack: 0x000000ae67100000,0x000000ae67200000] [id=13404]
  0x000002709bf98000 ConcurrentGCThread "G1 Young RemSet Sampling" [stack: 0x000000ae65b00000,0x000000ae65c00000] [id=580]

Threads with active compile tasks:

VM state:at safepoint (normal execution)

VM Mutex/Monitor currently owned by a thread:  ([mutex/lock_event])
[0x000002709befce30] Threads_lock - owner thread: 0x000002709bfcd800
[0x000002709befe300] Heap_lock - owner thread: 0x000002709bf3c000

Heap address: 0x00000000c1600000, size: 1002 MB, Compressed Oops mode: 32-bit
Narrow klass base: 0x0000000800000000, Narrow klass shift: 3
Compressed class space size: 1073741824 Address: 0x0000000800b40000

Heap:
 garbage-first heap   total 726016K, used 431529K [0x00000000c1600000, 0x0000000100000000)
  region size 1024K, 2 young (2048K), 1 survivors (1024K)
 Metaspace       used 24560K, capacity 25018K, committed 25216K, reserved 1071104K
  class space    used 2768K, capacity 2921K, committed 2944K, reserved 1048576K
Heap Regions: E=young(eden), S=young(survivor), O=old, HS=humongous(starts), HC=humongous(continues), CS=collection set, F=free, A=archive, TAMS=top-at-mark-start (previous, next)
|   0|0x00000000c1600000, 0x00000000c16fefb8, 0x00000000c1700000| 99%| O|  |TAMS 0x00000000c16fefb8, 0x00000000c1600000| Updating 
|   1|0x00000000c1700000, 0x00000000c1800000, 0x00000000c1800000|100%| O|  |TAMS 0x00000000c1800000, 0x00000000c1700000| Updating 
|   2|0x00000000c1800000, 0x00000000c18ffff0, 0x00000000c1900000| 99%| O|  |TAMS 0x00000000c18ffff0, 0x00000000c1800000| Updating 
|   3|0x00000000c1900000, 0x00000000c19fe9f0, 0x00000000c1a00000| 99%| O|  |TAMS 0x00000000c19fe9f0, 0x00000000c1900000| Updating 
|   4|0x00000000c1a00000, 0x00000000c1affff8, 0x00000000c1b00000| 99%| O|  |TAMS 0x00000000c1affff8, 0x00000000c1a00000| Updating 
|   5|0x00000000c1b00000, 0x00000000c1bff118, 0x00000000c1c00000| 99%| O|  |TAMS 0x00000000c1bff118, 0x00000000c1b00000| Updating 
|   6|0x00000000c1c00000, 0x00000000c1cffff8, 0x00000000c1d00000| 99%| O|  |TAMS 0x00000000c1cffff8, 0x00000000c1c00000| Updating 
|   7|0x00000000c1d00000, 0x00000000c1df38b0, 0x00000000c1e00000| 95%| O|  |TAMS 0x00000000c1df38b0, 0x00000000c1d00000| Updating 
|   8|0x00000000c1e00000, 0x00000000c1ef14b8, 0x00000000c1f00000| 94%| O|  |TAMS 0x00000000c1ef14b8, 0x00000000c1e00000| Updating 
|   9|0x00000000c1f00000, 0x00000000c1fd54a0, 0x00000000c2000000| 83%| O|  |TAMS 0x00000000c1fd54a0, 0x00000000c1f00000| Updating 
|  10|0x00000000c2000000, 0x00000000c2100000, 0x00000000c2100000|100%|HS|  |TAMS 0x00000000c2100000, 0x00000000c2000000| Complete 
|  11|0x00000000c2100000, 0x00000000c2200000, 0x00000000c2200000|100%|HC|  |TAMS 0x00000000c2200000, 0x00000000c2100000| Complete 
|  12|0x00000000c2200000, 0x00000000c2300000, 0x00000000c2300000|100%|HC|  |TAMS 0x00000000c2300000, 0x00000000c2200000| Complete 
|  13|0x00000000c2300000, 0x00000000c2400000, 0x00000000c2400000|100%|HC|  |TAMS 0x00000000c2400000, 0x00000000c2300000| Complete 
|  14|0x00000000c2400000, 0x00000000c2500000, 0x00000000c2500000|100%|HS|  |TAMS 0x00000000c2500000, 0x00000000c2400000| Complete 
|  15|0x00000000c2500000, 0x00000000c2600000, 0x00000000c2600000|100%|HC|  |TAMS 0x00000000c2600000, 0x00000000c2500000| Complete 
|  16|0x00000000c2600000, 0x00000000c26fffa0, 0x00000000c2700000| 99%| O|  |TAMS 0x00000000c26fffa0, 0x00000000c2600000| Updating 
|  17|0x00000000c2700000, 0x00000000c27c4068, 0x00000000c2800000| 76%| O|  |TAMS 0x00000000c27c4068, 0x00000000c2700000| Updating 
|  18|0x00000000c2800000, 0x00000000c28ffff0, 0x00000000c2900000| 99%| O|  |TAMS 0x00000000c28ffff0, 0x00000000c2800000| Updating 
|  19|0x00000000c2900000, 0x00000000c2900000, 0x00000000c2a00000|  0%| F|  |TAMS 0x00000000c2900000, 0x00000000c2900000| Untracked 
|  20|0x00000000c2a00000, 0x00000000c2a00000, 0x00000000c2b00000|  0%| F|  |TAMS 0x00000000c2a00000, 0x00000000c2a00000| Untracked 
|  21|0x00000000c2b00000, 0x00000000c2b00000, 0x00000000c2c00000|  0%| F|  |TAMS 0x00000000c2b00000, 0x00000000c2b00000| Untracked 
|  22|0x00000000c2c00000, 0x00000000c2c73a50, 0x00000000c2d00000| 45%| O|  |TAMS 0x00000000c2c73a50, 0x00000000c2c00000| Updating 
|  23|0x00000000c2d00000, 0x00000000c2e00000, 0x00000000c2e00000|100%|HS|  |TAMS 0x00000000c2e00000, 0x00000000c2d00000| Complete 
|  24|0x00000000c2e00000, 0x00000000c2f00000, 0x00000000c2f00000|100%|HC|  |TAMS 0x00000000c2f00000, 0x00000000c2e00000| Complete 
|  25|0x00000000c2f00000, 0x00000000c3000000, 0x00000000c3000000|100%|HC|  |TAMS 0x00000000c3000000, 0x00000000c2f00000| Complete 
|  26|0x00000000c3000000, 0x00000000c3100000, 0x00000000c3100000|100%|HC|  |TAMS 0x00000000c3100000, 0x00000000c3000000| Complete 
|  27|0x00000000c3100000, 0x00000000c3100000, 0x00000000c3200000|  0%| F|  |TAMS 0x00000000c3100000, 0x00000000c3100000| Untracked 
|  28|0x00000000c3200000, 0x00000000c3200000, 0x00000000c3300000|  0%| F|  |TAMS 0x00000000c3200000, 0x00000000c3200000| Untracked 
|  29|0x00000000c3300000, 0x00000000c3300000, 0x00000000c3400000|  0%| F|  |TAMS 0x00000000c3300000, 0x00000000c3300000| Untracked 
|  30|0x00000000c3400000, 0x00000000c3400000, 0x00000000c3500000|  0%| F|  |TAMS 0x00000000c3400000, 0x00000000c3400000| Untracked 
|  31|0x00000000c3500000, 0x00000000c3500000, 0x00000000c3600000|  0%| F|  |TAMS 0x00000000c3500000, 0x00000000c3500000| Untracked 
|  32|0x00000000c3600000, 0x00000000c3600000, 0x00000000c3700000|  0%| F|  |TAMS 0x00000000c3600000, 0x00000000c3600000| Untracked 
|  33|0x00000000c3700000, 0x00000000c3700000, 0x00000000c3800000|  0%| F|  |TAMS 0x00000000c3700000, 0x00000000c3700000| Untracked 
|  34|0x00000000c3800000, 0x00000000c3800000, 0x00000000c3900000|  0%| F|  |TAMS 0x00000000c3800000, 0x00000000c3800000| Untracked 
|  35|0x00000000c3900000, 0x00000000c3900000, 0x00000000c3a00000|  0%| F|  |TAMS 0x00000000c3900000, 0x00000000c3900000| Untracked 
|  36|0x00000000c3a00000, 0x00000000c3a00000, 0x00000000c3b00000|  0%| F|  |TAMS 0x00000000c3a00000, 0x00000000c3a00000| Untracked 
|  37|0x00000000c3b00000, 0x00000000c3c00000, 0x00000000c3c00000|100%|HS|  |TAMS 0x00000000c3c00000, 0x00000000c3b00000| Complete 
|  38|0x00000000c3c00000, 0x00000000c3d00000, 0x00000000c3d00000|100%|HC|  |TAMS 0x00000000c3d00000, 0x00000000c3c00000| Complete 
|  39|0x00000000c3d00000, 0x00000000c3e00000, 0x00000000c3e00000|100%|HC|  |TAMS 0x00000000c3e00000, 0x00000000c3d00000| Complete 
|  40|0x00000000c3e00000, 0x00000000c3f00000, 0x00000000c3f00000|100%|HC|  |TAMS 0x00000000c3f00000, 0x00000000c3e00000| Complete 
|  41|0x00000000c3f00000, 0x00000000c4000000, 0x00000000c4000000|100%|HC|  |TAMS 0x00000000c4000000, 0x00000000c3f00000| Complete 
|  42|0x00000000c4000000, 0x00000000c4100000, 0x00000000c4100000|100%|HC|  |TAMS 0x00000000c4100000, 0x00000000c4000000| Complete 
|  43|0x00000000c4100000, 0x00000000c4200000, 0x00000000c4200000|100%|HC|  |TAMS 0x00000000c4200000, 0x00000000c4100000| Complete 
|  44|0x00000000c4200000, 0x00000000c4300000, 0x00000000c4300000|100%|HC|  |TAMS 0x00000000c4300000, 0x00000000c4200000| Complete 
|  45|0x00000000c4300000, 0x00000000c4400000, 0x00000000c4400000|100%|HC|  |TAMS 0x00000000c4400000, 0x00000000c4300000| Complete 
|  46|0x00000000c4400000, 0x00000000c4500000, 0x00000000c4500000|100%|HC|  |TAMS 0x00000000c4500000, 0x00000000c4400000| Complete 
|  47|0x00000000c4500000, 0x00000000c4600000, 0x00000000c4600000|100%|HC|  |TAMS 0x00000000c4600000, 0x00000000c4500000| Complete 
|  48|0x00000000c4600000, 0x00000000c4700000, 0x00000000c4700000|100%|HC|  |TAMS 0x00000000c4700000, 0x00000000c4600000| Complete 
|  49|0x00000000c4700000, 0x00000000c4800000, 0x00000000c4800000|100%|HC|  |TAMS 0x00000000c4800000, 0x00000000c4700000| Complete 
|  50|0x00000000c4800000, 0x00000000c4900000, 0x00000000c4900000|100%|HC|  |TAMS 0x00000000c4900000, 0x00000000c4800000| Complete 
|  51|0x00000000c4900000, 0x00000000c4a00000, 0x00000000c4a00000|100%|HC|  |TAMS 0x00000000c4a00000, 0x00000000c4900000| Complete 
|  52|0x00000000c4a00000, 0x00000000c4b00000, 0x00000000c4b00000|100%|HC|  |TAMS 0x00000000c4b00000, 0x00000000c4a00000| Complete 
|  53|0x00000000c4b00000, 0x00000000c4c00000, 0x00000000c4c00000|100%|HC|  |TAMS 0x00000000c4c00000, 0x00000000c4b00000| Complete 
|  54|0x00000000c4c00000, 0x00000000c4d00000, 0x00000000c4d00000|100%|HC|  |TAMS 0x00000000c4d00000, 0x00000000c4c00000| Complete 
|  55|0x00000000c4d00000, 0x00000000c4e00000, 0x00000000c4e00000|100%|HC|  |TAMS 0x00000000c4e00000, 0x00000000c4d00000| Complete 
|  56|0x00000000c4e00000, 0x00000000c4f00000, 0x00000000c4f00000|100%|HC|  |TAMS 0x00000000c4f00000, 0x00000000c4e00000| Complete 
|  57|0x00000000c4f00000, 0x00000000c5000000, 0x00000000c5000000|100%|HC|  |TAMS 0x00000000c5000000, 0x00000000c4f00000| Complete 
|  58|0x00000000c5000000, 0x00000000c5100000, 0x00000000c5100000|100%|HC|  |TAMS 0x00000000c5100000, 0x00000000c5000000| Complete 
|  59|0x00000000c5100000, 0x00000000c5200000, 0x00000000c5200000|100%|HC|  |TAMS 0x00000000c5200000, 0x00000000c5100000| Complete 
|  60|0x00000000c5200000, 0x00000000c5300000, 0x00000000c5300000|100%|HC|  |TAMS 0x00000000c5300000, 0x00000000c5200000| Complete 
|  61|0x00000000c5300000, 0x00000000c5400000, 0x00000000c5400000|100%|HC|  |TAMS 0x00000000c5400000, 0x00000000c5300000| Complete 
|  62|0x00000000c5400000, 0x00000000c5500000, 0x00000000c5500000|100%|HC|  |TAMS 0x00000000c5500000, 0x00000000c5400000| Complete 
|  63|0x00000000c5500000, 0x00000000c5600000, 0x00000000c5600000|100%|HC|  |TAMS 0x00000000c5600000, 0x00000000c5500000| Complete 
|  64|0x00000000c5600000, 0x00000000c5700000, 0x00000000c5700000|100%|HC|  |TAMS 0x00000000c5700000, 0x00000000c5600000| Complete 
|  65|0x00000000c5700000, 0x00000000c5800000, 0x00000000c5800000|100%|HC|  |TAMS 0x00000000c5800000, 0x00000000c5700000| Complete 
|  66|0x00000000c5800000, 0x00000000c5900000, 0x00000000c5900000|100%|HC|  |TAMS 0x00000000c5900000, 0x00000000c5800000| Complete 
|  67|0x00000000c5900000, 0x00000000c5a00000, 0x00000000c5a00000|100%|HC|  |TAMS 0x00000000c5a00000, 0x00000000c5900000| Complete 
|  68|0x00000000c5a00000, 0x00000000c5b00000, 0x00000000c5b00000|100%|HC|  |TAMS 0x00000000c5b00000, 0x00000000c5a00000| Complete 
|  69|0x00000000c5b00000, 0x00000000c5c00000, 0x00000000c5c00000|100%|HC|  |TAMS 0x00000000c5c00000, 0x00000000c5b00000| Complete 
|  70|0x00000000c5c00000, 0x00000000c5d00000, 0x00000000c5d00000|100%|HC|  |TAMS 0x00000000c5d00000, 0x00000000c5c00000| Complete 
|  71|0x00000000c5d00000, 0x00000000c5e00000, 0x00000000c5e00000|100%|HC|  |TAMS 0x00000000c5e00000, 0x00000000c5d00000| Complete 
|  72|0x00000000c5e00000, 0x00000000c5f00000, 0x00000000c5f00000|100%|HC|  |TAMS 0x00000000c5f00000, 0x00000000c5e00000| Complete 
|  73|0x00000000c5f00000, 0x00000000c6000000, 0x00000000c6000000|100%|HC|  |TAMS 0x00000000c6000000, 0x00000000c5f00000| Complete 
|  74|0x00000000c6000000, 0x00000000c6100000, 0x00000000c6100000|100%|HC|  |TAMS 0x00000000c6100000, 0x00000000c6000000| Complete 
|  75|0x00000000c6100000, 0x00000000c6200000, 0x00000000c6200000|100%|HC|  |TAMS 0x00000000c6200000, 0x00000000c6100000| Complete 
|  76|0x00000000c6200000, 0x00000000c6300000, 0x00000000c6300000|100%|HC|  |TAMS 0x00000000c6300000, 0x00000000c6200000| Complete 
|  77|0x00000000c6300000, 0x00000000c6400000, 0x00000000c6400000|100%|HC|  |TAMS 0x00000000c6400000, 0x00000000c6300000| Complete 
|  78|0x00000000c6400000, 0x00000000c6500000, 0x00000000c6500000|100%|HC|  |TAMS 0x00000000c6500000, 0x00000000c6400000| Complete 
|  79|0x00000000c6500000, 0x00000000c6600000, 0x00000000c6600000|100%|HC|  |TAMS 0x00000000c6600000, 0x00000000c6500000| Complete 
|  80|0x00000000c6600000, 0x00000000c6700000, 0x00000000c6700000|100%|HC|  |TAMS 0x00000000c6700000, 0x00000000c6600000| Complete 
|  81|0x00000000c6700000, 0x00000000c6800000, 0x00000000c6800000|100%|HC|  |TAMS 0x00000000c6800000, 0x00000000c6700000| Complete 
|  82|0x00000000c6800000, 0x00000000c6900000, 0x00000000c6900000|100%|HC|  |TAMS 0x00000000c6900000, 0x00000000c6800000| Complete 
|  83|0x00000000c6900000, 0x00000000c6a00000, 0x00000000c6a00000|100%|HC|  |TAMS 0x00000000c6a00000, 0x00000000c6900000| Complete 
|  84|0x00000000c6a00000, 0x00000000c6b00000, 0x00000000c6b00000|100%|HC|  |TAMS 0x00000000c6b00000, 0x00000000c6a00000| Complete 
|  85|0x00000000c6b00000, 0x00000000c6c00000, 0x00000000c6c00000|100%|HC|  |TAMS 0x00000000c6c00000, 0x00000000c6b00000| Complete 
|  86|0x00000000c6c00000, 0x00000000c6d00000, 0x00000000c6d00000|100%|HC|  |TAMS 0x00000000c6d00000, 0x00000000c6c00000| Complete 
|  87|0x00000000c6d00000, 0x00000000c6e00000, 0x00000000c6e00000|100%|HC|  |TAMS 0x00000000c6e00000, 0x00000000c6d00000| Complete 
|  88|0x00000000c6e00000, 0x00000000c6f00000, 0x00000000c6f00000|100%|HC|  |TAMS 0x00000000c6f00000, 0x00000000c6e00000| Complete 
|  89|0x00000000c6f00000, 0x00000000c7000000, 0x00000000c7000000|100%|HC|  |TAMS 0x00000000c7000000, 0x00000000c6f00000| Complete 
|  90|0x00000000c7000000, 0x00000000c7100000, 0x00000000c7100000|100%|HC|  |TAMS 0x00000000c7100000, 0x00000000c7000000| Complete 
|  91|0x00000000c7100000, 0x00000000c7200000, 0x00000000c7200000|100%|HC|  |TAMS 0x00000000c7200000, 0x00000000c7100000| Complete 
|  92|0x00000000c7200000, 0x00000000c7300000, 0x00000000c7300000|100%|HC|  |TAMS 0x00000000c7300000, 0x00000000c7200000| Complete 
|  93|0x00000000c7300000, 0x00000000c7400000, 0x00000000c7400000|100%|HC|  |TAMS 0x00000000c7400000, 0x00000000c7300000| Complete 
|  94|0x00000000c7400000, 0x00000000c7500000, 0x00000000c7500000|100%|HC|  |TAMS 0x00000000c7500000, 0x00000000c7400000| Complete 
|  95|0x00000000c7500000, 0x00000000c7600000, 0x00000000c7600000|100%|HC|  |TAMS 0x00000000c7600000, 0x00000000c7500000| Complete 
|  96|0x00000000c7600000, 0x00000000c7700000, 0x00000000c7700000|100%|HC|  |TAMS 0x00000000c7700000, 0x00000000c7600000| Complete 
|  97|0x00000000c7700000, 0x00000000c7800000, 0x00000000c7800000|100%|HC|  |TAMS 0x00000000c7800000, 0x00000000c7700000| Complete 
|  98|0x00000000c7800000, 0x00000000c7900000, 0x00000000c7900000|100%|HC|  |TAMS 0x00000000c7900000, 0x00000000c7800000| Complete 
|  99|0x00000000c7900000, 0x00000000c7a00000, 0x00000000c7a00000|100%|HC|  |TAMS 0x00000000c7a00000, 0x00000000c7900000| Complete 
| 100|0x00000000c7a00000, 0x00000000c7b00000, 0x00000000c7b00000|100%|HC|  |TAMS 0x00000000c7b00000, 0x00000000c7a00000| Complete 
| 101|0x00000000c7b00000, 0x00000000c7c00000, 0x00000000c7c00000|100%|HC|  |TAMS 0x00000000c7c00000, 0x00000000c7b00000| Complete 
| 102|0x00000000c7c00000, 0x00000000c7d00000, 0x00000000c7d00000|100%|HC|  |TAMS 0x00000000c7d00000, 0x00000000c7c00000| Complete 
| 103|0x00000000c7d00000, 0x00000000c7e00000, 0x00000000c7e00000|100%|HC|  |TAMS 0x00000000c7e00000, 0x00000000c7d00000| Complete 
| 104|0x00000000c7e00000, 0x00000000c7f00000, 0x00000000c7f00000|100%|HC|  |TAMS 0x00000000c7f00000, 0x00000000c7e00000| Complete 
| 105|0x00000000c7f00000, 0x00000000c8000000, 0x00000000c8000000|100%|HC|  |TAMS 0x00000000c8000000, 0x00000000c7f00000| Complete 
| 106|0x00000000c8000000, 0x00000000c8100000, 0x00000000c8100000|100%|HC|  |TAMS 0x00000000c8100000, 0x00000000c8000000| Complete 
| 107|0x00000000c8100000, 0x00000000c8200000, 0x00000000c8200000|100%|HC|  |TAMS 0x00000000c8200000, 0x00000000c8100000| Complete 
| 108|0x00000000c8200000, 0x00000000c8300000, 0x00000000c8300000|100%|HC|  |TAMS 0x00000000c8300000, 0x00000000c8200000| Complete 
| 109|0x00000000c8300000, 0x00000000c8400000, 0x00000000c8400000|100%|HC|  |TAMS 0x00000000c8400000, 0x00000000c8300000| Complete 
| 110|0x00000000c8400000, 0x00000000c8500000, 0x00000000c8500000|100%|HC|  |TAMS 0x00000000c8500000, 0x00000000c8400000| Complete 
| 111|0x00000000c8500000, 0x00000000c8600000, 0x00000000c8600000|100%|HC|  |TAMS 0x00000000c8600000, 0x00000000c8500000| Complete 
| 112|0x00000000c8600000, 0x00000000c8700000, 0x00000000c8700000|100%|HC|  |TAMS 0x00000000c8700000, 0x00000000c8600000| Complete 
| 113|0x00000000c8700000, 0x00000000c8800000, 0x00000000c8800000|100%|HC|  |TAMS 0x00000000c8800000, 0x00000000c8700000| Complete 
| 114|0x00000000c8800000, 0x00000000c8900000, 0x00000000c8900000|100%|HC|  |TAMS 0x00000000c8900000, 0x00000000c8800000| Complete 
| 115|0x00000000c8900000, 0x00000000c8a00000, 0x00000000c8a00000|100%|HC|  |TAMS 0x00000000c8a00000, 0x00000000c8900000| Complete 
| 116|0x00000000c8a00000, 0x00000000c8b00000, 0x00000000c8b00000|100%|HC|  |TAMS 0x00000000c8b00000, 0x00000000c8a00000| Complete 
| 117|0x00000000c8b00000, 0x00000000c8c00000, 0x00000000c8c00000|100%|HC|  |TAMS 0x00000000c8c00000, 0x00000000c8b00000| Complete 
| 118|0x00000000c8c00000, 0x00000000c8d00000, 0x00000000c8d00000|100%|HC|  |TAMS 0x00000000c8d00000, 0x00000000c8c00000| Complete 
| 119|0x00000000c8d00000, 0x00000000c8e00000, 0x00000000c8e00000|100%|HC|  |TAMS 0x00000000c8e00000, 0x00000000c8d00000| Complete 
| 120|0x00000000c8e00000, 0x00000000c8f00000, 0x00000000c8f00000|100%|HC|  |TAMS 0x00000000c8f00000, 0x00000000c8e00000| Complete 
| 121|0x00000000c8f00000, 0x00000000c9000000, 0x00000000c9000000|100%|HC|  |TAMS 0x00000000c9000000, 0x00000000c8f00000| Complete 
| 122|0x00000000c9000000, 0x00000000c9100000, 0x00000000c9100000|100%|HC|  |TAMS 0x00000000c9100000, 0x00000000c9000000| Complete 
| 123|0x00000000c9100000, 0x00000000c9200000, 0x00000000c9200000|100%|HC|  |TAMS 0x00000000c9200000, 0x00000000c9100000| Complete 
| 124|0x00000000c9200000, 0x00000000c9300000, 0x00000000c9300000|100%|HC|  |TAMS 0x00000000c9300000, 0x00000000c9200000| Complete 
| 125|0x00000000c9300000, 0x00000000c9400000, 0x00000000c9400000|100%|HC|  |TAMS 0x00000000c9400000, 0x00000000c9300000| Complete 
| 126|0x00000000c9400000, 0x00000000c9500000, 0x00000000c9500000|100%|HC|  |TAMS 0x00000000c9500000, 0x00000000c9400000| Complete 
| 127|0x00000000c9500000, 0x00000000c9600000, 0x00000000c9600000|100%|HC|  |TAMS 0x00000000c9600000, 0x00000000c9500000| Complete 
| 128|0x00000000c9600000, 0x00000000c9700000, 0x00000000c9700000|100%|HC|  |TAMS 0x00000000c9700000, 0x00000000c9600000| Complete 
| 129|0x00000000c9700000, 0x00000000c9800000, 0x00000000c9800000|100%|HC|  |TAMS 0x00000000c9800000, 0x00000000c9700000| Complete 
| 130|0x00000000c9800000, 0x00000000c9900000, 0x00000000c9900000|100%|HC|  |TAMS 0x00000000c9900000, 0x00000000c9800000| Complete 
| 131|0x00000000c9900000, 0x00000000c9a00000, 0x00000000c9a00000|100%|HC|  |TAMS 0x00000000c9a00000, 0x00000000c9900000| Complete 
| 132|0x00000000c9a00000, 0x00000000c9b00000, 0x00000000c9b00000|100%|HC|  |TAMS 0x00000000c9b00000, 0x00000000c9a00000| Complete 
| 133|0x00000000c9b00000, 0x00000000c9c00000, 0x00000000c9c00000|100%|HC|  |TAMS 0x00000000c9c00000, 0x00000000c9b00000| Complete 
| 134|0x00000000c9c00000, 0x00000000c9d00000, 0x00000000c9d00000|100%|HC|  |TAMS 0x00000000c9d00000, 0x00000000c9c00000| Complete 
| 135|0x00000000c9d00000, 0x00000000c9e00000, 0x00000000c9e00000|100%|HC|  |TAMS 0x00000000c9e00000, 0x00000000c9d00000| Complete 
| 136|0x00000000c9e00000, 0x00000000c9f00000, 0x00000000c9f00000|100%|HC|  |TAMS 0x00000000c9f00000, 0x00000000c9e00000| Complete 
| 137|0x00000000c9f00000, 0x00000000ca000000, 0x00000000ca000000|100%|HC|  |TAMS 0x00000000ca000000, 0x00000000c9f00000| Complete 
| 138|0x00000000ca000000, 0x00000000ca100000, 0x00000000ca100000|100%|HC|  |TAMS 0x00000000ca100000, 0x00000000ca000000| Complete 
| 139|0x00000000ca100000, 0x00000000ca200000, 0x00000000ca200000|100%|HC|  |TAMS 0x00000000ca200000, 0x00000000ca100000| Complete 
| 140|0x00000000ca200000, 0x00000000ca300000, 0x00000000ca300000|100%|HC|  |TAMS 0x00000000ca300000, 0x00000000ca200000| Complete 
| 141|0x00000000ca300000, 0x00000000ca400000, 0x00000000ca400000|100%|HC|  |TAMS 0x00000000ca400000, 0x00000000ca300000| Complete 
| 142|0x00000000ca400000, 0x00000000ca500000, 0x00000000ca500000|100%|HC|  |TAMS 0x00000000ca500000, 0x00000000ca400000| Complete 
| 143|0x00000000ca500000, 0x00000000ca600000, 0x00000000ca600000|100%|HC|  |TAMS 0x00000000ca600000, 0x00000000ca500000| Complete 
| 144|0x00000000ca600000, 0x00000000ca700000, 0x00000000ca700000|100%|HC|  |TAMS 0x00000000ca700000, 0x00000000ca600000| Complete 
| 145|0x00000000ca700000, 0x00000000ca800000, 0x00000000ca800000|100%|HC|  |TAMS 0x00000000ca800000, 0x00000000ca700000| Complete 
| 146|0x00000000ca800000, 0x00000000ca900000, 0x00000000ca900000|100%|HC|  |TAMS 0x00000000ca900000, 0x00000000ca800000| Complete 
| 147|0x00000000ca900000, 0x00000000caa00000, 0x00000000caa00000|100%|HC|  |TAMS 0x00000000caa00000, 0x00000000ca900000| Complete 
| 148|0x00000000caa00000, 0x00000000cab00000, 0x00000000cab00000|100%|HC|  |TAMS 0x00000000cab00000, 0x00000000caa00000| Complete 
| 149|0x00000000cab00000, 0x00000000cac00000, 0x00000000cac00000|100%|HC|  |TAMS 0x00000000cac00000, 0x00000000cab00000| Complete 
| 150|0x00000000cac00000, 0x00000000cad00000, 0x00000000cad00000|100%|HC|  |TAMS 0x00000000cad00000, 0x00000000cac00000| Complete 
| 151|0x00000000cad00000, 0x00000000cae00000, 0x00000000cae00000|100%|HC|  |TAMS 0x00000000cae00000, 0x00000000cad00000| Complete 
| 152|0x00000000cae00000, 0x00000000caf00000, 0x00000000caf00000|100%|HC|  |TAMS 0x00000000caf00000, 0x00000000cae00000| Complete 
| 153|0x00000000caf00000, 0x00000000cb000000, 0x00000000cb000000|100%|HC|  |TAMS 0x00000000cb000000, 0x00000000caf00000| Complete 
| 154|0x00000000cb000000, 0x00000000cb100000, 0x00000000cb100000|100%|HC|  |TAMS 0x00000000cb100000, 0x00000000cb000000| Complete 
| 155|0x00000000cb100000, 0x00000000cb200000, 0x00000000cb200000|100%|HC|  |TAMS 0x00000000cb200000, 0x00000000cb100000| Complete 
| 156|0x00000000cb200000, 0x00000000cb300000, 0x00000000cb300000|100%|HC|  |TAMS 0x00000000cb300000, 0x00000000cb200000| Complete 
| 157|0x00000000cb300000, 0x00000000cb400000, 0x00000000cb400000|100%|HC|  |TAMS 0x00000000cb400000, 0x00000000cb300000| Complete 
| 158|0x00000000cb400000, 0x00000000cb500000, 0x00000000cb500000|100%|HC|  |TAMS 0x00000000cb500000, 0x00000000cb400000| Complete 
| 159|0x00000000cb500000, 0x00000000cb600000, 0x00000000cb600000|100%|HC|  |TAMS 0x00000000cb600000, 0x00000000cb500000| Complete 
| 160|0x00000000cb600000, 0x00000000cb700000, 0x00000000cb700000|100%|HC|  |TAMS 0x00000000cb700000, 0x00000000cb600000| Complete 
| 161|0x00000000cb700000, 0x00000000cb800000, 0x00000000cb800000|100%|HC|  |TAMS 0x00000000cb800000, 0x00000000cb700000| Complete 
| 162|0x00000000cb800000, 0x00000000cb900000, 0x00000000cb900000|100%|HC|  |TAMS 0x00000000cb900000, 0x00000000cb800000| Complete 
| 163|0x00000000cb900000, 0x00000000cba00000, 0x00000000cba00000|100%|HC|  |TAMS 0x00000000cba00000, 0x00000000cb900000| Complete 
| 164|0x00000000cba00000, 0x00000000cbb00000, 0x00000000cbb00000|100%|HC|  |TAMS 0x00000000cbb00000, 0x00000000cba00000| Complete 
| 165|0x00000000cbb00000, 0x00000000cbc00000, 0x00000000cbc00000|100%|HC|  |TAMS 0x00000000cbc00000, 0x00000000cbb00000| Complete 
| 166|0x00000000cbc00000, 0x00000000cbd00000, 0x00000000cbd00000|100%|HC|  |TAMS 0x00000000cbd00000, 0x00000000cbc00000| Complete 
| 167|0x00000000cbd00000, 0x00000000cbe00000, 0x00000000cbe00000|100%|HC|  |TAMS 0x00000000cbe00000, 0x00000000cbd00000| Complete 
| 168|0x00000000cbe00000, 0x00000000cbf00000, 0x00000000cbf00000|100%|HC|  |TAMS 0x00000000cbf00000, 0x00000000cbe00000| Complete 
| 169|0x00000000cbf00000, 0x00000000cc000000, 0x00000000cc000000|100%|HC|  |TAMS 0x00000000cc000000, 0x00000000cbf00000| Complete 
| 170|0x00000000cc000000, 0x00000000cc100000, 0x00000000cc100000|100%|HC|  |TAMS 0x00000000cc100000, 0x00000000cc000000| Complete 
| 171|0x00000000cc100000, 0x00000000cc200000, 0x00000000cc200000|100%|HC|  |TAMS 0x00000000cc200000, 0x00000000cc100000| Complete 
| 172|0x00000000cc200000, 0x00000000cc300000, 0x00000000cc300000|100%|HC|  |TAMS 0x00000000cc300000, 0x00000000cc200000| Complete 
| 173|0x00000000cc300000, 0x00000000cc400000, 0x00000000cc400000|100%|HC|  |TAMS 0x00000000cc400000, 0x00000000cc300000| Complete 
| 174|0x00000000cc400000, 0x00000000cc500000, 0x00000000cc500000|100%|HC|  |TAMS 0x00000000cc500000, 0x00000000cc400000| Complete 
| 175|0x00000000cc500000, 0x00000000cc600000, 0x00000000cc600000|100%|HC|  |TAMS 0x00000000cc600000, 0x00000000cc500000| Complete 
| 176|0x00000000cc600000, 0x00000000cc700000, 0x00000000cc700000|100%|HC|  |TAMS 0x00000000cc700000, 0x00000000cc600000| Complete 
| 177|0x00000000cc700000, 0x00000000cc800000, 0x00000000cc800000|100%|HC|  |TAMS 0x00000000cc800000, 0x00000000cc700000| Complete 
| 178|0x00000000cc800000, 0x00000000cc900000, 0x00000000cc900000|100%|HC|  |TAMS 0x00000000cc900000, 0x00000000cc800000| Complete 
| 179|0x00000000cc900000, 0x00000000cca00000, 0x00000000cca00000|100%|HC|  |TAMS 0x00000000cca00000, 0x00000000cc900000| Complete 
| 180|0x00000000cca00000, 0x00000000ccb00000, 0x00000000ccb00000|100%|HC|  |TAMS 0x00000000ccb00000, 0x00000000cca00000| Complete 
| 181|0x00000000ccb00000, 0x00000000ccc00000, 0x00000000ccc00000|100%|HC|  |TAMS 0x00000000ccc00000, 0x00000000ccb00000| Complete 
| 182|0x00000000ccc00000, 0x00000000ccd00000, 0x00000000ccd00000|100%|HC|  |TAMS 0x00000000ccd00000, 0x00000000ccc00000| Complete 
| 183|0x00000000ccd00000, 0x00000000cce00000, 0x00000000cce00000|100%|HC|  |TAMS 0x00000000cce00000, 0x00000000ccd00000| Complete 
| 184|0x00000000cce00000, 0x00000000ccf00000, 0x00000000ccf00000|100%|HC|  |TAMS 0x00000000ccf00000, 0x00000000cce00000| Complete 
| 185|0x00000000ccf00000, 0x00000000cd000000, 0x00000000cd000000|100%|HC|  |TAMS 0x00000000cd000000, 0x00000000ccf00000| Complete 
| 186|0x00000000cd000000, 0x00000000cd100000, 0x00000000cd100000|100%|HC|  |TAMS 0x00000000cd100000, 0x00000000cd000000| Complete 
| 187|0x00000000cd100000, 0x00000000cd200000, 0x00000000cd200000|100%|HC|  |TAMS 0x00000000cd200000, 0x00000000cd100000| Complete 
| 188|0x00000000cd200000, 0x00000000cd300000, 0x00000000cd300000|100%|HC|  |TAMS 0x00000000cd300000, 0x00000000cd200000| Complete 
| 189|0x00000000cd300000, 0x00000000cd400000, 0x00000000cd400000|100%|HC|  |TAMS 0x00000000cd400000, 0x00000000cd300000| Complete 
| 190|0x00000000cd400000, 0x00000000cd500000, 0x00000000cd500000|100%|HC|  |TAMS 0x00000000cd500000, 0x00000000cd400000| Complete 
| 191|0x00000000cd500000, 0x00000000cd600000, 0x00000000cd600000|100%|HC|  |TAMS 0x00000000cd600000, 0x00000000cd500000| Complete 
| 192|0x00000000cd600000, 0x00000000cd700000, 0x00000000cd700000|100%|HC|  |TAMS 0x00000000cd700000, 0x00000000cd600000| Complete 
| 193|0x00000000cd700000, 0x00000000cd800000, 0x00000000cd800000|100%|HC|  |TAMS 0x00000000cd800000, 0x00000000cd700000| Complete 
| 194|0x00000000cd800000, 0x00000000cd900000, 0x00000000cd900000|100%|HC|  |TAMS 0x00000000cd900000, 0x00000000cd800000| Complete 
| 195|0x00000000cd900000, 0x00000000cda00000, 0x00000000cda00000|100%|HC|  |TAMS 0x00000000cda00000, 0x00000000cd900000| Complete 
| 196|0x00000000cda00000, 0x00000000cdb00000, 0x00000000cdb00000|100%|HC|  |TAMS 0x00000000cdb00000, 0x00000000cda00000| Complete 
| 197|0x00000000cdb00000, 0x00000000cdc00000, 0x00000000cdc00000|100%|HC|  |TAMS 0x00000000cdc00000, 0x00000000cdb00000| Complete 
| 198|0x00000000cdc00000, 0x00000000cdd00000, 0x00000000cdd00000|100%|HC|  |TAMS 0x00000000cdd00000, 0x00000000cdc00000| Complete 
| 199|0x00000000cdd00000, 0x00000000cde00000, 0x00000000cde00000|100%|HC|  |TAMS 0x00000000cde00000, 0x00000000cdd00000| Complete 
| 200|0x00000000cde00000, 0x00000000cdf00000, 0x00000000cdf00000|100%|HC|  |TAMS 0x00000000cdf00000, 0x00000000cde00000| Complete 
| 201|0x00000000cdf00000, 0x00000000ce000000, 0x00000000ce000000|100%|HC|  |TAMS 0x00000000ce000000, 0x00000000cdf00000| Complete 
| 202|0x00000000ce000000, 0x00000000ce100000, 0x00000000ce100000|100%|HC|  |TAMS 0x00000000ce100000, 0x00000000ce000000| Complete 
| 203|0x00000000ce100000, 0x00000000ce200000, 0x00000000ce200000|100%|HC|  |TAMS 0x00000000ce200000, 0x00000000ce100000| Complete 
| 204|0x00000000ce200000, 0x00000000ce300000, 0x00000000ce300000|100%|HC|  |TAMS 0x00000000ce300000, 0x00000000ce200000| Complete 
| 205|0x00000000ce300000, 0x00000000ce400000, 0x00000000ce400000|100%|HC|  |TAMS 0x00000000ce400000, 0x00000000ce300000| Complete 
| 206|0x00000000ce400000, 0x00000000ce500000, 0x00000000ce500000|100%|HC|  |TAMS 0x00000000ce500000, 0x00000000ce400000| Complete 
| 207|0x00000000ce500000, 0x00000000ce600000, 0x00000000ce600000|100%|HC|  |TAMS 0x00000000ce600000, 0x00000000ce500000| Complete 
| 208|0x00000000ce600000, 0x00000000ce700000, 0x00000000ce700000|100%|HC|  |TAMS 0x00000000ce700000, 0x00000000ce600000| Complete 
| 209|0x00000000ce700000, 0x00000000ce800000, 0x00000000ce800000|100%|HC|  |TAMS 0x00000000ce800000, 0x00000000ce700000| Complete 
| 210|0x00000000ce800000, 0x00000000ce900000, 0x00000000ce900000|100%|HC|  |TAMS 0x00000000ce900000, 0x00000000ce800000| Complete 
| 211|0x00000000ce900000, 0x00000000cea00000, 0x00000000cea00000|100%|HS|  |TAMS 0x00000000cea00000, 0x00000000ce900000| Complete 
| 212|0x00000000cea00000, 0x00000000ceb00000, 0x00000000ceb00000|100%|HC|  |TAMS 0x00000000ceb00000, 0x00000000cea00000| Complete 
| 213|0x00000000ceb00000, 0x00000000cec00000, 0x00000000cec00000|100%|HC|  |TAMS 0x00000000cec00000, 0x00000000ceb00000| Complete 
| 214|0x00000000cec00000, 0x00000000ced00000, 0x00000000ced00000|100%|HC|  |TAMS 0x00000000ced00000, 0x00000000cec00000| Complete 
| 215|0x00000000ced00000, 0x00000000cee00000, 0x00000000cee00000|100%|HC|  |TAMS 0x00000000cee00000, 0x00000000ced00000| Complete 
| 216|0x00000000cee00000, 0x00000000cef00000, 0x00000000cef00000|100%|HC|  |TAMS 0x00000000cef00000, 0x00000000cee00000| Complete 
| 217|0x00000000cef00000, 0x00000000cf000000, 0x00000000cf000000|100%|HC|  |TAMS 0x00000000cf000000, 0x00000000cef00000| Complete 
| 218|0x00000000cf000000, 0x00000000cf100000, 0x00000000cf100000|100%|HC|  |TAMS 0x00000000cf100000, 0x00000000cf000000| Complete 
| 219|0x00000000cf100000, 0x00000000cf200000, 0x00000000cf200000|100%|HC|  |TAMS 0x00000000cf200000, 0x00000000cf100000| Complete 
| 220|0x00000000cf200000, 0x00000000cf300000, 0x00000000cf300000|100%|HC|  |TAMS 0x00000000cf300000, 0x00000000cf200000| Complete 
| 221|0x00000000cf300000, 0x00000000cf400000, 0x00000000cf400000|100%|HC|  |TAMS 0x00000000cf400000, 0x00000000cf300000| Complete 
| 222|0x00000000cf400000, 0x00000000cf500000, 0x00000000cf500000|100%|HC|  |TAMS 0x00000000cf500000, 0x00000000cf400000| Complete 
| 223|0x00000000cf500000, 0x00000000cf600000, 0x00000000cf600000|100%|HC|  |TAMS 0x00000000cf600000, 0x00000000cf500000| Complete 
| 224|0x00000000cf600000, 0x00000000cf700000, 0x00000000cf700000|100%|HC|  |TAMS 0x00000000cf700000, 0x00000000cf600000| Complete 
| 225|0x00000000cf700000, 0x00000000cf800000, 0x00000000cf800000|100%|HC|  |TAMS 0x00000000cf800000, 0x00000000cf700000| Complete 
| 226|0x00000000cf800000, 0x00000000cf900000, 0x00000000cf900000|100%|HC|  |TAMS 0x00000000cf900000, 0x00000000cf800000| Complete 
| 227|0x00000000cf900000, 0x00000000cfa00000, 0x00000000cfa00000|100%|HC|  |TAMS 0x00000000cfa00000, 0x00000000cf900000| Complete 
| 228|0x00000000cfa00000, 0x00000000cfb00000, 0x00000000cfb00000|100%|HC|  |TAMS 0x00000000cfb00000, 0x00000000cfa00000| Complete 
| 229|0x00000000cfb00000, 0x00000000cfc00000, 0x00000000cfc00000|100%|HC|  |TAMS 0x00000000cfc00000, 0x00000000cfb00000| Complete 
| 230|0x00000000cfc00000, 0x00000000cfd00000, 0x00000000cfd00000|100%|HC|  |TAMS 0x00000000cfd00000, 0x00000000cfc00000| Complete 
| 231|0x00000000cfd00000, 0x00000000cfe00000, 0x00000000cfe00000|100%|HC|  |TAMS 0x00000000cfe00000, 0x00000000cfd00000| Complete 
| 232|0x00000000cfe00000, 0x00000000cff00000, 0x00000000cff00000|100%|HC|  |TAMS 0x00000000cff00000, 0x00000000cfe00000| Complete 
| 233|0x00000000cff00000, 0x00000000d0000000, 0x00000000d0000000|100%|HC|  |TAMS 0x00000000d0000000, 0x00000000cff00000| Complete 
| 234|0x00000000d0000000, 0x00000000d0100000, 0x00000000d0100000|100%|HC|  |TAMS 0x00000000d0100000, 0x00000000d0000000| Complete 
| 235|0x00000000d0100000, 0x00000000d0200000, 0x00000000d0200000|100%|HC|  |TAMS 0x00000000d0200000, 0x00000000d0100000| Complete 
| 236|0x00000000d0200000, 0x00000000d0300000, 0x00000000d0300000|100%|HC|  |TAMS 0x00000000d0300000, 0x00000000d0200000| Complete 
| 237|0x00000000d0300000, 0x00000000d0400000, 0x00000000d0400000|100%|HC|  |TAMS 0x00000000d0400000, 0x00000000d0300000| Complete 
| 238|0x00000000d0400000, 0x00000000d0500000, 0x00000000d0500000|100%|HC|  |TAMS 0x00000000d0500000, 0x00000000d0400000| Complete 
| 239|0x00000000d0500000, 0x00000000d0600000, 0x00000000d0600000|100%|HC|  |TAMS 0x00000000d0600000, 0x00000000d0500000| Complete 
| 240|0x00000000d0600000, 0x00000000d0700000, 0x00000000d0700000|100%|HC|  |TAMS 0x00000000d0700000, 0x00000000d0600000| Complete 
| 241|0x00000000d0700000, 0x00000000d0800000, 0x00000000d0800000|100%|HC|  |TAMS 0x00000000d0800000, 0x00000000d0700000| Complete 
| 242|0x00000000d0800000, 0x00000000d0900000, 0x00000000d0900000|100%|HC|  |TAMS 0x00000000d0900000, 0x00000000d0800000| Complete 
| 243|0x00000000d0900000, 0x00000000d0a00000, 0x00000000d0a00000|100%|HC|  |TAMS 0x00000000d0a00000, 0x00000000d0900000| Complete 
| 244|0x00000000d0a00000, 0x00000000d0b00000, 0x00000000d0b00000|100%|HC|  |TAMS 0x00000000d0b00000, 0x00000000d0a00000| Complete 
| 245|0x00000000d0b00000, 0x00000000d0c00000, 0x00000000d0c00000|100%|HC|  |TAMS 0x00000000d0c00000, 0x00000000d0b00000| Complete 
| 246|0x00000000d0c00000, 0x00000000d0d00000, 0x00000000d0d00000|100%|HC|  |TAMS 0x00000000d0d00000, 0x00000000d0c00000| Complete 
| 247|0x00000000d0d00000, 0x00000000d0e00000, 0x00000000d0e00000|100%|HC|  |TAMS 0x00000000d0e00000, 0x00000000d0d00000| Complete 
| 248|0x00000000d0e00000, 0x00000000d0f00000, 0x00000000d0f00000|100%|HC|  |TAMS 0x00000000d0f00000, 0x00000000d0e00000| Complete 
| 249|0x00000000d0f00000, 0x00000000d1000000, 0x00000000d1000000|100%|HC|  |TAMS 0x00000000d1000000, 0x00000000d0f00000| Complete 
| 250|0x00000000d1000000, 0x00000000d1100000, 0x00000000d1100000|100%|HC|  |TAMS 0x00000000d1100000, 0x00000000d1000000| Complete 
| 251|0x00000000d1100000, 0x00000000d1200000, 0x00000000d1200000|100%|HC|  |TAMS 0x00000000d1200000, 0x00000000d1100000| Complete 
| 252|0x00000000d1200000, 0x00000000d1300000, 0x00000000d1300000|100%|HC|  |TAMS 0x00000000d1300000, 0x00000000d1200000| Complete 
| 253|0x00000000d1300000, 0x00000000d1400000, 0x00000000d1400000|100%|HC|  |TAMS 0x00000000d1400000, 0x00000000d1300000| Complete 
| 254|0x00000000d1400000, 0x00000000d1500000, 0x00000000d1500000|100%|HC|  |TAMS 0x00000000d1500000, 0x00000000d1400000| Complete 
| 255|0x00000000d1500000, 0x00000000d1600000, 0x00000000d1600000|100%|HC|  |TAMS 0x00000000d1600000, 0x00000000d1500000| Complete 
| 256|0x00000000d1600000, 0x00000000d1700000, 0x00000000d1700000|100%|HC|  |TAMS 0x00000000d1700000, 0x00000000d1600000| Complete 
| 257|0x00000000d1700000, 0x00000000d1800000, 0x00000000d1800000|100%|HC|  |TAMS 0x00000000d1800000, 0x00000000d1700000| Complete 
| 258|0x00000000d1800000, 0x00000000d1900000, 0x00000000d1900000|100%|HC|  |TAMS 0x00000000d1900000, 0x00000000d1800000| Complete 
| 259|0x00000000d1900000, 0x00000000d1a00000, 0x00000000d1a00000|100%|HC|  |TAMS 0x00000000d1a00000, 0x00000000d1900000| Complete 
| 260|0x00000000d1a00000, 0x00000000d1b00000, 0x00000000d1b00000|100%|HC|  |TAMS 0x00000000d1b00000, 0x00000000d1a00000| Complete 
| 261|0x00000000d1b00000, 0x00000000d1c00000, 0x00000000d1c00000|100%|HC|  |TAMS 0x00000000d1c00000, 0x00000000d1b00000| Complete 
| 262|0x00000000d1c00000, 0x00000000d1d00000, 0x00000000d1d00000|100%|HC|  |TAMS 0x00000000d1d00000, 0x00000000d1c00000| Complete 
| 263|0x00000000d1d00000, 0x00000000d1e00000, 0x00000000d1e00000|100%|HC|  |TAMS 0x00000000d1e00000, 0x00000000d1d00000| Complete 
| 264|0x00000000d1e00000, 0x00000000d1f00000, 0x00000000d1f00000|100%|HC|  |TAMS 0x00000000d1f00000, 0x00000000d1e00000| Complete 
| 265|0x00000000d1f00000, 0x00000000d2000000, 0x00000000d2000000|100%|HC|  |TAMS 0x00000000d2000000, 0x00000000d1f00000| Complete 
| 266|0x00000000d2000000, 0x00000000d2100000, 0x00000000d2100000|100%|HC|  |TAMS 0x00000000d2100000, 0x00000000d2000000| Complete 
| 267|0x00000000d2100000, 0x00000000d2200000, 0x00000000d2200000|100%|HC|  |TAMS 0x00000000d2200000, 0x00000000d2100000| Complete 
| 268|0x00000000d2200000, 0x00000000d2300000, 0x00000000d2300000|100%|HC|  |TAMS 0x00000000d2300000, 0x00000000d2200000| Complete 
| 269|0x00000000d2300000, 0x00000000d2400000, 0x00000000d2400000|100%|HC|  |TAMS 0x00000000d2400000, 0x00000000d2300000| Complete 
| 270|0x00000000d2400000, 0x00000000d2500000, 0x00000000d2500000|100%|HC|  |TAMS 0x00000000d2500000, 0x00000000d2400000| Complete 
| 271|0x00000000d2500000, 0x00000000d2600000, 0x00000000d2600000|100%|HC|  |TAMS 0x00000000d2600000, 0x00000000d2500000| Complete 
| 272|0x00000000d2600000, 0x00000000d2700000, 0x00000000d2700000|100%|HC|  |TAMS 0x00000000d2700000, 0x00000000d2600000| Complete 
| 273|0x00000000d2700000, 0x00000000d2800000, 0x00000000d2800000|100%|HC|  |TAMS 0x00000000d2800000, 0x00000000d2700000| Complete 
| 274|0x00000000d2800000, 0x00000000d2900000, 0x00000000d2900000|100%|HC|  |TAMS 0x00000000d2900000, 0x00000000d2800000| Complete 
| 275|0x00000000d2900000, 0x00000000d2a00000, 0x00000000d2a00000|100%|HC|  |TAMS 0x00000000d2a00000, 0x00000000d2900000| Complete 
| 276|0x00000000d2a00000, 0x00000000d2b00000, 0x00000000d2b00000|100%|HC|  |TAMS 0x00000000d2b00000, 0x00000000d2a00000| Complete 
| 277|0x00000000d2b00000, 0x00000000d2c00000, 0x00000000d2c00000|100%|HC|  |TAMS 0x00000000d2c00000, 0x00000000d2b00000| Complete 
| 278|0x00000000d2c00000, 0x00000000d2d00000, 0x00000000d2d00000|100%|HC|  |TAMS 0x00000000d2d00000, 0x00000000d2c00000| Complete 
| 279|0x00000000d2d00000, 0x00000000d2e00000, 0x00000000d2e00000|100%|HC|  |TAMS 0x00000000d2e00000, 0x00000000d2d00000| Complete 
| 280|0x00000000d2e00000, 0x00000000d2f00000, 0x00000000d2f00000|100%|HC|  |TAMS 0x00000000d2f00000, 0x00000000d2e00000| Complete 
| 281|0x00000000d2f00000, 0x00000000d3000000, 0x00000000d3000000|100%|HC|  |TAMS 0x00000000d3000000, 0x00000000d2f00000| Complete 
| 282|0x00000000d3000000, 0x00000000d3100000, 0x00000000d3100000|100%|HC|  |TAMS 0x00000000d3100000, 0x00000000d3000000| Complete 
| 283|0x00000000d3100000, 0x00000000d3200000, 0x00000000d3200000|100%|HC|  |TAMS 0x00000000d3200000, 0x00000000d3100000| Complete 
| 284|0x00000000d3200000, 0x00000000d3300000, 0x00000000d3300000|100%|HC|  |TAMS 0x00000000d3300000, 0x00000000d3200000| Complete 
| 285|0x00000000d3300000, 0x00000000d3400000, 0x00000000d3400000|100%|HC|  |TAMS 0x00000000d3400000, 0x00000000d3300000| Complete 
| 286|0x00000000d3400000, 0x00000000d3500000, 0x00000000d3500000|100%|HC|  |TAMS 0x00000000d3500000, 0x00000000d3400000| Complete 
| 287|0x00000000d3500000, 0x00000000d3600000, 0x00000000d3600000|100%|HC|  |TAMS 0x00000000d3600000, 0x00000000d3500000| Complete 
| 288|0x00000000d3600000, 0x00000000d3700000, 0x00000000d3700000|100%|HC|  |TAMS 0x00000000d3700000, 0x00000000d3600000| Complete 
| 289|0x00000000d3700000, 0x00000000d3800000, 0x00000000d3800000|100%|HC|  |TAMS 0x00000000d3800000, 0x00000000d3700000| Complete 
| 290|0x00000000d3800000, 0x00000000d3900000, 0x00000000d3900000|100%|HC|  |TAMS 0x00000000d3900000, 0x00000000d3800000| Complete 
| 291|0x00000000d3900000, 0x00000000d3a00000, 0x00000000d3a00000|100%|HC|  |TAMS 0x00000000d3a00000, 0x00000000d3900000| Complete 
| 292|0x00000000d3a00000, 0x00000000d3b00000, 0x00000000d3b00000|100%|HC|  |TAMS 0x00000000d3b00000, 0x00000000d3a00000| Complete 
| 293|0x00000000d3b00000, 0x00000000d3c00000, 0x00000000d3c00000|100%|HC|  |TAMS 0x00000000d3c00000, 0x00000000d3b00000| Complete 
| 294|0x00000000d3c00000, 0x00000000d3d00000, 0x00000000d3d00000|100%|HC|  |TAMS 0x00000000d3d00000, 0x00000000d3c00000| Complete 
| 295|0x00000000d3d00000, 0x00000000d3e00000, 0x00000000d3e00000|100%|HC|  |TAMS 0x00000000d3e00000, 0x00000000d3d00000| Complete 
| 296|0x00000000d3e00000, 0x00000000d3f00000, 0x00000000d3f00000|100%|HC|  |TAMS 0x00000000d3f00000, 0x00000000d3e00000| Complete 
| 297|0x00000000d3f00000, 0x00000000d4000000, 0x00000000d4000000|100%|HC|  |TAMS 0x00000000d4000000, 0x00000000d3f00000| Complete 
| 298|0x00000000d4000000, 0x00000000d4100000, 0x00000000d4100000|100%|HC|  |TAMS 0x00000000d4100000, 0x00000000d4000000| Complete 
| 299|0x00000000d4100000, 0x00000000d4200000, 0x00000000d4200000|100%|HC|  |TAMS 0x00000000d4200000, 0x00000000d4100000| Complete 
| 300|0x00000000d4200000, 0x00000000d4300000, 0x00000000d4300000|100%|HC|  |TAMS 0x00000000d4300000, 0x00000000d4200000| Complete 
| 301|0x00000000d4300000, 0x00000000d4400000, 0x00000000d4400000|100%|HC|  |TAMS 0x00000000d4400000, 0x00000000d4300000| Complete 
| 302|0x00000000d4400000, 0x00000000d4500000, 0x00000000d4500000|100%|HC|  |TAMS 0x00000000d4500000, 0x00000000d4400000| Complete 
| 303|0x00000000d4500000, 0x00000000d4600000, 0x00000000d4600000|100%|HC|  |TAMS 0x00000000d4600000, 0x00000000d4500000| Complete 
| 304|0x00000000d4600000, 0x00000000d4700000, 0x00000000d4700000|100%|HC|  |TAMS 0x00000000d4700000, 0x00000000d4600000| Complete 
| 305|0x00000000d4700000, 0x00000000d4800000, 0x00000000d4800000|100%|HC|  |TAMS 0x00000000d4800000, 0x00000000d4700000| Complete 
| 306|0x00000000d4800000, 0x00000000d4900000, 0x00000000d4900000|100%|HC|  |TAMS 0x00000000d4900000, 0x00000000d4800000| Complete 
| 307|0x00000000d4900000, 0x00000000d4a00000, 0x00000000d4a00000|100%|HC|  |TAMS 0x00000000d4a00000, 0x00000000d4900000| Complete 
| 308|0x00000000d4a00000, 0x00000000d4b00000, 0x00000000d4b00000|100%|HC|  |TAMS 0x00000000d4b00000, 0x00000000d4a00000| Complete 
| 309|0x00000000d4b00000, 0x00000000d4c00000, 0x00000000d4c00000|100%|HC|  |TAMS 0x00000000d4c00000, 0x00000000d4b00000| Complete 
| 310|0x00000000d4c00000, 0x00000000d4d00000, 0x00000000d4d00000|100%|HC|  |TAMS 0x00000000d4d00000, 0x00000000d4c00000| Complete 
| 311|0x00000000d4d00000, 0x00000000d4e00000, 0x00000000d4e00000|100%|HC|  |TAMS 0x00000000d4e00000, 0x00000000d4d00000| Complete 
| 312|0x00000000d4e00000, 0x00000000d4f00000, 0x00000000d4f00000|100%|HC|  |TAMS 0x00000000d4f00000, 0x00000000d4e00000| Complete 
| 313|0x00000000d4f00000, 0x00000000d5000000, 0x00000000d5000000|100%|HC|  |TAMS 0x00000000d5000000, 0x00000000d4f00000| Complete 
| 314|0x00000000d5000000, 0x00000000d5100000, 0x00000000d5100000|100%|HC|  |TAMS 0x00000000d5100000, 0x00000000d5000000| Complete 
| 315|0x00000000d5100000, 0x00000000d5200000, 0x00000000d5200000|100%|HC|  |TAMS 0x00000000d5200000, 0x00000000d5100000| Complete 
| 316|0x00000000d5200000, 0x00000000d5300000, 0x00000000d5300000|100%|HC|  |TAMS 0x00000000d5300000, 0x00000000d5200000| Complete 
| 317|0x00000000d5300000, 0x00000000d5400000, 0x00000000d5400000|100%|HC|  |TAMS 0x00000000d5400000, 0x00000000d5300000| Complete 
| 318|0x00000000d5400000, 0x00000000d5500000, 0x00000000d5500000|100%|HC|  |TAMS 0x00000000d5500000, 0x00000000d5400000| Complete 
| 319|0x00000000d5500000, 0x00000000d5600000, 0x00000000d5600000|100%|HC|  |TAMS 0x00000000d5600000, 0x00000000d5500000| Complete 
| 320|0x00000000d5600000, 0x00000000d5700000, 0x00000000d5700000|100%|HC|  |TAMS 0x00000000d5700000, 0x00000000d5600000| Complete 
| 321|0x00000000d5700000, 0x00000000d5800000, 0x00000000d5800000|100%|HC|  |TAMS 0x00000000d5800000, 0x00000000d5700000| Complete 
| 322|0x00000000d5800000, 0x00000000d5900000, 0x00000000d5900000|100%|HC|  |TAMS 0x00000000d5900000, 0x00000000d5800000| Complete 
| 323|0x00000000d5900000, 0x00000000d5900000, 0x00000000d5a00000|  0%| F|  |TAMS 0x00000000d5900000, 0x00000000d5900000| Untracked 
| 324|0x00000000d5a00000, 0x00000000d5a0dac0, 0x00000000d5b00000|  5%| O|  |TAMS 0x00000000d5a0dac0, 0x00000000d5a00000| Updating 
| 325|0x00000000d5b00000, 0x00000000d5c00000, 0x00000000d5c00000|100%|HS|  |TAMS 0x00000000d5b00000, 0x00000000d5b00000| Complete 
| 326|0x00000000d5c00000, 0x00000000d5d00000, 0x00000000d5d00000|100%|HC|  |TAMS 0x00000000d5c00000, 0x00000000d5c00000| Complete 
| 327|0x00000000d5d00000, 0x00000000d5e00000, 0x00000000d5e00000|100%|HC|  |TAMS 0x00000000d5d00000, 0x00000000d5d00000| Complete 
| 328|0x00000000d5e00000, 0x00000000d5f00000, 0x00000000d5f00000|100%|HC|  |TAMS 0x00000000d5e00000, 0x00000000d5e00000| Complete 
| 329|0x00000000d5f00000, 0x00000000d6000000, 0x00000000d6000000|100%|HC|  |TAMS 0x00000000d5f00000, 0x00000000d5f00000| Complete 
| 330|0x00000000d6000000, 0x00000000d6100000, 0x00000000d6100000|100%|HC|  |TAMS 0x00000000d6000000, 0x00000000d6000000| Complete 
| 331|0x00000000d6100000, 0x00000000d6200000, 0x00000000d6200000|100%|HC|  |TAMS 0x00000000d6100000, 0x00000000d6100000| Complete 
| 332|0x00000000d6200000, 0x00000000d6300000, 0x00000000d6300000|100%|HC|  |TAMS 0x00000000d6200000, 0x00000000d6200000| Complete 
| 333|0x00000000d6300000, 0x00000000d6400000, 0x00000000d6400000|100%|HC|  |TAMS 0x00000000d6300000, 0x00000000d6300000| Complete 
| 334|0x00000000d6400000, 0x00000000d6500000, 0x00000000d6500000|100%|HC|  |TAMS 0x00000000d6400000, 0x00000000d6400000| Complete 
| 335|0x00000000d6500000, 0x00000000d6600000, 0x00000000d6600000|100%|HC|  |TAMS 0x00000000d6500000, 0x00000000d6500000| Complete 
| 336|0x00000000d6600000, 0x00000000d6700000, 0x00000000d6700000|100%|HC|  |TAMS 0x00000000d6600000, 0x00000000d6600000| Complete 
| 337|0x00000000d6700000, 0x00000000d6800000, 0x00000000d6800000|100%|HC|  |TAMS 0x00000000d6700000, 0x00000000d6700000| Complete 
| 338|0x00000000d6800000, 0x00000000d6900000, 0x00000000d6900000|100%|HC|  |TAMS 0x00000000d6800000, 0x00000000d6800000| Complete 
| 339|0x00000000d6900000, 0x00000000d6a00000, 0x00000000d6a00000|100%|HC|  |TAMS 0x00000000d6900000, 0x00000000d6900000| Complete 
| 340|0x00000000d6a00000, 0x00000000d6b00000, 0x00000000d6b00000|100%|HC|  |TAMS 0x00000000d6a00000, 0x00000000d6a00000| Complete 
| 341|0x00000000d6b00000, 0x00000000d6c00000, 0x00000000d6c00000|100%|HC|  |TAMS 0x00000000d6b00000, 0x00000000d6b00000| Complete 
| 342|0x00000000d6c00000, 0x00000000d6d00000, 0x00000000d6d00000|100%|HC|  |TAMS 0x00000000d6c00000, 0x00000000d6c00000| Complete 
| 343|0x00000000d6d00000, 0x00000000d6e00000, 0x00000000d6e00000|100%|HC|  |TAMS 0x00000000d6d00000, 0x00000000d6d00000| Complete 
| 344|0x00000000d6e00000, 0x00000000d6f00000, 0x00000000d6f00000|100%|HC|  |TAMS 0x00000000d6e00000, 0x00000000d6e00000| Complete 
| 345|0x00000000d6f00000, 0x00000000d7000000, 0x00000000d7000000|100%|HC|  |TAMS 0x00000000d6f00000, 0x00000000d6f00000| Complete 
| 346|0x00000000d7000000, 0x00000000d7100000, 0x00000000d7100000|100%|HC|  |TAMS 0x00000000d7000000, 0x00000000d7000000| Complete 
| 347|0x00000000d7100000, 0x00000000d7200000, 0x00000000d7200000|100%|HC|  |TAMS 0x00000000d7100000, 0x00000000d7100000| Complete 
| 348|0x00000000d7200000, 0x00000000d7300000, 0x00000000d7300000|100%|HC|  |TAMS 0x00000000d7200000, 0x00000000d7200000| Complete 
| 349|0x00000000d7300000, 0x00000000d7400000, 0x00000000d7400000|100%|HC|  |TAMS 0x00000000d7300000, 0x00000000d7300000| Complete 
| 350|0x00000000d7400000, 0x00000000d7500000, 0x00000000d7500000|100%|HC|  |TAMS 0x00000000d7400000, 0x00000000d7400000| Complete 
| 351|0x00000000d7500000, 0x00000000d7600000, 0x00000000d7600000|100%|HC|  |TAMS 0x00000000d7500000, 0x00000000d7500000| Complete 
| 352|0x00000000d7600000, 0x00000000d7700000, 0x00000000d7700000|100%|HC|  |TAMS 0x00000000d7600000, 0x00000000d7600000| Complete 
| 353|0x00000000d7700000, 0x00000000d7800000, 0x00000000d7800000|100%|HC|  |TAMS 0x00000000d7700000, 0x00000000d7700000| Complete 
| 354|0x00000000d7800000, 0x00000000d7900000, 0x00000000d7900000|100%|HC|  |TAMS 0x00000000d7800000, 0x00000000d7800000| Complete 
| 355|0x00000000d7900000, 0x00000000d7a00000, 0x00000000d7a00000|100%|HC|  |TAMS 0x00000000d7900000, 0x00000000d7900000| Complete 
| 356|0x00000000d7a00000, 0x00000000d7b00000, 0x00000000d7b00000|100%|HC|  |TAMS 0x00000000d7a00000, 0x00000000d7a00000| Complete 
| 357|0x00000000d7b00000, 0x00000000d7c00000, 0x00000000d7c00000|100%|HC|  |TAMS 0x00000000d7b00000, 0x00000000d7b00000| Complete 
| 358|0x00000000d7c00000, 0x00000000d7d00000, 0x00000000d7d00000|100%|HC|  |TAMS 0x00000000d7c00000, 0x00000000d7c00000| Complete 
| 359|0x00000000d7d00000, 0x00000000d7e00000, 0x00000000d7e00000|100%|HC|  |TAMS 0x00000000d7d00000, 0x00000000d7d00000| Complete 
| 360|0x00000000d7e00000, 0x00000000d7f00000, 0x00000000d7f00000|100%|HC|  |TAMS 0x00000000d7e00000, 0x00000000d7e00000| Complete 
| 361|0x00000000d7f00000, 0x00000000d8000000, 0x00000000d8000000|100%|HC|  |TAMS 0x00000000d7f00000, 0x00000000d7f00000| Complete 
| 362|0x00000000d8000000, 0x00000000d8100000, 0x00000000d8100000|100%|HC|  |TAMS 0x00000000d8000000, 0x00000000d8000000| Complete 
| 363|0x00000000d8100000, 0x00000000d8200000, 0x00000000d8200000|100%|HC|  |TAMS 0x00000000d8100000, 0x00000000d8100000| Complete 
| 364|0x00000000d8200000, 0x00000000d8300000, 0x00000000d8300000|100%|HC|  |TAMS 0x00000000d8200000, 0x00000000d8200000| Complete 
| 365|0x00000000d8300000, 0x00000000d8400000, 0x00000000d8400000|100%|HC|  |TAMS 0x00000000d8300000, 0x00000000d8300000| Complete 
| 366|0x00000000d8400000, 0x00000000d8500000, 0x00000000d8500000|100%|HC|  |TAMS 0x00000000d8400000, 0x00000000d8400000| Complete 
| 367|0x00000000d8500000, 0x00000000d8600000, 0x00000000d8600000|100%|HC|  |TAMS 0x00000000d8500000, 0x00000000d8500000| Complete 
| 368|0x00000000d8600000, 0x00000000d8700000, 0x00000000d8700000|100%|HC|  |TAMS 0x00000000d8600000, 0x00000000d8600000| Complete 
| 369|0x00000000d8700000, 0x00000000d8800000, 0x00000000d8800000|100%|HC|  |TAMS 0x00000000d8700000, 0x00000000d8700000| Complete 
| 370|0x00000000d8800000, 0x00000000d8900000, 0x00000000d8900000|100%|HC|  |TAMS 0x00000000d8800000, 0x00000000d8800000| Complete 
| 371|0x00000000d8900000, 0x00000000d8a00000, 0x00000000d8a00000|100%|HC|  |TAMS 0x00000000d8900000, 0x00000000d8900000| Complete 
| 372|0x00000000d8a00000, 0x00000000d8b00000, 0x00000000d8b00000|100%|HC|  |TAMS 0x00000000d8a00000, 0x00000000d8a00000| Complete 
| 373|0x00000000d8b00000, 0x00000000d8c00000, 0x00000000d8c00000|100%|HC|  |TAMS 0x00000000d8b00000, 0x00000000d8b00000| Complete 
| 374|0x00000000d8c00000, 0x00000000d8d00000, 0x00000000d8d00000|100%|HC|  |TAMS 0x00000000d8c00000, 0x00000000d8c00000| Complete 
| 375|0x00000000d8d00000, 0x00000000d8e00000, 0x00000000d8e00000|100%|HC|  |TAMS 0x00000000d8d00000, 0x00000000d8d00000| Complete 
| 376|0x00000000d8e00000, 0x00000000d8f00000, 0x00000000d8f00000|100%|HC|  |TAMS 0x00000000d8e00000, 0x00000000d8e00000| Complete 
| 377|0x00000000d8f00000, 0x00000000d9000000, 0x00000000d9000000|100%|HC|  |TAMS 0x00000000d8f00000, 0x00000000d8f00000| Complete 
| 378|0x00000000d9000000, 0x00000000d9100000, 0x00000000d9100000|100%|HC|  |TAMS 0x00000000d9000000, 0x00000000d9000000| Complete 
| 379|0x00000000d9100000, 0x00000000d9200000, 0x00000000d9200000|100%|HC|  |TAMS 0x00000000d9100000, 0x00000000d9100000| Complete 
| 380|0x00000000d9200000, 0x00000000d9300000, 0x00000000d9300000|100%|HC|  |TAMS 0x00000000d9200000, 0x00000000d9200000| Complete 
| 381|0x00000000d9300000, 0x00000000d9400000, 0x00000000d9400000|100%|HC|  |TAMS 0x00000000d9300000, 0x00000000d9300000| Complete 
| 382|0x00000000d9400000, 0x00000000d9500000, 0x00000000d9500000|100%|HC|  |TAMS 0x00000000d9400000, 0x00000000d9400000| Complete 
| 383|0x00000000d9500000, 0x00000000d9600000, 0x00000000d9600000|100%|HC|  |TAMS 0x00000000d9500000, 0x00000000d9500000| Complete 
| 384|0x00000000d9600000, 0x00000000d9700000, 0x00000000d9700000|100%|HC|  |TAMS 0x00000000d9600000, 0x00000000d9600000| Complete 
| 385|0x00000000d9700000, 0x00000000d9800000, 0x00000000d9800000|100%|HC|  |TAMS 0x00000000d9700000, 0x00000000d9700000| Complete 
| 386|0x00000000d9800000, 0x00000000d9900000, 0x00000000d9900000|100%|HC|  |TAMS 0x00000000d9800000, 0x00000000d9800000| Complete 
| 387|0x00000000d9900000, 0x00000000d9a00000, 0x00000000d9a00000|100%|HC|  |TAMS 0x00000000d9900000, 0x00000000d9900000| Complete 
| 388|0x00000000d9a00000, 0x00000000d9b00000, 0x00000000d9b00000|100%|HC|  |TAMS 0x00000000d9a00000, 0x00000000d9a00000| Complete 
| 389|0x00000000d9b00000, 0x00000000d9c00000, 0x00000000d9c00000|100%|HC|  |TAMS 0x00000000d9b00000, 0x00000000d9b00000| Complete 
| 390|0x00000000d9c00000, 0x00000000d9d00000, 0x00000000d9d00000|100%|HC|  |TAMS 0x00000000d9c00000, 0x00000000d9c00000| Complete 
| 391|0x00000000d9d00000, 0x00000000d9e00000, 0x00000000d9e00000|100%|HC|  |TAMS 0x00000000d9d00000, 0x00000000d9d00000| Complete 
| 392|0x00000000d9e00000, 0x00000000d9f00000, 0x00000000d9f00000|100%|HC|  |TAMS 0x00000000d9e00000, 0x00000000d9e00000| Complete 
| 393|0x00000000d9f00000, 0x00000000da000000, 0x00000000da000000|100%|HC|  |TAMS 0x00000000d9f00000, 0x00000000d9f00000| Complete 
| 394|0x00000000da000000, 0x00000000da100000, 0x00000000da100000|100%|HC|  |TAMS 0x00000000da000000, 0x00000000da000000| Complete 
| 395|0x00000000da100000, 0x00000000da200000, 0x00000000da200000|100%|HC|  |TAMS 0x00000000da100000, 0x00000000da100000| Complete 
| 396|0x00000000da200000, 0x00000000da300000, 0x00000000da300000|100%|HC|  |TAMS 0x00000000da200000, 0x00000000da200000| Complete 
| 397|0x00000000da300000, 0x00000000da400000, 0x00000000da400000|100%|HC|  |TAMS 0x00000000da300000, 0x00000000da300000| Complete 
| 398|0x00000000da400000, 0x00000000da500000, 0x00000000da500000|100%|HC|  |TAMS 0x00000000da400000, 0x00000000da400000| Complete 
| 399|0x00000000da500000, 0x00000000da600000, 0x00000000da600000|100%|HC|  |TAMS 0x00000000da500000, 0x00000000da500000| Complete 
| 400|0x00000000da600000, 0x00000000da700000, 0x00000000da700000|100%|HC|  |TAMS 0x00000000da600000, 0x00000000da600000| Complete 
| 401|0x00000000da700000, 0x00000000da800000, 0x00000000da800000|100%|HC|  |TAMS 0x00000000da700000, 0x00000000da700000| Complete 
| 402|0x00000000da800000, 0x00000000da900000, 0x00000000da900000|100%|HC|  |TAMS 0x00000000da800000, 0x00000000da800000| Complete 
| 403|0x00000000da900000, 0x00000000daa00000, 0x00000000daa00000|100%|HC|  |TAMS 0x00000000da900000, 0x00000000da900000| Complete 
| 404|0x00000000daa00000, 0x00000000dab00000, 0x00000000dab00000|100%|HC|  |TAMS 0x00000000daa00000, 0x00000000daa00000| Complete 
| 405|0x00000000dab00000, 0x00000000dac00000, 0x00000000dac00000|100%|HC|  |TAMS 0x00000000dab00000, 0x00000000dab00000| Complete 
| 406|0x00000000dac00000, 0x00000000dad00000, 0x00000000dad00000|100%|HC|  |TAMS 0x00000000dac00000, 0x00000000dac00000| Complete 
| 407|0x00000000dad00000, 0x00000000dae00000, 0x00000000dae00000|100%|HC|  |TAMS 0x00000000dad00000, 0x00000000dad00000| Complete 
| 408|0x00000000dae00000, 0x00000000daf00000, 0x00000000daf00000|100%|HC|  |TAMS 0x00000000dae00000, 0x00000000dae00000| Complete 
| 409|0x00000000daf00000, 0x00000000db000000, 0x00000000db000000|100%|HC|  |TAMS 0x00000000daf00000, 0x00000000daf00000| Complete 
| 410|0x00000000db000000, 0x00000000db100000, 0x00000000db100000|100%|HC|  |TAMS 0x00000000db000000, 0x00000000db000000| Complete 
| 411|0x00000000db100000, 0x00000000db200000, 0x00000000db200000|100%|HC|  |TAMS 0x00000000db100000, 0x00000000db100000| Complete 
| 412|0x00000000db200000, 0x00000000db300000, 0x00000000db300000|100%|HC|  |TAMS 0x00000000db200000, 0x00000000db200000| Complete 
| 413|0x00000000db300000, 0x00000000db400000, 0x00000000db400000|100%|HC|  |TAMS 0x00000000db300000, 0x00000000db300000| Complete 
| 414|0x00000000db400000, 0x00000000db500000, 0x00000000db500000|100%|HC|  |TAMS 0x00000000db400000, 0x00000000db400000| Complete 
| 415|0x00000000db500000, 0x00000000db600000, 0x00000000db600000|100%|HC|  |TAMS 0x00000000db500000, 0x00000000db500000| Complete 
| 416|0x00000000db600000, 0x00000000db700000, 0x00000000db700000|100%|HC|  |TAMS 0x00000000db600000, 0x00000000db600000| Complete 
| 417|0x00000000db700000, 0x00000000db800000, 0x00000000db800000|100%|HC|  |TAMS 0x00000000db700000, 0x00000000db700000| Complete 
| 418|0x00000000db800000, 0x00000000db900000, 0x00000000db900000|100%|HC|  |TAMS 0x00000000db800000, 0x00000000db800000| Complete 
| 419|0x00000000db900000, 0x00000000dba00000, 0x00000000dba00000|100%|HC|  |TAMS 0x00000000db900000, 0x00000000db900000| Complete 
| 420|0x00000000dba00000, 0x00000000dbb00000, 0x00000000dbb00000|100%|HC|  |TAMS 0x00000000dba00000, 0x00000000dba00000| Complete 
| 421|0x00000000dbb00000, 0x00000000dbc00000, 0x00000000dbc00000|100%|HC|  |TAMS 0x00000000dbb00000, 0x00000000dbb00000| Complete 
| 422|0x00000000dbc00000, 0x00000000dbd00000, 0x00000000dbd00000|100%|HC|  |TAMS 0x00000000dbc00000, 0x00000000dbc00000| Complete 
| 423|0x00000000dbd00000, 0x00000000dbe00000, 0x00000000dbe00000|100%|HC|  |TAMS 0x00000000dbd00000, 0x00000000dbd00000| Complete 
| 424|0x00000000dbe00000, 0x00000000dbf00000, 0x00000000dbf00000|100%|HC|  |TAMS 0x00000000dbe00000, 0x00000000dbe00000| Complete 
| 425|0x00000000dbf00000, 0x00000000dc000000, 0x00000000dc000000|100%|HC|  |TAMS 0x00000000dbf00000, 0x00000000dbf00000| Complete 
| 426|0x00000000dc000000, 0x00000000dc100000, 0x00000000dc100000|100%|HC|  |TAMS 0x00000000dc000000, 0x00000000dc000000| Complete 
| 427|0x00000000dc100000, 0x00000000dc200000, 0x00000000dc200000|100%|HC|  |TAMS 0x00000000dc100000, 0x00000000dc100000| Complete 
| 428|0x00000000dc200000, 0x00000000dc300000, 0x00000000dc300000|100%|HC|  |TAMS 0x00000000dc200000, 0x00000000dc200000| Complete 
| 429|0x00000000dc300000, 0x00000000dc400000, 0x00000000dc400000|100%|HC|  |TAMS 0x00000000dc300000, 0x00000000dc300000| Complete 
| 430|0x00000000dc400000, 0x00000000dc500000, 0x00000000dc500000|100%|HC|  |TAMS 0x00000000dc400000, 0x00000000dc400000| Complete 
| 431|0x00000000dc500000, 0x00000000dc600000, 0x00000000dc600000|100%|HC|  |TAMS 0x00000000dc500000, 0x00000000dc500000| Complete 
| 432|0x00000000dc600000, 0x00000000dc700000, 0x00000000dc700000|100%|HC|  |TAMS 0x00000000dc600000, 0x00000000dc600000| Complete 
| 433|0x00000000dc700000, 0x00000000dc800000, 0x00000000dc800000|100%|HC|  |TAMS 0x00000000dc700000, 0x00000000dc700000| Complete 
| 434|0x00000000dc800000, 0x00000000dc900000, 0x00000000dc900000|100%|HC|  |TAMS 0x00000000dc800000, 0x00000000dc800000| Complete 
| 435|0x00000000dc900000, 0x00000000dca00000, 0x00000000dca00000|100%|HC|  |TAMS 0x00000000dc900000, 0x00000000dc900000| Complete 
| 436|0x00000000dca00000, 0x00000000dcb00000, 0x00000000dcb00000|100%|HC|  |TAMS 0x00000000dca00000, 0x00000000dca00000| Complete 
| 437|0x00000000dcb00000, 0x00000000dcb00000, 0x00000000dcc00000|  0%| F|  |TAMS 0x00000000dcb00000, 0x00000000dcb00000| Untracked 
| 438|0x00000000dcc00000, 0x00000000dcc00000, 0x00000000dcd00000|  0%| F|  |TAMS 0x00000000dcc00000, 0x00000000dcc00000| Untracked 
| 439|0x00000000dcd00000, 0x00000000dcd00000, 0x00000000dce00000|  0%| F|  |TAMS 0x00000000dcd00000, 0x00000000dcd00000| Untracked 
| 440|0x00000000dce00000, 0x00000000dce00000, 0x00000000dcf00000|  0%| F|  |TAMS 0x00000000dce00000, 0x00000000dce00000| Untracked 
| 441|0x00000000dcf00000, 0x00000000dcf00000, 0x00000000dd000000|  0%| F|  |TAMS 0x00000000dcf00000, 0x00000000dcf00000| Untracked 
| 442|0x00000000dd000000, 0x00000000dd000000, 0x00000000dd100000|  0%| F|  |TAMS 0x00000000dd000000, 0x00000000dd000000| Untracked 
| 443|0x00000000dd100000, 0x00000000dd100000, 0x00000000dd200000|  0%| F|  |TAMS 0x00000000dd100000, 0x00000000dd100000| Untracked 
| 444|0x00000000dd200000, 0x00000000dd200000, 0x00000000dd300000|  0%| F|  |TAMS 0x00000000dd200000, 0x00000000dd200000| Untracked 
| 445|0x00000000dd300000, 0x00000000dd300000, 0x00000000dd400000|  0%| F|  |TAMS 0x00000000dd300000, 0x00000000dd300000| Untracked 
| 446|0x00000000dd400000, 0x00000000dd400000, 0x00000000dd500000|  0%| F|  |TAMS 0x00000000dd400000, 0x00000000dd400000| Untracked 
| 447|0x00000000dd500000, 0x00000000dd500000, 0x00000000dd600000|  0%| F|  |TAMS 0x00000000dd500000, 0x00000000dd500000| Untracked 
| 448|0x00000000dd600000, 0x00000000dd600000, 0x00000000dd700000|  0%| F|  |TAMS 0x00000000dd600000, 0x00000000dd600000| Untracked 
| 449|0x00000000dd700000, 0x00000000dd700000, 0x00000000dd800000|  0%| F|  |TAMS 0x00000000dd700000, 0x00000000dd700000| Untracked 
| 450|0x00000000dd800000, 0x00000000dd800000, 0x00000000dd900000|  0%| F|  |TAMS 0x00000000dd800000, 0x00000000dd800000| Untracked 
| 451|0x00000000dd900000, 0x00000000dd900000, 0x00000000dda00000|  0%| F|  |TAMS 0x00000000dd900000, 0x00000000dd900000| Untracked 
| 452|0x00000000dda00000, 0x00000000dda00000, 0x00000000ddb00000|  0%| F|  |TAMS 0x00000000dda00000, 0x00000000dda00000| Untracked 
| 453|0x00000000ddb00000, 0x00000000ddb00000, 0x00000000ddc00000|  0%| F|  |TAMS 0x00000000ddb00000, 0x00000000ddb00000| Untracked 
| 454|0x00000000ddc00000, 0x00000000ddc00000, 0x00000000ddd00000|  0%| F|  |TAMS 0x00000000ddc00000, 0x00000000ddc00000| Untracked 
| 455|0x00000000ddd00000, 0x00000000ddd00000, 0x00000000dde00000|  0%| F|  |TAMS 0x00000000ddd00000, 0x00000000ddd00000| Untracked 
| 456|0x00000000dde00000, 0x00000000dde00000, 0x00000000ddf00000|  0%| F|  |TAMS 0x00000000dde00000, 0x00000000dde00000| Untracked 
| 457|0x00000000ddf00000, 0x00000000ddf00000, 0x00000000de000000|  0%| F|  |TAMS 0x00000000ddf00000, 0x00000000ddf00000| Untracked 
| 458|0x00000000de000000, 0x00000000de000000, 0x00000000de100000|  0%| F|  |TAMS 0x00000000de000000, 0x00000000de000000| Untracked 
| 459|0x00000000de100000, 0x00000000de100000, 0x00000000de200000|  0%| F|  |TAMS 0x00000000de100000, 0x00000000de100000| Untracked 
| 460|0x00000000de200000, 0x00000000de200000, 0x00000000de300000|  0%| F|  |TAMS 0x00000000de200000, 0x00000000de200000| Untracked 
| 461|0x00000000de300000, 0x00000000de300000, 0x00000000de400000|  0%| F|  |TAMS 0x00000000de300000, 0x00000000de300000| Untracked 
| 462|0x00000000de400000, 0x00000000de400000, 0x00000000de500000|  0%| F|  |TAMS 0x00000000de400000, 0x00000000de400000| Untracked 
| 463|0x00000000de500000, 0x00000000de500000, 0x00000000de600000|  0%| F|  |TAMS 0x00000000de500000, 0x00000000de500000| Untracked 
| 464|0x00000000de600000, 0x00000000de600000, 0x00000000de700000|  0%| F|  |TAMS 0x00000000de600000, 0x00000000de600000| Untracked 
| 465|0x00000000de700000, 0x00000000de700000, 0x00000000de800000|  0%| F|  |TAMS 0x00000000de700000, 0x00000000de700000| Untracked 
| 466|0x00000000de800000, 0x00000000de800000, 0x00000000de900000|  0%| F|  |TAMS 0x00000000de800000, 0x00000000de800000| Untracked 
| 467|0x00000000de900000, 0x00000000de900000, 0x00000000dea00000|  0%| F|  |TAMS 0x00000000de900000, 0x00000000de900000| Untracked 
| 468|0x00000000dea00000, 0x00000000dea00000, 0x00000000deb00000|  0%| F|  |TAMS 0x00000000dea00000, 0x00000000dea00000| Untracked 
| 469|0x00000000deb00000, 0x00000000deb00000, 0x00000000dec00000|  0%| F|  |TAMS 0x00000000deb00000, 0x00000000deb00000| Untracked 
| 470|0x00000000dec00000, 0x00000000dec00000, 0x00000000ded00000|  0%| F|  |TAMS 0x00000000dec00000, 0x00000000dec00000| Untracked 
| 471|0x00000000ded00000, 0x00000000ded00000, 0x00000000dee00000|  0%| F|  |TAMS 0x00000000ded00000, 0x00000000ded00000| Untracked 
| 472|0x00000000dee00000, 0x00000000dee00000, 0x00000000def00000|  0%| F|  |TAMS 0x00000000dee00000, 0x00000000dee00000| Untracked 
| 473|0x00000000def00000, 0x00000000def00000, 0x00000000df000000|  0%| F|  |TAMS 0x00000000def00000, 0x00000000def00000| Untracked 
| 474|0x00000000df000000, 0x00000000df000000, 0x00000000df100000|  0%| F|  |TAMS 0x00000000df000000, 0x00000000df000000| Untracked 
| 475|0x00000000df100000, 0x00000000df100000, 0x00000000df200000|  0%| F|  |TAMS 0x00000000df100000, 0x00000000df100000| Untracked 
| 476|0x00000000df200000, 0x00000000df200000, 0x00000000df300000|  0%| F|  |TAMS 0x00000000df200000, 0x00000000df200000| Untracked 
| 477|0x00000000df300000, 0x00000000df300000, 0x00000000df400000|  0%| F|  |TAMS 0x00000000df300000, 0x00000000df300000| Untracked 
| 478|0x00000000df400000, 0x00000000df400000, 0x00000000df500000|  0%| F|  |TAMS 0x00000000df400000, 0x00000000df400000| Untracked 
| 479|0x00000000df500000, 0x00000000df500000, 0x00000000df600000|  0%| F|  |TAMS 0x00000000df500000, 0x00000000df500000| Untracked 
| 480|0x00000000df600000, 0x00000000df600000, 0x00000000df700000|  0%| F|  |TAMS 0x00000000df600000, 0x00000000df600000| Untracked 
| 481|0x00000000df700000, 0x00000000df700000, 0x00000000df800000|  0%| F|  |TAMS 0x00000000df700000, 0x00000000df700000| Untracked 
| 482|0x00000000df800000, 0x00000000df800000, 0x00000000df900000|  0%| F|  |TAMS 0x00000000df800000, 0x00000000df800000| Untracked 
| 483|0x00000000df900000, 0x00000000df900000, 0x00000000dfa00000|  0%| F|  |TAMS 0x00000000df900000, 0x00000000df900000| Untracked 
| 484|0x00000000dfa00000, 0x00000000dfa00000, 0x00000000dfb00000|  0%| F|  |TAMS 0x00000000dfa00000, 0x00000000dfa00000| Untracked 
| 485|0x00000000dfb00000, 0x00000000dfb00000, 0x00000000dfc00000|  0%| F|  |TAMS 0x00000000dfb00000, 0x00000000dfb00000| Untracked 
| 486|0x00000000dfc00000, 0x00000000dfc00000, 0x00000000dfd00000|  0%| F|  |TAMS 0x00000000dfc00000, 0x00000000dfc00000| Untracked 
| 487|0x00000000dfd00000, 0x00000000dfd00000, 0x00000000dfe00000|  0%| F|  |TAMS 0x00000000dfd00000, 0x00000000dfd00000| Untracked 
| 488|0x00000000dfe00000, 0x00000000dfe00000, 0x00000000dff00000|  0%| F|  |TAMS 0x00000000dfe00000, 0x00000000dfe00000| Untracked 
| 489|0x00000000dff00000, 0x00000000dff00000, 0x00000000e0000000|  0%| F|  |TAMS 0x00000000dff00000, 0x00000000dff00000| Untracked 
| 490|0x00000000e0000000, 0x00000000e0000000, 0x00000000e0100000|  0%| F|  |TAMS 0x00000000e0000000, 0x00000000e0000000| Untracked 
| 491|0x00000000e0100000, 0x00000000e0100000, 0x00000000e0200000|  0%| F|  |TAMS 0x00000000e0100000, 0x00000000e0100000| Untracked 
| 492|0x00000000e0200000, 0x00000000e0200000, 0x00000000e0300000|  0%| F|  |TAMS 0x00000000e0200000, 0x00000000e0200000| Untracked 
| 493|0x00000000e0300000, 0x00000000e0300000, 0x00000000e0400000|  0%| F|  |TAMS 0x00000000e0300000, 0x00000000e0300000| Untracked 
| 494|0x00000000e0400000, 0x00000000e0400000, 0x00000000e0500000|  0%| F|  |TAMS 0x00000000e0400000, 0x00000000e0400000| Untracked 
| 495|0x00000000e0500000, 0x00000000e0500000, 0x00000000e0600000|  0%| F|  |TAMS 0x00000000e0500000, 0x00000000e0500000| Untracked 
| 496|0x00000000e0600000, 0x00000000e0600000, 0x00000000e0700000|  0%| F|  |TAMS 0x00000000e0600000, 0x00000000e0600000| Untracked 
| 497|0x00000000e0700000, 0x00000000e0700000, 0x00000000e0800000|  0%| F|  |TAMS 0x00000000e0700000, 0x00000000e0700000| Untracked 
| 498|0x00000000e0800000, 0x00000000e0800000, 0x00000000e0900000|  0%| F|  |TAMS 0x00000000e0800000, 0x00000000e0800000| Untracked 
| 499|0x00000000e0900000, 0x00000000e0900000, 0x00000000e0a00000|  0%| F|  |TAMS 0x00000000e0900000, 0x00000000e0900000| Untracked 
| 500|0x00000000e0a00000, 0x00000000e0a00000, 0x00000000e0b00000|  0%| F|  |TAMS 0x00000000e0a00000, 0x00000000e0a00000| Untracked 
| 501|0x00000000e0b00000, 0x00000000e0b00000, 0x00000000e0c00000|  0%| F|  |TAMS 0x00000000e0b00000, 0x00000000e0b00000| Untracked 
| 502|0x00000000e0c00000, 0x00000000e0c00000, 0x00000000e0d00000|  0%| F|  |TAMS 0x00000000e0c00000, 0x00000000e0c00000| Untracked 
| 503|0x00000000e0d00000, 0x00000000e0d00000, 0x00000000e0e00000|  0%| F|  |TAMS 0x00000000e0d00000, 0x00000000e0d00000| Untracked 
| 504|0x00000000e0e00000, 0x00000000e0e00000, 0x00000000e0f00000|  0%| F|  |TAMS 0x00000000e0e00000, 0x00000000e0e00000| Untracked 
| 505|0x00000000e0f00000, 0x00000000e0f00000, 0x00000000e1000000|  0%| F|  |TAMS 0x00000000e0f00000, 0x00000000e0f00000| Untracked 
| 506|0x00000000e1000000, 0x00000000e1000000, 0x00000000e1100000|  0%| F|  |TAMS 0x00000000e1000000, 0x00000000e1000000| Untracked 
| 507|0x00000000e1100000, 0x00000000e1100000, 0x00000000e1200000|  0%| F|  |TAMS 0x00000000e1100000, 0x00000000e1100000| Untracked 
| 508|0x00000000e1200000, 0x00000000e1200000, 0x00000000e1300000|  0%| F|  |TAMS 0x00000000e1200000, 0x00000000e1200000| Untracked 
| 509|0x00000000e1300000, 0x00000000e1300000, 0x00000000e1400000|  0%| F|  |TAMS 0x00000000e1300000, 0x00000000e1300000| Untracked 
| 510|0x00000000e1400000, 0x00000000e1400000, 0x00000000e1500000|  0%| F|  |TAMS 0x00000000e1400000, 0x00000000e1400000| Untracked 
| 511|0x00000000e1500000, 0x00000000e1500000, 0x00000000e1600000|  0%| F|  |TAMS 0x00000000e1500000, 0x00000000e1500000| Untracked 
| 512|0x00000000e1600000, 0x00000000e1600000, 0x00000000e1700000|  0%| F|  |TAMS 0x00000000e1600000, 0x00000000e1600000| Untracked 
| 513|0x00000000e1700000, 0x00000000e1700000, 0x00000000e1800000|  0%| F|  |TAMS 0x00000000e1700000, 0x00000000e1700000| Untracked 
| 514|0x00000000e1800000, 0x00000000e1800000, 0x00000000e1900000|  0%| F|  |TAMS 0x00000000e1800000, 0x00000000e1800000| Untracked 
| 515|0x00000000e1900000, 0x00000000e1900000, 0x00000000e1a00000|  0%| F|  |TAMS 0x00000000e1900000, 0x00000000e1900000| Untracked 
| 516|0x00000000e1a00000, 0x00000000e1a00000, 0x00000000e1b00000|  0%| F|  |TAMS 0x00000000e1a00000, 0x00000000e1a00000| Untracked 
| 517|0x00000000e1b00000, 0x00000000e1b00000, 0x00000000e1c00000|  0%| F|  |TAMS 0x00000000e1b00000, 0x00000000e1b00000| Untracked 
| 518|0x00000000e1c00000, 0x00000000e1c00000, 0x00000000e1d00000|  0%| F|  |TAMS 0x00000000e1c00000, 0x00000000e1c00000| Untracked 
| 519|0x00000000e1d00000, 0x00000000e1d00000, 0x00000000e1e00000|  0%| F|  |TAMS 0x00000000e1d00000, 0x00000000e1d00000| Untracked 
| 520|0x00000000e1e00000, 0x00000000e1e6e620, 0x00000000e1f00000| 43%| S|CS|TAMS 0x00000000e1e00000, 0x00000000e1e00000| Complete 
| 521|0x00000000e1f00000, 0x00000000e1f80000, 0x00000000e2000000| 50%| E|  |TAMS 0x00000000e1f00000, 0x00000000e1f00000| Complete 

Card table byte_map: [0x00000270b3600000,0x00000270b3800000] _byte_map_base: 0x00000270b2ff5000

Marking Bits (Prev, Next): (CMBitMap*) 0x000002709bf32c68, (CMBitMap*) 0x000002709bf32c28
 Prev Bits: [0x00000270b49b0000, 0x00000270b5958000)
 Next Bits: [0x00000270b3a00000, 0x00000270b49a8000)

Polling page: 0x0000027099d00000

Metaspace:

Usage:
  Non-class:     21.58 MB capacity,    21.28 MB ( 99%) used,   254.18 KB (  1%) free+waste,    50.38 KB ( <1%) overhead. 
      Class:      2.85 MB capacity,     2.70 MB ( 95%) used,   128.77 KB (  4%) free+waste,    24.19 KB ( <1%) overhead. 
       Both:     24.43 MB capacity,    23.98 MB ( 98%) used,   382.95 KB (  2%) free+waste,    74.56 KB ( <1%) overhead. 

Virtual space:
  Non-class space:       22.00 MB reserved,      21.75 MB ( 99%) committed 
      Class space:        1.00 GB reserved,       2.88 MB ( <1%) committed 
             Both:        1.02 GB reserved,      24.63 MB (  2%) committed 

Chunk freelists:
   Non-Class:  47.00 KB
       Class:  23.00 KB
        Both:  70.00 KB

MaxMetaspaceSize: 17179869184.00 GB
CompressedClassSpaceSize: 1.00 GB

CodeHeap 'non-profiled nmethods': size=120000Kb used=1192Kb max_used=1192Kb free=118807Kb
 bounds [0x00000270abed0000, 0x00000270ac140000, 0x00000270b3400000]
CodeHeap 'profiled nmethods': size=120000Kb used=5805Kb max_used=5805Kb free=114194Kb
 bounds [0x00000270a49a0000, 0x00000270a4f50000, 0x00000270abed0000]
CodeHeap 'non-nmethods': size=5760Kb used=1442Kb max_used=1456Kb free=4317Kb
 bounds [0x00000270a4400000, 0x00000270a4670000, 0x00000270a49a0000]
 total_blobs=4706 nmethods=2686 adapters=675
 compilation: enabled
              stopped_count=0, restarted_count=0
 full_count=0

Compilation events (20 events):
Event: 13.428 Thread 0x00000270b7f28000 nmethod 2954 0x00000270abff8710 code [0x00000270abff88a0, 0x00000270abff8af8]
Event: 13.428 Thread 0x00000270b7f28000 2953   !   4       java.io.StringReader::read (52 bytes)
Event: 13.428 Thread 0x00000270b7f34000 nmethod 2950 0x00000270a4f43710 code [0x00000270a4f43c60, 0x00000270a4f47610]
Event: 13.428 Thread 0x00000270b7f34000 2955       3       javax.swing.text.DefaultStyledDocument$ElementBuffer::push (8 bytes)
Event: 13.429 Thread 0x00000270b7f34000 nmethod 2955 0x00000270a4f49090 code [0x00000270a4f492a0, 0x00000270a4f49bc0]
Event: 13.429 Thread 0x00000270b7f34000 2956       3       javax.swing.text.DefaultStyledDocument$ElementBuffer::push (24 bytes)
Event: 13.429 Thread 0x00000270b7f34000 nmethod 2956 0x00000270a4f49f90 code [0x00000270a4f4a1a0, 0x00000270a4f4aa60]
Event: 13.429 Thread 0x00000270b7f34000 2952       3       javax.swing.border.AbstractBorder::getBorderInsets (17 bytes)
Event: 13.429 Thread 0x00000270b7f34000 nmethod 2952 0x00000270a4f4ae10 code [0x00000270a4f4afe0, 0x00000270a4f4b370]
Event: 13.429 Thread 0x00000270b7f34000 2951       3       javax.swing.text.html.StyleSheet$SearchBuffer::getHashtable (23 bytes)
Event: 13.429 Thread 0x00000270b7f34000 nmethod 2951 0x00000270a4f4b490 code [0x00000270a4f4b680, 0x00000270a4f4b9d0]
Event: 13.432 Thread 0x00000270b7f28000 nmethod 2953 0x00000270abff8c10 code [0x00000270abff8dc0, 0x00000270abff9498]
Event: 13.487 Thread 0x00000270b7f34000 2958       3       jdk.internal.loader.URLClassPath$JarLoader$2::getContentLength (9 bytes)
Event: 13.487 Thread 0x00000270b7f34000 nmethod 2958 0x00000270a4f4bb10 code [0x00000270a4f4bcc0, 0x00000270a4f4bef8]
Event: 13.487 Thread 0x00000270b7f34000 2959   !   3       java.util.jar.JarFile$JarFileEntry::getCodeSigners (81 bytes)
Event: 13.488 Thread 0x00000270b7f34000 nmethod 2959 0x00000270a4f4bf90 code [0x00000270a4f4c1a0, 0x00000270a4f4c810]
Event: 13.625 Thread 0x00000270b7f34000 2960       3       java.lang.Integer::equals (29 bytes)
Event: 13.625 Thread 0x00000270b7f34000 nmethod 2960 0x00000270a4f4ca10 code [0x00000270a4f4cbc0, 0x00000270a4f4d018]
Event: 13.684 Thread 0x00000270b7f28000 2961       4       java.util.Vector::add (23 bytes)
Event: 13.690 Thread 0x00000270b7f28000 nmethod 2961 0x00000270abff9a90 code [0x00000270abff9c20, 0x00000270abff9e08]

GC Heap History (20 events):
Event: 3.515 GC heap before
{Heap before GC invocations=5 (full 0):
 garbage-first heap   total 48128K, used 23976K [0x00000000c1600000, 0x0000000100000000)
  region size 1024K, 10 young (10240K), 3 survivors (3072K)
 Metaspace       used 21127K, capacity 21551K, committed 21760K, reserved 1069056K
  class space    used 2386K, capacity 2534K, committed 2560K, reserved 1048576K
}
Event: 3.518 GC heap after
{Heap after GC invocations=6 (full 0):
 garbage-first heap   total 58368K, used 19170K [0x00000000c1600000, 0x0000000100000000)
  region size 1024K, 1 young (1024K), 1 survivors (1024K)
 Metaspace       used 21127K, capacity 21551K, committed 21760K, reserved 1069056K
  class space    used 2386K, capacity 2534K, committed 2560K, reserved 1048576K
}
Event: 3.987 GC heap before
{Heap before GC invocations=7 (full 0):
 garbage-first heap   total 331776K, used 211682K [0x00000000c1600000, 0x0000000100000000)
  region size 1024K, 16 young (16384K), 1 survivors (1024K)
 Metaspace       used 21128K, capacity 21551K, committed 21760K, reserved 1069056K
  class space    used 2386K, capacity 2534K, committed 2560K, reserved 1048576K
}
Event: 3.988 GC heap after
{Heap after GC invocations=8 (full 0):
 garbage-first heap   total 331776K, used 197297K [0x00000000c1600000, 0x0000000100000000)
  region size 1024K, 1 young (1024K), 1 survivors (1024K)
 Metaspace       used 21128K, capacity 21551K, committed 21760K, reserved 1069056K
  class space    used 2386K, capacity 2534K, committed 2560K, reserved 1048576K
}
Event: 4.824 GC heap before
{Heap before GC invocations=8 (full 0):
 garbage-first heap   total 331776K, used 240305K [0x00000000c1600000, 0x0000000100000000)
  region size 1024K, 44 young (45056K), 1 survivors (1024K)
 Metaspace       used 21128K, capacity 21551K, committed 21760K, reserved 1069056K
  class space    used 2386K, capacity 2534K, committed 2560K, reserved 1048576K
}
Event: 4.826 GC heap after
{Heap after GC invocations=9 (full 0):
 garbage-first heap   total 331776K, used 197294K [0x00000000c1600000, 0x0000000100000000)
  region size 1024K, 1 young (1024K), 1 survivors (1024K)
 Metaspace       used 21128K, capacity 21551K, committed 21760K, reserved 1069056K
  class space    used 2386K, capacity 2534K, committed 2560K, reserved 1048576K
}
Event: 6.611 GC heap before
{Heap before GC invocations=10 (full 0):
 garbage-first heap   total 337920K, used 256686K [0x00000000c1600000, 0x0000000100000000)
  region size 1024K, 60 young (61440K), 1 survivors (1024K)
 Metaspace       used 21128K, capacity 21551K, committed 21760K, reserved 1069056K
  class space    used 2386K, capacity 2534K, committed 2560K, reserved 1048576K
}
Event: 6.613 GC heap after
{Heap after GC invocations=11 (full 0):
 garbage-first heap   total 337920K, used 197279K [0x00000000c1600000, 0x0000000100000000)
  region size 1024K, 1 young (1024K), 1 survivors (1024K)
 Metaspace       used 21128K, capacity 21551K, committed 21760K, reserved 1069056K
  class space    used 2386K, capacity 2534K, committed 2560K, reserved 1048576K
}
Event: 11.320 GC heap before
{Heap before GC invocations=11 (full 0):
 garbage-first heap   total 337920K, used 269983K [0x00000000c1600000, 0x0000000100000000)
  region size 1024K, 73 young (74752K), 1 survivors (1024K)
 Metaspace       used 23311K, capacity 23776K, committed 24064K, reserved 1071104K
  class space    used 2578K, capacity 2740K, committed 2816K, reserved 1048576K
}
Event: 11.326 GC heap after
{Heap after GC invocations=12 (full 0):
 garbage-first heap   total 337920K, used 199294K [0x00000000c1600000, 0x0000000100000000)
  region size 1024K, 3 young (3072K), 3 survivors (3072K)
 Metaspace       used 23311K, capacity 23776K, committed 24064K, reserved 1071104K
  class space    used 2578K, capacity 2740K, committed 2816K, reserved 1048576K
}
Event: 11.632 GC heap before
{Heap before GC invocations=13 (full 0):
 garbage-first heap   total 337920K, used 201342K [0x00000000c1600000, 0x0000000100000000)
  region size 1024K, 6 young (6144K), 3 survivors (3072K)
 Metaspace       used 23755K, capacity 24223K, committed 24448K, reserved 1071104K
  class space    used 2664K, capacity 2848K, committed 2944K, reserved 1048576K
}
Event: 11.636 GC heap after
{Heap after GC invocations=14 (full 0):
 garbage-first heap   total 337920K, used 199549K [0x00000000c1600000, 0x0000000100000000)
  region size 1024K, 3 young (3072K), 3 survivors (3072K)
 Metaspace       used 23755K, capacity 24223K, committed 24448K, reserved 1071104K
  class space    used 2664K, capacity 2848K, committed 2944K, reserved 1048576K
}
Event: 11.985 GC heap before
{Heap before GC invocations=15 (full 0):
 garbage-first heap   total 526336K, used 373629K [0x00000000c1600000, 0x0000000100000000)
  region size 1024K, 61 young (62464K), 3 survivors (3072K)
 Metaspace       used 23755K, capacity 24223K, committed 24448K, reserved 1071104K
  class space    used 2664K, capacity 2848K, committed 2944K, reserved 1048576K
}
Event: 11.988 GC heap after
{Heap after GC invocations=16 (full 0):
 garbage-first heap   total 526336K, used 314278K [0x00000000c1600000, 0x0000000100000000)
  region size 1024K, 3 young (3072K), 3 survivors (3072K)
 Metaspace       used 23755K, capacity 24223K, committed 24448K, reserved 1071104K
  class space    used 2664K, capacity 2848K, committed 2944K, reserved 1048576K
}
Event: 13.350 GC heap before
{Heap before GC invocations=16 (full 0):
 garbage-first heap   total 526336K, used 371622K [0x00000000c1600000, 0x0000000100000000)
  region size 1024K, 60 young (61440K), 3 survivors (3072K)
 Metaspace       used 24271K, capacity 24754K, committed 24960K, reserved 1071104K
  class space    used 2736K, capacity 2918K, committed 2944K, reserved 1048576K
}
Event: 13.368 GC heap after
{Heap after GC invocations=17 (full 1):
 garbage-first heap   total 526336K, used 312304K [0x00000000c1600000, 0x0000000100000000)
  region size 1024K, 0 young (0K), 0 survivors (0K)
 Metaspace       used 24271K, capacity 24754K, committed 24960K, reserved 1071104K
  class space    used 2736K, capacity 2918K, committed 2944K, reserved 1048576K
}
Event: 13.479 GC heap before
{Heap before GC invocations=17 (full 1):
 garbage-first heap   total 526336K, used 313328K [0x00000000c1600000, 0x0000000100000000)
  region size 1024K, 2 young (2048K), 0 survivors (0K)
 Metaspace       used 24371K, capacity 24882K, committed 24960K, reserved 1071104K
  class space    used 2745K, capacity 2918K, committed 2944K, reserved 1048576K
}
Event: 13.480 GC heap after
{Heap after GC invocations=18 (full 1):
 garbage-first heap   total 526336K, used 312518K [0x00000000c1600000, 0x0000000100000000)
  region size 1024K, 1 young (1024K), 1 survivors (1024K)
 Metaspace       used 24371K, capacity 24882K, committed 24960K, reserved 1071104K
  class space    used 2745K, capacity 2918K, committed 2944K, reserved 1048576K
}
Event: 13.746 GC heap before
{Heap before GC invocations=19 (full 1):
 garbage-first heap   total 534528K, used 317638K [0x00000000c1600000, 0x0000000100000000)
  region size 1024K, 3 young (3072K), 1 survivors (1024K)
 Metaspace       used 24560K, capacity 25018K, committed 25216K, reserved 1071104K
  class space    used 2768K, capacity 2921K, committed 2944K, reserved 1048576K
}
Event: 13.748 GC heap after
{Heap after GC invocations=20 (full 1):
 garbage-first heap   total 534528K, used 316841K [0x00000000c1600000, 0x0000000100000000)
  region size 1024K, 1 young (1024K), 1 survivors (1024K)
 Metaspace       used 24560K, capacity 25018K, committed 25216K, reserved 1071104K
  class space    used 2768K, capacity 2921K, committed 2944K, reserved 1048576K
}

Deoptimization events (20 events):
Event: 11.694 Thread 0x00000270b9eb2800 Uncommon trap: trap_request=0xffffffc6 fr.pc=0x00000270abf9b880 relative=0x0000000000002ca0
Event: 11.694 Thread 0x00000270b9eb2800 Uncommon trap: reason=bimorphic_or_optimized_type_check action=maybe_recompile pc=0x00000270abf9b880 method=java.io.BufferedInputStream.read1([BII)I @ 39 c2
Event: 11.694 Thread 0x00000270b9eb2800 DEOPT PACKING pc=0x00000270abf9b880 sp=0x000000ae66bff090
Event: 11.694 Thread 0x00000270b9eb2800 DEOPT UNPACKING pc=0x00000270a444912f sp=0x000000ae66bff008 mode 2
Event: 11.694 Thread 0x00000270b9eb2800 Uncommon trap: trap_request=0xffffffc6 fr.pc=0x00000270abf4c734 relative=0x0000000000000754
Event: 11.694 Thread 0x00000270b9eb2800 Uncommon trap: reason=bimorphic_or_optimized_type_check action=maybe_recompile pc=0x00000270abf4c734 method=java.io.BufferedInputStream.read1([BII)I @ 39 c2
Event: 11.694 Thread 0x00000270b9eb2800 DEOPT PACKING pc=0x00000270abf4c734 sp=0x000000ae66bff020
Event: 11.694 Thread 0x00000270b9eb2800 DEOPT UNPACKING pc=0x00000270a444912f sp=0x000000ae66bfeff8 mode 2
Event: 13.009 Thread 0x00000270b8dfd000 Uncommon trap: trap_request=0xffffff45 fr.pc=0x00000270abf3800c relative=0x000000000000024c
Event: 13.009 Thread 0x00000270b8dfd000 Uncommon trap: reason=unstable_if action=reinterpret pc=0x00000270abf3800c method=java.util.concurrent.ConcurrentHashMap.get(Ljava/lang/Object;)Ljava/lang/Object; @ 76 c2
Event: 13.009 Thread 0x00000270b8dfd000 DEOPT PACKING pc=0x00000270abf3800c sp=0x000000ae66afdbd0
Event: 13.009 Thread 0x00000270b8dfd000 DEOPT UNPACKING pc=0x00000270a444912f sp=0x000000ae66afdb38 mode 2
Event: 13.009 Thread 0x00000270b8dfd000 Uncommon trap: trap_request=0xffffffde fr.pc=0x00000270abfdf818 relative=0x0000000000000f78
Event: 13.009 Thread 0x00000270b8dfd000 Uncommon trap: reason=class_check action=maybe_recompile pc=0x00000270abfdf818 method=java.util.concurrent.ConcurrentHashMap.putVal(Ljava/lang/Object;Ljava/lang/Object;Z)Ljava/lang/Object; @ 242 c2
Event: 13.009 Thread 0x00000270b8dfd000 DEOPT PACKING pc=0x00000270abfdf818 sp=0x000000ae66afdb50
Event: 13.009 Thread 0x00000270b8dfd000 DEOPT UNPACKING pc=0x00000270a444912f sp=0x000000ae66afdad0 mode 2
Event: 13.149 Thread 0x00000270b7f33800 Uncommon trap: trap_request=0xffffff45 fr.pc=0x00000270abf1ba24 relative=0x00000000000005e4
Event: 13.149 Thread 0x00000270b7f33800 Uncommon trap: reason=unstable_if action=reinterpret pc=0x00000270abf1ba24 method=java.lang.AbstractStringBuilder.append(Ljava/lang/String;)Ljava/lang/AbstractStringBuilder; @ 1 c2
Event: 13.149 Thread 0x00000270b7f33800 DEOPT PACKING pc=0x00000270abf1ba24 sp=0x000000ae675fedf0
Event: 13.149 Thread 0x00000270b7f33800 DEOPT UNPACKING pc=0x00000270a444912f sp=0x000000ae675fed70 mode 2

Classes unloaded (0 events):
No events

Classes redefined (0 events):
No events

Internal exceptions (20 events):
Event: 1.327 Thread 0x00000270b8dfd000 Exception <a 'java/lang/NoSuchMethodError'{0x00000000c4f361d8}: 'java.lang.Object java.lang.invoke.DirectMethodHandle$Holder.invokeStaticInit(java.lang.Object, int, int, int, int)'> (0x00000000c4f361d8) 
thrown [t:/workspace/open/src/hotspot/share/interpreter/linkResolver.cpp, line 767]
Event: 1.329 Thread 0x00000270b8dfd000 Exception <a 'sun/nio/fs/WindowsException'{0x00000000c4f3bf10}> (0x00000000c4f3bf10) 
thrown [t:/workspace/open/src/hotspot/share/prims/jni.cpp, line 598]
Event: 1.330 Thread 0x00000270b8dfd000 Exception <a 'java/lang/NoSuchMethodError'{0x00000000c4f3daf8}: 'int java.lang.invoke.DirectMethodHandle$Holder.invokeSpecialIFC(java.lang.Object, java.lang.Object, int)'> (0x00000000c4f3daf8) 
thrown [t:/workspace/open/src/hotspot/share/interpreter/linkResolver.cpp, line 767]
Event: 1.345 Thread 0x00000270b8dfd000 Exception <a 'java/lang/NoSuchMethodError'{0x00000000c4f67508}: 'int java.lang.invoke.DirectMethodHandle$Holder.invokeStaticInit(java.lang.Object, java.lang.Object, java.lang.Object, java.lang.Object)'> (0x00000000c4f67508) 
thrown [t:/workspace/open/src/hotspot/share/interpreter/linkResolver.cpp, line 767]
Event: 1.346 Thread 0x00000270b8dfd000 Exception <a 'java/lang/IncompatibleClassChangeError'{0x00000000c4f6ffb8}: Found class java.lang.Object, but interface was expected> (0x00000000c4f6ffb8) 
thrown [t:/workspace/open/src/hotspot/share/interpreter/linkResolver.cpp, line 833]
Event: 1.347 Thread 0x00000270b8dfd000 Exception <a 'java/lang/NoSuchMethodError'{0x00000000c4f72d70}: 'void java.lang.invoke.DirectMethodHandle$Holder.invokeStaticInit(java.lang.Object, java.lang.Object)'> (0x00000000c4f72d70) 
thrown [t:/workspace/open/src/hotspot/share/interpreter/linkResolver.cpp, line 767]
Event: 1.348 Thread 0x00000270b8dfd000 Exception <a 'java/lang/NoSuchMethodError'{0x00000000c4f78420}: 'int java.lang.invoke.DirectMethodHandle$Holder.invokeStaticInit(java.lang.Object, java.lang.Object)'> (0x00000000c4f78420) 
thrown [t:/workspace/open/src/hotspot/share/interpreter/linkResolver.cpp, line 767]
Event: 1.920 Thread 0x00000270b8dfd000 Exception <a 'java/lang/NoSuchMethodError'{0x00000000c4d785f8}: 'java.lang.Object java.lang.invoke.DirectMethodHandle$Holder.invokeStaticInit(java.lang.Object, java.lang.Object, int, int, int, int)'> (0x00000000c4d785f8) 
thrown [t:/workspace/open/src/hotspot/share/interpreter/linkResolver.cpp, line 767]
Event: 2.148 Thread 0x00000270b8dfd000 Exception <a 'java/lang/NullPointerException'{0x00000000c4b173b0}> (0x00000000c4b173b0) 
thrown [t:/workspace/open/src/hotspot/share/interpreter/linkResolver.cpp, line 1349]
Event: 2.148 Thread 0x00000270b8dfd000 Exception <a 'java/lang/reflect/InvocationTargetException'{0x00000000c4b1afe0}> (0x00000000c4b1afe0) 
thrown [t:/workspace/open/src/hotspot/share/runtime/reflection.cpp, line 1188]
Event: 2.192 Thread 0x00000270b8dfd000 Exception <a 'java/lang/NoSuchMethodError'{0x00000000c4a711c8}: 'java.lang.Object java.lang.invoke.DirectMethodHandle$Holder.invokeVirtual(java.lang.Object, java.lang.Object, java.lang.Object)'> (0x00000000c4a711c8) 
thrown [t:/workspace/open/src/hotspot/share/interpreter/linkResolver.cpp, line 767]
Event: 2.686 Thread 0x00000270b8dfd000 Implicit null exception at 0x00000270abf38505 to 0x00000270abf38982
Event: 2.689 Thread 0x00000270b8dfd000 Implicit null exception at 0x00000270abf042af to 0x00000270abf0432d
Event: 2.713 Thread 0x00000270b8dfd000 Exception <a 'sun/nio/fs/WindowsException'{0x00000000c547d2a8}> (0x00000000c547d2a8) 
thrown [t:/workspace/open/src/hotspot/share/prims/jni.cpp, line 598]
Event: 2.766 Thread 0x00000270b8dfd000 Exception <a 'java/net/UnknownHostException'{0x00000000c5494268}> (0x00000000c5494268) 
thrown [t:/workspace/open/src/hotspot/share/prims/jni.cpp, line 598]
Event: 2.974 Thread 0x00000270b8dfd000 Exception <a 'java/lang/NoSuchMethodError'{0x00000000c52b8a08}: 'java.lang.Object java.lang.invoke.DirectMethodHandle$Holder.invokeVirtual(java.lang.Object, java.lang.Object, java.lang.Object, java.lang.Object)'> (0x00000000c52b8a08) 
thrown [t:/workspace/open/src/hotspot/share/interpreter/linkResolver.cpp, line 767]
Event: 3.007 Thread 0x00000270b8dfd000 Exception <a 'java/lang/NoSuchMethodError'{0x00000000c5163468}: 'void java.lang.invoke.DirectMethodHandle$Holder.invokeVirtual(java.lang.Object, java.lang.Object)'> (0x00000000c5163468) 
thrown [t:/workspace/open/src/hotspot/share/interpreter/linkResolver.cpp, line 767]
Event: 11.605 Thread 0x00000270b8dfd000 Exception <a 'java/lang/NoSuchMethodError'{0x00000000d5fc76f0}: 'void java.lang.invoke.DirectMethodHandle$Holder.invokeStaticInit(java.lang.Object)'> (0x00000000d5fc76f0) 
thrown [t:/workspace/open/src/hotspot/share/interpreter/linkResolver.cpp, line 767]
Event: 11.615 Thread 0x00000270b8dfd000 Exception <a 'java/lang/NoSuchMethodError'{0x00000000d5fee878}: 'java.lang.Object java.lang.invoke.Invokers$Holder.linkToTargetMethod(java.lang.Object, int, java.lang.Object)'> (0x00000000d5fee878) 
thrown [t:/workspace/open/src/hotspot/share/interpreter/linkResolver.cpp, line 767]
Event: 13.149 Thread 0x00000270b7f33800 Implicit null exception at 0x00000270abf1b484 to 0x00000270abf1ba0e

Events (20 events):
Event: 13.684 loading class sun/awt/geom/AreaOp$CAGOp
Event: 13.684 loading class sun/awt/geom/AreaOp$CAGOp done
Event: 13.684 loading class sun/awt/geom/AreaOp$SubOp done
Event: 13.685 loading class java/awt/geom/AreaIterator
Event: 13.685 loading class java/awt/geom/AreaIterator done
Event: 13.687 loading class com/formdev/flatlaf/util/JavaCompatibility
Event: 13.687 loading class com/formdev/flatlaf/util/JavaCompatibility done
Event: 13.692 loading class com/formdev/flatlaf/util/MultiResolutionImageSupport
Event: 13.692 loading class com/formdev/flatlaf/util/MultiResolutionImageSupport done
Event: 13.693 loading class com/formdev/flatlaf/util/MultiResolutionImageSupport$MappedMultiResolutionImage
Event: 13.693 loading class com/formdev/flatlaf/util/MultiResolutionImageSupport$MappedMultiResolutionImage done
Event: 13.693 loading class java/awt/image/AbstractMultiResolutionImage
Event: 13.694 loading class java/awt/image/AbstractMultiResolutionImage done
Event: 13.694 loading class java/awt/image/BaseMultiResolutionImage
Event: 13.745 loading class java/awt/image/BaseMultiResolutionImage done
Event: 13.745 loading class com/formdev/flatlaf/util/MultiResolutionImageSupport$ProducerMultiResolutionImage
Event: 13.745 loading class com/formdev/flatlaf/util/MultiResolutionImageSupport$ProducerMultiResolutionImage done
Event: 13.746 Executing VM operation: G1CollectForAllocation
Event: 13.748 Executing VM operation: G1CollectForAllocation done
Event: 13.787 Executing VM operation: G1Concurrent


Dynamic libraries:
0x00007ff6b99b0000 - 0x00007ff6b99bf000 	C:\Program Files\Java\jdk-13.0.2\bin\javaw.exe
0x00007ffdb1b20000 - 0x00007ffdb1d10000 	C:\Windows\SYSTEM32\ntdll.dll
0x00007ffdafba0000 - 0x00007ffdafc52000 	C:\Windows\System32\KERNEL32.DLL
0x00007ffdaecc0000 - 0x00007ffdaef65000 	C:\Windows\System32\KERNELBASE.dll
0x00007ffdaea60000 - 0x00007ffdaeb5a000 	C:\Windows\System32\ucrtbase.dll
0x00007ffda8e30000 - 0x00007ffda8e45000 	C:\Program Files\Java\jdk-13.0.2\bin\VCRUNTIME140.dll
0x00007ffda39a0000 - 0x00007ffda39b8000 	C:\Program Files\Java\jdk-13.0.2\bin\jli.dll
0x00007ffdb0f50000 - 0x00007ffdb0ff3000 	C:\Windows\System32\ADVAPI32.dll
0x00007ffdb1a10000 - 0x00007ffdb1aae000 	C:\Windows\System32\msvcrt.dll
0x00007ffdafc60000 - 0x00007ffdafcf7000 	C:\Windows\System32\sechost.dll
0x00007ffdb04d0000 - 0x00007ffdb05ef000 	C:\Windows\System32\RPCRT4.dll
0x00007ffdb17f0000 - 0x00007ffdb1984000 	C:\Windows\System32\USER32.dll
0x00007ffd9ef40000 - 0x00007ffd9f1c4000 	C:\Windows\WinSxS\amd64_microsoft.windows.common-controls_6595b64144ccf1df_6.0.18362.1556_none_9e7e372fe45e41d5\COMCTL32.dll
0x00007ffdaef70000 - 0x00007ffdaef91000 	C:\Windows\System32\win32u.dll
0x00007ffdb11e0000 - 0x00007ffdb1206000 	C:\Windows\System32\GDI32.dll
0x00007ffdb12a0000 - 0x00007ffdb15d6000 	C:\Windows\System32\combase.dll
0x00007ffdaf940000 - 0x00007ffdafad8000 	C:\Windows\System32\gdi32full.dll
0x00007ffdaf770000 - 0x00007ffdaf80e000 	C:\Windows\System32\msvcp_win.dll
0x00007ffdafae0000 - 0x00007ffdafb61000 	C:\Windows\System32\bcryptPrimitives.dll
0x00007ffd9f400000 - 0x00007ffd9f40a000 	C:\Windows\SYSTEM32\VERSION.dll
0x00007ffdb0820000 - 0x00007ffdb084e000 	C:\Windows\System32\IMM32.DLL
0x00007ffda3900000 - 0x00007ffda399b000 	C:\Program Files\Java\jdk-13.0.2\bin\msvcp140.dll
0x00007ffd6dbc0000 - 0x00007ffd6e71d000 	C:\Program Files\Java\jdk-13.0.2\bin\server\jvm.dll
0x00007ffdb0e00000 - 0x00007ffdb0e08000 	C:\Windows\System32\PSAPI.DLL
0x00007ffdac1c0000 - 0x00007ffdac1e4000 	C:\Windows\SYSTEM32\WINMM.dll
0x00007ffdab160000 - 0x00007ffdab169000 	C:\Windows\SYSTEM32\WSOCK32.dll
0x00007ffdafd70000 - 0x00007ffdafddf000 	C:\Windows\System32\WS2_32.dll
0x00007ffdac190000 - 0x00007ffdac1bd000 	C:\Windows\SYSTEM32\WINMMBASE.dll
0x00007ffdaefa0000 - 0x00007ffdaefea000 	C:\Windows\System32\cfgmgr32.dll
0x00007ffdaea00000 - 0x00007ffdaea11000 	C:\Windows\System32\kernel.appcore.dll
0x00007ffda9f30000 - 0x00007ffda9f40000 	C:\Program Files\Java\jdk-13.0.2\bin\verify.dll
0x00007ffd9f1d0000 - 0x00007ffd9f3c4000 	C:\Windows\SYSTEM32\DBGHELP.DLL
0x00007ffd9ef10000 - 0x00007ffd9ef3a000 	C:\Windows\SYSTEM32\dbgcore.DLL
0x00007ffda36d0000 - 0x00007ffda36f6000 	C:\Program Files\Java\jdk-13.0.2\bin\java.dll
0x00007ffda3380000 - 0x00007ffda3397000 	C:\Program Files\Java\jdk-13.0.2\bin\zip.dll
0x00007ffda8f70000 - 0x00007ffda8f7a000 	C:\Program Files\Java\jdk-13.0.2\bin\jimage.dll
0x00007ffdafde0000 - 0x00007ffdb04c7000 	C:\Windows\System32\SHELL32.dll
0x00007ffdb1130000 - 0x00007ffdb11d8000 	C:\Windows\System32\shcore.dll
0x00007ffdaeff0000 - 0x00007ffdaf76b000 	C:\Windows\System32\windows.storage.dll
0x00007ffdaea40000 - 0x00007ffdaea5e000 	C:\Windows\System32\profapi.dll
0x00007ffdae9b0000 - 0x00007ffdae9fa000 	C:\Windows\System32\powrprof.dll
0x00007ffdae9a0000 - 0x00007ffdae9b0000 	C:\Windows\System32\UMPDC.dll
0x00007ffdafd00000 - 0x00007ffdafd52000 	C:\Windows\System32\shlwapi.dll
0x00007ffdaf870000 - 0x00007ffdaf887000 	C:\Windows\System32\cryptsp.dll
0x00007ffda3360000 - 0x00007ffda3379000 	C:\Program Files\Java\jdk-13.0.2\bin\net.dll
0x00007ffda4a40000 - 0x00007ffda4b3a000 	C:\Windows\SYSTEM32\WINHTTP.dll
0x00007ffdae1e0000 - 0x00007ffdae247000 	C:\Windows\system32\mswsock.dll
0x00007ffd9d3c0000 - 0x00007ffd9d3d3000 	C:\Program Files\Java\jdk-13.0.2\bin\nio.dll
0x00007ffd8a940000 - 0x00007ffd8aad9000 	C:\Program Files\Java\jdk-13.0.2\bin\awt.dll
0x00007ffdb0e80000 - 0x00007ffdb0f45000 	C:\Windows\System32\OLEAUT32.dll
0x00007ffdaca20000 - 0x00007ffdacaaf000 	C:\Windows\SYSTEM32\apphelp.dll
0x00007ffdacbd0000 - 0x00007ffdacc69000 	C:\Windows\system32\uxtheme.dll
0x00007ffdb0850000 - 0x00007ffdb0985000 	C:\Windows\System32\MSCTF.dll
0x00007ffdb1690000 - 0x00007ffdb17e7000 	C:\Windows\System32\ole32.dll
0x00007ffd8ca70000 - 0x00007ffd8caf2000 	C:\Program Files\Java\jdk-13.0.2\bin\freetype.dll
0x00007ffd8b6e0000 - 0x00007ffd8b786000 	C:\Program Files\Java\jdk-13.0.2\bin\fontmanager.dll
0x00007ffdacf20000 - 0x00007ffdacf4d000 	C:\Windows\system32\DWMAPI.DLL
0x00007ffdadf30000 - 0x00007ffdadffb000 	C:\Windows\SYSTEM32\DNSAPI.dll
0x00007ffdb1210000 - 0x00007ffdb1218000 	C:\Windows\System32\NSI.dll
0x00007ffdadef0000 - 0x00007ffdadf2a000 	C:\Windows\SYSTEM32\IPHLPAPI.DLL
0x00007ffda4a30000 - 0x00007ffda4a3a000 	C:\Windows\System32\rasadhlp.dll
0x00007ffda5540000 - 0x00007ffda55b7000 	C:\Windows\System32\fwpuclnt.dll
0x00007ffdafb70000 - 0x00007ffdafb96000 	C:\Windows\System32\bcrypt.dll
0x00007ffd976f0000 - 0x00007ffd97715000 	C:\Program Files\Java\jdk-13.0.2\bin\sunec.dll
0x00007ffdadd60000 - 0x00007ffdadd93000 	C:\Windows\system32\rsaenh.dll
0x00007ffdae890000 - 0x00007ffdae8b5000 	C:\Windows\SYSTEM32\USERENV.dll
0x00007ffdae3b0000 - 0x00007ffdae3bc000 	C:\Windows\SYSTEM32\CRYPTBASE.dll
0x00007ffda5650000 - 0x00007ffda5666000 	C:\Windows\SYSTEM32\dhcpcsvc6.DLL
0x00007ffda5720000 - 0x00007ffda573c000 	C:\Windows\SYSTEM32\dhcpcsvc.DLL
0x00007ffdab190000 - 0x00007ffdab19e000 	C:\Program Files\Java\jdk-13.0.2\bin\sunmscapi.dll
0x00007ffdaeb60000 - 0x00007ffdaecb1000 	C:\Windows\System32\CRYPT32.dll
0x00007ffdaea20000 - 0x00007ffdaea32000 	C:\Windows\System32\MSASN1.dll
0x00007ffdae4c0000 - 0x00007ffdae4e6000 	C:\Windows\SYSTEM32\ncrypt.dll
0x00007ffdae480000 - 0x00007ffdae4bb000 	C:\Windows\SYSTEM32\NTASN1.dll
0x00007ffd86820000 - 0x00007ffd86976000 	C:\Windows\system32\opengl32.dll
0x00007ffd976c0000 - 0x00007ffd976ec000 	C:\Windows\SYSTEM32\GLU32.dll
0x00007ffdad650000 - 0x00007ffdad670000 	C:\Windows\SYSTEM32\dxcore.dll
0x00007ffdab1f0000 - 0x00007ffdab1f6000 	C:\Users\User\AppData\Local\Temp\flatlaf.temp\flatlaf-windows-x86_64-1131011481027000.dll
0x00007ffda77e0000 - 0x00007ffda77e7000 	C:\Program Files\Java\jdk-13.0.2\bin\jawt.dll
0x00007ffd98d80000 - 0x00007ffd98dad000 	C:\Program Files\Java\jdk-13.0.2\bin\javajpeg.dll
0x00007ffdb15e0000 - 0x00007ffdb1682000 	C:\Windows\System32\clbcatq.dll
0x00007ffda8880000 - 0x00007ffda8a2f000 	C:\Windows\SYSTEM32\WindowsCodecs.dll
0x00007ffd90e60000 - 0x00007ffd90e9b000 	C:\Windows\system32\dataexchange.dll
0x00007ffdac1f0000 - 0x00007ffdac3cd000 	C:\Windows\system32\dcomp.dll
0x00007ffdabf30000 - 0x00007ffdac18b000 	C:\Windows\system32\d3d11.dll
0x00007ffdad670000 - 0x00007ffdad75b000 	C:\Windows\system32\dxgi.dll
0x00007ffdaccc0000 - 0x00007ffdacf1a000 	C:\Windows\system32\twinapi.appcore.dll
0x00007ffdad1e0000 - 0x00007ffdad209000 	C:\Windows\system32\RMCLIENT.dll
0x00007ffda2ca0000 - 0x00007ffda2d3b000 	C:\Windows\System32\TextInputFramework.dll
0x00007ffda9620000 - 0x00007ffda994a000 	C:\Windows\System32\CoreUIComponents.dll
0x00007ffdac4a0000 - 0x00007ffdac574000 	C:\Windows\System32\CoreMessaging.dll
0x00007ffdaa5d0000 - 0x00007ffdaa722000 	C:\Windows\SYSTEM32\wintypes.dll
0x00007ffdad9e0000 - 0x00007ffdada11000 	C:\Windows\SYSTEM32\ntmarta.dll

dbghelp: loaded successfully - version: 4.0.5 - missing functions: none
symbol engine: initialized successfully - sym options: 0x614 - pdb path: .;C:\Program Files\Java\jdk-13.0.2\bin;C:\Windows\SYSTEM32;C:\Windows\WinSxS\amd64_microsoft.windows.common-controls_6595b64144ccf1df_6.0.18362.1556_none_9e7e372fe45e41d5;C:\Program Files\Java\jdk-13.0.2\bin\server;C:\Users\User\AppData\Local\Temp\flatlaf.temp

VM Arguments:
jvm_args: -Dfile.encoding=Cp1252 
java_command: Application.Home
java_class_path (initial): C:\Users\User\git\bakame\DriveOperations\target\classes;C:\Users\User\Desktop\Libraries\jgoodies-common-1.8.0.jar;C:\Users\User\Desktop\Libraries\jgoodies-forms-1.8.0.jar;C:\Users\User\Desktop\Libraries\miglayout15-swing.jar;C:\Users\User\Downloads\javax.mail.jar;C:\Users\User\Downloads\activation-1.1.1.jar;C:\Users\User\Downloads\jcalendar-1.4.jar;C:\Users\User\Downloads\jfreechart-1.0.19\lib\jcommon-1.0.23.jar;C:\Users\User\Downloads\jfreechart-1.0.19\lib\jfreechart-1.0.19.jar;C:\Users\User\Downloads\commons-net-3.8.0\commons-net-3.8.0.jar;C:\Users\User\Documents\Libs\comm-2.0.jar;C:\Users\User\Documents\Libs\http-2.2.1.jar;C:\Users\User\Downloads\JTattoo-1.6.13.jar;C:\Users\User\Desktop\Libs\jmespath-java-1.11.470.jar;C:\Users\User\Desktop\Libs\aws-java-sdk-core-1.12.65.jar;C:\Users\User\Desktop\Libs\aws-java-sdk-kms-1.12.65.jar;C:\Users\User\Desktop\Libs\aws-java-sdk-s3-1.12.65.jar;C:\Users\User\Desktop\Libs\commons-codec-1.15.jar;C:\Users\User\Desktop\Libs\commons-logging-1.1.3.jar;C:\Users\User\Desktop\Libs\httpclient-4.5.13.jar;C:\Users\User\Desktop\Libs\ion-java-1.0.2.jar;C:\Users\User\Desktop\Libs\jackson-annotations-2.12.3.jar;C:\Users\User\Desktop\Libs\jackson-core-2.12.3.jar;C:\Users\User\Desktop\Libs\jackson-databind-2.12.3.jar;C:\Users\User\Desktop\Libs\jackson-dataformat-cbor-2.12.3.jar;C:\Users\User\Desktop\Libs\jmespath-java-1.12.65.jar;C:\Users\User\Desktop\Libs\joda-time-2.8.1.jar;C:\Users\User\Desktop\Libs\mysql-connector-java-5.1.45.jar;C:\Users\User\.m2\repository\com\amazonaws\aws-java-sdk-s3\1.12.65\aws-java-sdk-s3-1.12.65.jar;C:\Users\User\.m2\repository\com\amazonaws\aws-java-sdk-kms\1.12.65\aws-java-sdk-kms-1.12.65.jar;C:\Users\User\.m2\repository\com\amazonaws\aws-java-sdk-core\1.12.65\aws-java-sdk-core-1.12.65.jar;C:\Users\User\.m2\repository\commons-logging\commons-logging\1.1.3\commons-logging-1.1.3.jar;C:\Users\User\.m2\repository\commons-codec\commons-codec\1.15\commons-codec-1.15.jar;C:\Users\User\.m2\re
Launcher Type: SUN_STANDARD

[Global flags]
     intx CICompilerCount                          = 3                                         {product} {ergonomic}
     uint ConcGCThreads                            = 1                                         {product} {ergonomic}
     uint G1ConcRefinementThreads                  = 4                                         {product} {ergonomic}
   size_t G1HeapRegionSize                         = 1048576                                   {product} {ergonomic}
    uintx GCDrainStackTargetSize                   = 64                                        {product} {ergonomic}
   size_t InitialHeapSize                          = 67108864                                  {product} {ergonomic}
   size_t MarkStackSize                            = 4194304                                   {product} {ergonomic}
   size_t MaxHeapSize                              = 1050673152                                {product} {ergonomic}
   size_t MaxNewSize                               = 630194176                                 {product} {ergonomic}
   size_t MinHeapDeltaBytes                        = 1048576                                   {product} {ergonomic}
   size_t MinHeapSize                              = 8388608                                   {product} {ergonomic}
    uintx NonNMethodCodeHeapSize                   = 5832780                                {pd product} {ergonomic}
    uintx NonProfiledCodeHeapSize                  = 122912730                              {pd product} {ergonomic}
    uintx ProfiledCodeHeapSize                     = 122912730                              {pd product} {ergonomic}
    uintx ReservedCodeCacheSize                    = 251658240                              {pd product} {ergonomic}
     bool SegmentedCodeCache                       = true                                      {product} {ergonomic}
   size_t SoftMaxHeapSize                          = 1050673152                             {manageable} {ergonomic}
     bool UseCompressedClassPointers               = true                                 {lp64_product} {ergonomic}
     bool UseCompressedOops                        = true                                 {lp64_product} {ergonomic}
     bool UseG1GC                                  = true                                      {product} {ergonomic}
     bool UseLargePagesIndividualAllocation        = false                                  {pd product} {ergonomic}

Logging:
Log output configuration:
 #0: stdout all=warning uptime,level,tags
 #1: stderr all=off uptime,level,tags

Environment Variables:
JAVA_HOME=C:\Program Files (x86)\Java\jre1.8.0_241
PATH=C:\Program Files\Java\jdk-13.0.2\bin;C:\Program Files (x86)\Common Files\Oracle\Java\javapath;C:\Windows\system32;C:\Windows;C:\Windows\System32\Wbem;C:\Windows\System32\WindowsPowerShell\v1.0\;C:\Windows\System32\OpenSSH\;C:\Program Files (x86)\apache-maven-3.8.1\bin;C:\Program Files (x86)\gradle-7.1.1\bin;C:\Users\User\Documents\Setup logiciels\mongosh-1.1.2-win32-x64\bin;C:\Program Files\Git\cmd;C:\Program Files\MySQL\MySQL Shell 8.0\bin\;C:\Users\User\AppData\Local\Microsoft\WindowsApps;C:\Users\User\AppData\Local\Programs\Microsoft VS Code\bin;C:\Program Files (x86)\gradle-7.1.1\bin;C:\Users\User\Downloads\platform-tools;C:\Users\User\Documents\Setup logiciels\mongosh-1.1.2-win32-x64\bin;C:\Users\User\AppData\Local\GitHubDesktop\bin;C:\Program Files\JetBrains\IntelliJ IDEA 2022.1.1\bin;
USERNAME=User
OS=Windows_NT
PROCESSOR_IDENTIFIER=Intel64 Family 6 Model 42 Stepping 7, GenuineIntel



---------------  S Y S T E M  ---------------

OS: Windows 10 , 64 bit Build 18362 (10.0.18362.1500)

CPU:total 4 (initial active 4) (2 cores per cpu, 2 threads per core) family 6 model 42 stepping 7, cmov, cx8, fxsr, mmx, sse, sse2, sse3, ssse3, sse4.1, sse4.2, popcnt, avx, aes, clmul, ht, tsc, tscinvbit

Memory: 4k page, system-wide physical 4006M (363M free)
TotalPageFile size 16243M (AvailPageFile size 104M)
current process WorkingSet (physical memory assigned to process): 605M, peak: 605M
current process commit charge ("private bytes"): 673M, peak: 860M

vm_info: Java HotSpot(TM) 64-Bit Server VM (13.0.2+8) for windows-amd64 JRE (13.0.2+8), built on Dec 11 2019 09:20:33 by "mach5one" with unknown MS VC++:1916

END.
