#
# There is insufficient memory for the Java Runtime Environment to continue.
# Native memory allocation (malloc) failed to allocate 265536 bytes for Chunk::new
# Possible reasons:
#   The system is out of physical RAM or swap space
#   The process is running with CompressedOops enabled, and the Java Heap may be blocking the growth of the native heap
# Possible solutions:
#   Reduce memory load on the system
#   Increase physical memory or swap space
#   Check if swap backing store is full
#   Decrease Java heap size (-Xmx/-Xms)
#   Decrease number of Java threads
#   Decrease Java thread stack sizes (-Xss)
#   Set larger code cache with -XX:ReservedCodeCacheSize=
#   JVM is running with Unscaled Compressed Oops mode in which the Java heap is
#     placed in the first 4GB address space. The Java Heap base address is the
#     maximum limit for the native heap growth. Please use -XX:HeapBaseMinAddress
#     to set the Java Heap base and to place the Java Heap above 4GB virtual address.
# This output file may be truncated or incomplete.
#
#  Out of Memory Error (t:/workspace/open/src/hotspot/share/memory/arena.cpp:196), pid=2124, tid=11336
#
# JRE version: Java(TM) SE Runtime Environment (13.0.2+8) (build 13.0.2+8)
# Java VM: Java HotSpot(TM) 64-Bit Server VM (13.0.2+8, mixed mode, sharing, tiered, compressed oops, g1 gc, windows-amd64)
# No core dump will be written. Minidumps are not enabled by default on client versions of Windows
#

---------------  S U M M A R Y ------------

Command Line: -Dfile.encoding=Cp1252 Application.Home

Host: Intel(R) Core(TM) i5-2520M CPU @ 2.50GHz, 4 cores, 3G,  Windows 10 , 64 bit Build 18362 (10.0.18362.1500)
Time: Fri Jun 24 17:56:25 2022 Afrique de l?Est elapsed time: 25 seconds (0d 0h 0m 25s)

---------------  T H R E A D  ---------------

Current thread (0x0000026c04b22800):  JavaThread "C2 CompilerThread0" daemon [_thread_in_native, id=11336, stack(0x000000ee8ae00000,0x000000ee8af00000)]


Current CompileTask:
C2:  25833 3464       4       sun.java2d.marlin.MarlinTileGenerator::getAlphaRLE (1749 bytes)

Stack: [0x000000ee8ae00000,0x000000ee8af00000]
Native frames: (J=compiled Java code, j=interpreted, Vv=VM code, C=native code)
V  [jvm.dll+0x624f9a]
V  [jvm.dll+0x770cfa]
V  [jvm.dll+0x7724af]
V  [jvm.dll+0x772ab3]
V  [jvm.dll+0x24bf08]
V  [jvm.dll+0xc1e47]
V  [jvm.dll+0xc23cc]
V  [jvm.dll+0x2bdbf4]
V  [jvm.dll+0x5441fd]
V  [jvm.dll+0x20de66]
V  [jvm.dll+0x207501]
V  [jvm.dll+0x204d1d]
V  [jvm.dll+0x189c2c]
V  [jvm.dll+0x213e6d]
V  [jvm.dll+0x2120bb]
V  [jvm.dll+0x736bb6]
V  [jvm.dll+0x72fcaa]
V  [jvm.dll+0x623ea6]
C  [ucrtbase.dll+0x210b2]
C  [KERNEL32.DLL+0x17c24]
C  [ntdll.dll+0x6d721]


---------------  P R O C E S S  ---------------

Threads class SMR info:
_java_thread_list=0x0000026c05c58a00, length=23, elements={
0x0000026c04b03000, 0x0000026c04b06000, 0x0000026c04b1f800, 0x0000026c04b21800,
0x0000026c04b22800, 0x0000026c04b29000, 0x0000026c04b34800, 0x0000026c05573000,
0x0000026c0559b800, 0x0000026c059e1800, 0x0000026c059e4000, 0x0000026c059e6000,
0x0000026c059f0800, 0x0000026c66ae2800, 0x0000026c05a21800, 0x0000026c05a18800,
0x0000026c0687c000, 0x0000026c06dc9800, 0x0000026c07354000, 0x0000026c07355800,
0x0000026c07353000, 0x0000026c07355000, 0x0000026c04b8b000
}

Java Threads: ( => current thread )
  0x0000026c04b03000 JavaThread "Reference Handler" daemon [_thread_blocked, id=8616, stack(0x000000ee8aa00000,0x000000ee8ab00000)]
  0x0000026c04b06000 JavaThread "Finalizer" daemon [_thread_blocked, id=11524, stack(0x000000ee8ab00000,0x000000ee8ac00000)]
  0x0000026c04b1f800 JavaThread "Signal Dispatcher" daemon [_thread_blocked, id=6400, stack(0x000000ee8ac00000,0x000000ee8ad00000)]
  0x0000026c04b21800 JavaThread "Attach Listener" daemon [_thread_blocked, id=8464, stack(0x000000ee8ad00000,0x000000ee8ae00000)]
=>0x0000026c04b22800 JavaThread "C2 CompilerThread0" daemon [_thread_in_native, id=11336, stack(0x000000ee8ae00000,0x000000ee8af00000)]
  0x0000026c04b29000 JavaThread "C1 CompilerThread0" daemon [_thread_blocked, id=1556, stack(0x000000ee8af00000,0x000000ee8b000000)]
  0x0000026c04b34800 JavaThread "Sweeper thread" daemon [_thread_blocked, id=13224, stack(0x000000ee8b000000,0x000000ee8b100000)]
  0x0000026c05573000 JavaThread "Service Thread" daemon [_thread_blocked, id=13300, stack(0x000000ee8b100000,0x000000ee8b200000)]
  0x0000026c0559b800 JavaThread "Common-Cleaner" daemon [_thread_blocked, id=248, stack(0x000000ee8b300000,0x000000ee8b400000)]
  0x0000026c059e1800 JavaThread "Java2D Disposer" daemon [_thread_blocked, id=11228, stack(0x000000ee8b400000,0x000000ee8b500000)]
  0x0000026c059e4000 JavaThread "AWT-Shutdown" [_thread_blocked, id=12712, stack(0x000000ee8b500000,0x000000ee8b600000)]
  0x0000026c059e6000 JavaThread "AWT-Windows" daemon [_thread_blocked, id=4296, stack(0x000000ee8b600000,0x000000ee8b700000)]
  0x0000026c059f0800 JavaThread "AWT-EventQueue-0" [_thread_blocked, id=772, stack(0x000000ee8b700000,0x000000ee8b800000)]
  0x0000026c66ae2800 JavaThread "DestroyJavaVM" [_thread_blocked, id=4956, stack(0x000000ee8a300000,0x000000ee8a400000)]
  0x0000026c05a21800 JavaThread "Abandoned connection cleanup thread" daemon [_thread_blocked, id=13252, stack(0x000000ee8b800000,0x000000ee8b900000)]
  0x0000026c05a18800 JavaThread "mysql-cj-abandoned-connection-cleanup" daemon [_thread_blocked, id=11268, stack(0x000000ee8b900000,0x000000ee8ba00000)]
  0x0000026c0687c000 JavaThread "TimerQueue" daemon [_thread_blocked, id=12340, stack(0x000000ee8be00000,0x000000ee8bf00000)]
  0x0000026c06dc9800 JavaThread "SwingWorker-pool-1-thread-1" daemon [_thread_blocked, id=5828, stack(0x000000ee8bf00000,0x000000ee8c000000)]
  0x0000026c07354000 JavaThread "Image Animator 3" daemon [_thread_in_vm, id=4072, stack(0x000000ee8bd00000,0x000000ee8be00000)]
  0x0000026c07355800 JavaThread "SwingWorker-pool-1-thread-2" daemon [_thread_blocked, id=10916, stack(0x000000ee8c000000,0x000000ee8c100000)]
  0x0000026c07353000 JavaThread "Thread-1" [_thread_blocked, id=6812, stack(0x000000ee8c500000,0x000000ee8c600000)]
  0x0000026c07355000 JavaThread "Image Fetcher 0" daemon [_thread_blocked, id=3784, stack(0x000000ee8c400000,0x000000ee8c500000)]
  0x0000026c04b8b000 JavaThread "C2 CompilerThread1" daemon [_thread_blocked, id=9460, stack(0x000000ee8c600000,0x000000ee8c700000)]

Other Threads:
  0x0000026c04b02000 VMThread "VM Thread" [stack: 0x000000ee8a900000,0x000000ee8aa00000] [id=220] _threads_hazard_ptr=0x0000026c05c58a00
  0x0000026c05598800 WatcherThread [stack: 0x000000ee8b200000,0x000000ee8b300000] [id=5392]
  0x0000026c66b14000 GCTaskThread "GC Thread#0" [stack: 0x000000ee8a400000,0x000000ee8a500000] [id=13264]
  0x0000026c05ee8800 GCTaskThread "GC Thread#1" [stack: 0x000000ee8ba00000,0x000000ee8bb00000] [id=11256]
  0x0000026c05a90000 GCTaskThread "GC Thread#2" [stack: 0x000000ee8bb00000,0x000000ee8bc00000] [id=9964]
  0x0000026c05a8d000 GCTaskThread "GC Thread#3" [stack: 0x000000ee8bc00000,0x000000ee8bd00000] [id=632]
  0x0000026c66b1e000 ConcurrentGCThread "G1 Main Marker" [stack: 0x000000ee8a500000,0x000000ee8a600000] [id=7420]
  0x0000026c66b1f000 ConcurrentGCThread "G1 Conc#0" [stack: 0x000000ee8a600000,0x000000ee8a700000] [id=12196]
  0x0000026c66b74000 ConcurrentGCThread "G1 Refine#0" [stack: 0x000000ee8a700000,0x000000ee8a800000] [id=10712]
  0x0000026c66b77000 ConcurrentGCThread "G1 Young RemSet Sampling" [stack: 0x000000ee8a800000,0x000000ee8a900000] [id=12704]

Threads with active compile tasks:
C2 CompilerThread0    27787 3464       4       sun.java2d.marlin.MarlinTileGenerator::getAlphaRLE (1749 bytes)

VM state:synchronizing (normal execution)

VM Mutex/Monitor currently owned by a thread:  ([mutex/lock_event])
[0x0000026c66adff70] Threads_lock - owner thread: 0x0000026c04b02000

Heap address: 0x00000000c1600000, size: 1002 MB, Compressed Oops mode: 32-bit
Narrow klass base: 0x0000000800000000, Narrow klass shift: 3
Compressed class space size: 1073741824 Address: 0x0000000800b40000

Heap:
 garbage-first heap   total 531456K, used 326674K [0x00000000c1600000, 0x0000000100000000)
  region size 1024K, 15 young (15360K), 1 survivors (1024K)
 Metaspace       used 24277K, capacity 24681K, committed 24960K, reserved 1071104K
  class space    used 2695K, capacity 2847K, committed 2944K, reserved 1048576K
Heap Regions: E=young(eden), S=young(survivor), O=old, HS=humongous(starts), HC=humongous(continues), CS=collection set, F=free, A=archive, TAMS=top-at-mark-start (previous, next)
|   0|0x00000000c1600000, 0x00000000c16ffff0, 0x00000000c1700000| 99%| O|  |TAMS 0x00000000c16ffff0, 0x00000000c1600000| Untracked 
|   1|0x00000000c1700000, 0x00000000c17fefa8, 0x00000000c1800000| 99%| O|  |TAMS 0x00000000c17fefa8, 0x00000000c1700000| Untracked 
|   2|0x00000000c1800000, 0x00000000c1900000, 0x00000000c1900000|100%| O|  |TAMS 0x00000000c1900000, 0x00000000c1800000| Untracked 
|   3|0x00000000c1900000, 0x00000000c19fffe8, 0x00000000c1a00000| 99%| O|  |TAMS 0x00000000c19fffe8, 0x00000000c1900000| Untracked 
|   4|0x00000000c1a00000, 0x00000000c1afe858, 0x00000000c1b00000| 99%| O|  |TAMS 0x00000000c1afe858, 0x00000000c1a00000| Untracked 
|   5|0x00000000c1b00000, 0x00000000c1be0910, 0x00000000c1c00000| 87%| O|  |TAMS 0x00000000c1be0910, 0x00000000c1b00000| Untracked 
|   6|0x00000000c1c00000, 0x00000000c1cffff0, 0x00000000c1d00000| 99%| O|  |TAMS 0x00000000c1cffff0, 0x00000000c1c00000| Untracked 
|   7|0x00000000c1d00000, 0x00000000c1dffc08, 0x00000000c1e00000| 99%| O|  |TAMS 0x00000000c1dffc08, 0x00000000c1d00000| Untracked 
|   8|0x00000000c1e00000, 0x00000000c1efffd0, 0x00000000c1f00000| 99%| O|  |TAMS 0x00000000c1efffd0, 0x00000000c1e00000| Untracked 
|   9|0x00000000c1f00000, 0x00000000c1fffff8, 0x00000000c2000000| 99%| O|  |TAMS 0x00000000c1fffff8, 0x00000000c1f00000| Untracked 
|  10|0x00000000c2000000, 0x00000000c20fff68, 0x00000000c2100000| 99%| O|  |TAMS 0x00000000c20fff68, 0x00000000c2000000| Untracked 
|  11|0x00000000c2100000, 0x00000000c211ea20, 0x00000000c2200000| 11%| O|  |TAMS 0x00000000c211ea20, 0x00000000c2100000| Untracked 
|  12|0x00000000c2200000, 0x00000000c228a190, 0x00000000c2300000| 53%| O|  |TAMS 0x00000000c228a190, 0x00000000c2200000| Untracked 
|  13|0x00000000c2300000, 0x00000000c2400000, 0x00000000c2400000|100%|HS|  |TAMS 0x00000000c2400000, 0x00000000c2300000| Complete 
|  14|0x00000000c2400000, 0x00000000c2500000, 0x00000000c2500000|100%|HC|  |TAMS 0x00000000c2500000, 0x00000000c2400000| Complete 
|  15|0x00000000c2500000, 0x00000000c2600000, 0x00000000c2600000|100%|HC|  |TAMS 0x00000000c2600000, 0x00000000c2500000| Complete 
|  16|0x00000000c2600000, 0x00000000c2700000, 0x00000000c2700000|100%|HC|  |TAMS 0x00000000c2700000, 0x00000000c2600000| Complete 
|  17|0x00000000c2700000, 0x00000000c2800000, 0x00000000c2800000|100%|HS|  |TAMS 0x00000000c2700000, 0x00000000c2700000| Complete 
|  18|0x00000000c2800000, 0x00000000c2900000, 0x00000000c2900000|100%|HC|  |TAMS 0x00000000c2800000, 0x00000000c2800000| Complete 
|  19|0x00000000c2900000, 0x00000000c2a00000, 0x00000000c2a00000|100%|HC|  |TAMS 0x00000000c2900000, 0x00000000c2900000| Complete 
|  20|0x00000000c2a00000, 0x00000000c2b00000, 0x00000000c2b00000|100%|HC|  |TAMS 0x00000000c2a00000, 0x00000000c2a00000| Complete 
|  21|0x00000000c2b00000, 0x00000000c2b00000, 0x00000000c2c00000|  0%| F|  |TAMS 0x00000000c2b00000, 0x00000000c2b00000| Untracked 
|  22|0x00000000c2c00000, 0x00000000c2c00000, 0x00000000c2d00000|  0%| F|  |TAMS 0x00000000c2c00000, 0x00000000c2c00000| Untracked 
|  23|0x00000000c2d00000, 0x00000000c2d00000, 0x00000000c2e00000|  0%| F|  |TAMS 0x00000000c2d00000, 0x00000000c2d00000| Untracked 
|  24|0x00000000c2e00000, 0x00000000c2e00000, 0x00000000c2f00000|  0%| F|  |TAMS 0x00000000c2e00000, 0x00000000c2e00000| Untracked 
|  25|0x00000000c2f00000, 0x00000000c2f00000, 0x00000000c3000000|  0%| F|  |TAMS 0x00000000c2f00000, 0x00000000c2f00000| Untracked 
|  26|0x00000000c3000000, 0x00000000c3000000, 0x00000000c3100000|  0%| F|  |TAMS 0x00000000c3000000, 0x00000000c3000000| Untracked 
|  27|0x00000000c3100000, 0x00000000c3100000, 0x00000000c3200000|  0%| F|  |TAMS 0x00000000c3100000, 0x00000000c3100000| Untracked 
|  28|0x00000000c3200000, 0x00000000c3200000, 0x00000000c3300000|  0%| F|  |TAMS 0x00000000c3200000, 0x00000000c3200000| Untracked 
|  29|0x00000000c3300000, 0x00000000c3300000, 0x00000000c3400000|  0%| F|  |TAMS 0x00000000c3300000, 0x00000000c3300000| Untracked 
|  30|0x00000000c3400000, 0x00000000c3400000, 0x00000000c3500000|  0%| F|  |TAMS 0x00000000c3400000, 0x00000000c3400000| Untracked 
|  31|0x00000000c3500000, 0x00000000c3500000, 0x00000000c3600000|  0%| F|  |TAMS 0x00000000c3500000, 0x00000000c3500000| Untracked 
|  32|0x00000000c3600000, 0x00000000c3600000, 0x00000000c3700000|  0%| F|  |TAMS 0x00000000c3600000, 0x00000000c3600000| Untracked 
|  33|0x00000000c3700000, 0x00000000c3700000, 0x00000000c3800000|  0%| F|  |TAMS 0x00000000c3700000, 0x00000000c3700000| Untracked 
|  34|0x00000000c3800000, 0x00000000c3800000, 0x00000000c3900000|  0%| F|  |TAMS 0x00000000c3800000, 0x00000000c3800000| Untracked 
|  35|0x00000000c3900000, 0x00000000c3900000, 0x00000000c3a00000|  0%| F|  |TAMS 0x00000000c3900000, 0x00000000c3900000| Untracked 
|  36|0x00000000c3a00000, 0x00000000c3a00000, 0x00000000c3b00000|  0%| F|  |TAMS 0x00000000c3a00000, 0x00000000c3a00000| Untracked 
|  37|0x00000000c3b00000, 0x00000000c3b00000, 0x00000000c3c00000|  0%| F|  |TAMS 0x00000000c3b00000, 0x00000000c3b00000| Untracked 
|  38|0x00000000c3c00000, 0x00000000c3c00000, 0x00000000c3d00000|  0%| F|  |TAMS 0x00000000c3c00000, 0x00000000c3c00000| Untracked 
|  39|0x00000000c3d00000, 0x00000000c3d00000, 0x00000000c3e00000|  0%| F|  |TAMS 0x00000000c3d00000, 0x00000000c3d00000| Untracked 
|  40|0x00000000c3e00000, 0x00000000c3e00000, 0x00000000c3f00000|  0%| F|  |TAMS 0x00000000c3e00000, 0x00000000c3e00000| Untracked 
|  41|0x00000000c3f00000, 0x00000000c3f00000, 0x00000000c4000000|  0%| F|  |TAMS 0x00000000c3f00000, 0x00000000c3f00000| Untracked 
|  42|0x00000000c4000000, 0x00000000c401e868, 0x00000000c4100000| 11%| O|  |TAMS 0x00000000c401e868, 0x00000000c4000000| Untracked 
|  43|0x00000000c4100000, 0x00000000c4200000, 0x00000000c4200000|100%|HS|  |TAMS 0x00000000c4200000, 0x00000000c4100000| Complete 
|  44|0x00000000c4200000, 0x00000000c4300000, 0x00000000c4300000|100%|HC|  |TAMS 0x00000000c4300000, 0x00000000c4200000| Complete 
|  45|0x00000000c4300000, 0x00000000c4400000, 0x00000000c4400000|100%|HC|  |TAMS 0x00000000c4400000, 0x00000000c4300000| Complete 
|  46|0x00000000c4400000, 0x00000000c4500000, 0x00000000c4500000|100%|HC|  |TAMS 0x00000000c4500000, 0x00000000c4400000| Complete 
|  47|0x00000000c4500000, 0x00000000c4600000, 0x00000000c4600000|100%|HC|  |TAMS 0x00000000c4600000, 0x00000000c4500000| Complete 
|  48|0x00000000c4600000, 0x00000000c4700000, 0x00000000c4700000|100%|HC|  |TAMS 0x00000000c4700000, 0x00000000c4600000| Complete 
|  49|0x00000000c4700000, 0x00000000c4800000, 0x00000000c4800000|100%|HC|  |TAMS 0x00000000c4800000, 0x00000000c4700000| Complete 
|  50|0x00000000c4800000, 0x00000000c4900000, 0x00000000c4900000|100%|HC|  |TAMS 0x00000000c4900000, 0x00000000c4800000| Complete 
|  51|0x00000000c4900000, 0x00000000c4a00000, 0x00000000c4a00000|100%|HC|  |TAMS 0x00000000c4a00000, 0x00000000c4900000| Complete 
|  52|0x00000000c4a00000, 0x00000000c4b00000, 0x00000000c4b00000|100%|HC|  |TAMS 0x00000000c4b00000, 0x00000000c4a00000| Complete 
|  53|0x00000000c4b00000, 0x00000000c4c00000, 0x00000000c4c00000|100%|HC|  |TAMS 0x00000000c4c00000, 0x00000000c4b00000| Complete 
|  54|0x00000000c4c00000, 0x00000000c4d00000, 0x00000000c4d00000|100%|HC|  |TAMS 0x00000000c4d00000, 0x00000000c4c00000| Complete 
|  55|0x00000000c4d00000, 0x00000000c4e00000, 0x00000000c4e00000|100%|HC|  |TAMS 0x00000000c4e00000, 0x00000000c4d00000| Complete 
|  56|0x00000000c4e00000, 0x00000000c4f00000, 0x00000000c4f00000|100%|HC|  |TAMS 0x00000000c4f00000, 0x00000000c4e00000| Complete 
|  57|0x00000000c4f00000, 0x00000000c5000000, 0x00000000c5000000|100%|HC|  |TAMS 0x00000000c5000000, 0x00000000c4f00000| Complete 
|  58|0x00000000c5000000, 0x00000000c5100000, 0x00000000c5100000|100%|HC|  |TAMS 0x00000000c5100000, 0x00000000c5000000| Complete 
|  59|0x00000000c5100000, 0x00000000c5200000, 0x00000000c5200000|100%|HC|  |TAMS 0x00000000c5200000, 0x00000000c5100000| Complete 
|  60|0x00000000c5200000, 0x00000000c5300000, 0x00000000c5300000|100%|HC|  |TAMS 0x00000000c5300000, 0x00000000c5200000| Complete 
|  61|0x00000000c5300000, 0x00000000c5400000, 0x00000000c5400000|100%|HC|  |TAMS 0x00000000c5400000, 0x00000000c5300000| Complete 
|  62|0x00000000c5400000, 0x00000000c5500000, 0x00000000c5500000|100%|HC|  |TAMS 0x00000000c5500000, 0x00000000c5400000| Complete 
|  63|0x00000000c5500000, 0x00000000c5600000, 0x00000000c5600000|100%|HC|  |TAMS 0x00000000c5600000, 0x00000000c5500000| Complete 
|  64|0x00000000c5600000, 0x00000000c5700000, 0x00000000c5700000|100%|HC|  |TAMS 0x00000000c5700000, 0x00000000c5600000| Complete 
|  65|0x00000000c5700000, 0x00000000c5800000, 0x00000000c5800000|100%|HC|  |TAMS 0x00000000c5800000, 0x00000000c5700000| Complete 
|  66|0x00000000c5800000, 0x00000000c5900000, 0x00000000c5900000|100%|HC|  |TAMS 0x00000000c5900000, 0x00000000c5800000| Complete 
|  67|0x00000000c5900000, 0x00000000c5a00000, 0x00000000c5a00000|100%|HC|  |TAMS 0x00000000c5a00000, 0x00000000c5900000| Complete 
|  68|0x00000000c5a00000, 0x00000000c5b00000, 0x00000000c5b00000|100%|HC|  |TAMS 0x00000000c5b00000, 0x00000000c5a00000| Complete 
|  69|0x00000000c5b00000, 0x00000000c5c00000, 0x00000000c5c00000|100%|HC|  |TAMS 0x00000000c5c00000, 0x00000000c5b00000| Complete 
|  70|0x00000000c5c00000, 0x00000000c5d00000, 0x00000000c5d00000|100%|HC|  |TAMS 0x00000000c5d00000, 0x00000000c5c00000| Complete 
|  71|0x00000000c5d00000, 0x00000000c5e00000, 0x00000000c5e00000|100%|HC|  |TAMS 0x00000000c5e00000, 0x00000000c5d00000| Complete 
|  72|0x00000000c5e00000, 0x00000000c5f00000, 0x00000000c5f00000|100%|HC|  |TAMS 0x00000000c5f00000, 0x00000000c5e00000| Complete 
|  73|0x00000000c5f00000, 0x00000000c6000000, 0x00000000c6000000|100%|HC|  |TAMS 0x00000000c6000000, 0x00000000c5f00000| Complete 
|  74|0x00000000c6000000, 0x00000000c6100000, 0x00000000c6100000|100%|HC|  |TAMS 0x00000000c6100000, 0x00000000c6000000| Complete 
|  75|0x00000000c6100000, 0x00000000c6200000, 0x00000000c6200000|100%|HC|  |TAMS 0x00000000c6200000, 0x00000000c6100000| Complete 
|  76|0x00000000c6200000, 0x00000000c6300000, 0x00000000c6300000|100%|HC|  |TAMS 0x00000000c6300000, 0x00000000c6200000| Complete 
|  77|0x00000000c6300000, 0x00000000c6400000, 0x00000000c6400000|100%|HC|  |TAMS 0x00000000c6400000, 0x00000000c6300000| Complete 
|  78|0x00000000c6400000, 0x00000000c6500000, 0x00000000c6500000|100%|HC|  |TAMS 0x00000000c6500000, 0x00000000c6400000| Complete 
|  79|0x00000000c6500000, 0x00000000c6600000, 0x00000000c6600000|100%|HC|  |TAMS 0x00000000c6600000, 0x00000000c6500000| Complete 
|  80|0x00000000c6600000, 0x00000000c6700000, 0x00000000c6700000|100%|HC|  |TAMS 0x00000000c6700000, 0x00000000c6600000| Complete 
|  81|0x00000000c6700000, 0x00000000c6800000, 0x00000000c6800000|100%|HC|  |TAMS 0x00000000c6800000, 0x00000000c6700000| Complete 
|  82|0x00000000c6800000, 0x00000000c6900000, 0x00000000c6900000|100%|HC|  |TAMS 0x00000000c6900000, 0x00000000c6800000| Complete 
|  83|0x00000000c6900000, 0x00000000c6a00000, 0x00000000c6a00000|100%|HC|  |TAMS 0x00000000c6a00000, 0x00000000c6900000| Complete 
|  84|0x00000000c6a00000, 0x00000000c6b00000, 0x00000000c6b00000|100%|HC|  |TAMS 0x00000000c6b00000, 0x00000000c6a00000| Complete 
|  85|0x00000000c6b00000, 0x00000000c6c00000, 0x00000000c6c00000|100%|HC|  |TAMS 0x00000000c6c00000, 0x00000000c6b00000| Complete 
|  86|0x00000000c6c00000, 0x00000000c6d00000, 0x00000000c6d00000|100%|HC|  |TAMS 0x00000000c6d00000, 0x00000000c6c00000| Complete 
|  87|0x00000000c6d00000, 0x00000000c6e00000, 0x00000000c6e00000|100%|HC|  |TAMS 0x00000000c6e00000, 0x00000000c6d00000| Complete 
|  88|0x00000000c6e00000, 0x00000000c6f00000, 0x00000000c6f00000|100%|HC|  |TAMS 0x00000000c6f00000, 0x00000000c6e00000| Complete 
|  89|0x00000000c6f00000, 0x00000000c7000000, 0x00000000c7000000|100%|HC|  |TAMS 0x00000000c7000000, 0x00000000c6f00000| Complete 
|  90|0x00000000c7000000, 0x00000000c7100000, 0x00000000c7100000|100%|HC|  |TAMS 0x00000000c7100000, 0x00000000c7000000| Complete 
|  91|0x00000000c7100000, 0x00000000c7200000, 0x00000000c7200000|100%|HC|  |TAMS 0x00000000c7200000, 0x00000000c7100000| Complete 
|  92|0x00000000c7200000, 0x00000000c7300000, 0x00000000c7300000|100%|HC|  |TAMS 0x00000000c7300000, 0x00000000c7200000| Complete 
|  93|0x00000000c7300000, 0x00000000c7400000, 0x00000000c7400000|100%|HC|  |TAMS 0x00000000c7400000, 0x00000000c7300000| Complete 
|  94|0x00000000c7400000, 0x00000000c7500000, 0x00000000c7500000|100%|HC|  |TAMS 0x00000000c7500000, 0x00000000c7400000| Complete 
|  95|0x00000000c7500000, 0x00000000c7600000, 0x00000000c7600000|100%|HC|  |TAMS 0x00000000c7600000, 0x00000000c7500000| Complete 
|  96|0x00000000c7600000, 0x00000000c7700000, 0x00000000c7700000|100%|HC|  |TAMS 0x00000000c7700000, 0x00000000c7600000| Complete 
|  97|0x00000000c7700000, 0x00000000c7800000, 0x00000000c7800000|100%|HC|  |TAMS 0x00000000c7800000, 0x00000000c7700000| Complete 
|  98|0x00000000c7800000, 0x00000000c7900000, 0x00000000c7900000|100%|HC|  |TAMS 0x00000000c7900000, 0x00000000c7800000| Complete 
|  99|0x00000000c7900000, 0x00000000c7a00000, 0x00000000c7a00000|100%|HC|  |TAMS 0x00000000c7a00000, 0x00000000c7900000| Complete 
| 100|0x00000000c7a00000, 0x00000000c7b00000, 0x00000000c7b00000|100%|HC|  |TAMS 0x00000000c7b00000, 0x00000000c7a00000| Complete 
| 101|0x00000000c7b00000, 0x00000000c7c00000, 0x00000000c7c00000|100%|HC|  |TAMS 0x00000000c7c00000, 0x00000000c7b00000| Complete 
| 102|0x00000000c7c00000, 0x00000000c7d00000, 0x00000000c7d00000|100%|HC|  |TAMS 0x00000000c7d00000, 0x00000000c7c00000| Complete 
| 103|0x00000000c7d00000, 0x00000000c7e00000, 0x00000000c7e00000|100%|HC|  |TAMS 0x00000000c7e00000, 0x00000000c7d00000| Complete 
| 104|0x00000000c7e00000, 0x00000000c7f00000, 0x00000000c7f00000|100%|HC|  |TAMS 0x00000000c7f00000, 0x00000000c7e00000| Complete 
| 105|0x00000000c7f00000, 0x00000000c8000000, 0x00000000c8000000|100%|HC|  |TAMS 0x00000000c8000000, 0x00000000c7f00000| Complete 
| 106|0x00000000c8000000, 0x00000000c8100000, 0x00000000c8100000|100%|HC|  |TAMS 0x00000000c8100000, 0x00000000c8000000| Complete 
| 107|0x00000000c8100000, 0x00000000c8200000, 0x00000000c8200000|100%|HC|  |TAMS 0x00000000c8200000, 0x00000000c8100000| Complete 
| 108|0x00000000c8200000, 0x00000000c8300000, 0x00000000c8300000|100%|HC|  |TAMS 0x00000000c8300000, 0x00000000c8200000| Complete 
| 109|0x00000000c8300000, 0x00000000c8400000, 0x00000000c8400000|100%|HC|  |TAMS 0x00000000c8400000, 0x00000000c8300000| Complete 
| 110|0x00000000c8400000, 0x00000000c8500000, 0x00000000c8500000|100%|HC|  |TAMS 0x00000000c8500000, 0x00000000c8400000| Complete 
| 111|0x00000000c8500000, 0x00000000c8600000, 0x00000000c8600000|100%|HC|  |TAMS 0x00000000c8600000, 0x00000000c8500000| Complete 
| 112|0x00000000c8600000, 0x00000000c8700000, 0x00000000c8700000|100%|HC|  |TAMS 0x00000000c8700000, 0x00000000c8600000| Complete 
| 113|0x00000000c8700000, 0x00000000c8800000, 0x00000000c8800000|100%|HC|  |TAMS 0x00000000c8800000, 0x00000000c8700000| Complete 
| 114|0x00000000c8800000, 0x00000000c8900000, 0x00000000c8900000|100%|HC|  |TAMS 0x00000000c8900000, 0x00000000c8800000| Complete 
| 115|0x00000000c8900000, 0x00000000c8a00000, 0x00000000c8a00000|100%|HC|  |TAMS 0x00000000c8a00000, 0x00000000c8900000| Complete 
| 116|0x00000000c8a00000, 0x00000000c8b00000, 0x00000000c8b00000|100%|HC|  |TAMS 0x00000000c8b00000, 0x00000000c8a00000| Complete 
| 117|0x00000000c8b00000, 0x00000000c8c00000, 0x00000000c8c00000|100%|HC|  |TAMS 0x00000000c8c00000, 0x00000000c8b00000| Complete 
| 118|0x00000000c8c00000, 0x00000000c8d00000, 0x00000000c8d00000|100%|HC|  |TAMS 0x00000000c8d00000, 0x00000000c8c00000| Complete 
| 119|0x00000000c8d00000, 0x00000000c8e00000, 0x00000000c8e00000|100%|HC|  |TAMS 0x00000000c8e00000, 0x00000000c8d00000| Complete 
| 120|0x00000000c8e00000, 0x00000000c8f00000, 0x00000000c8f00000|100%|HC|  |TAMS 0x00000000c8f00000, 0x00000000c8e00000| Complete 
| 121|0x00000000c8f00000, 0x00000000c9000000, 0x00000000c9000000|100%|HC|  |TAMS 0x00000000c9000000, 0x00000000c8f00000| Complete 
| 122|0x00000000c9000000, 0x00000000c9100000, 0x00000000c9100000|100%|HC|  |TAMS 0x00000000c9100000, 0x00000000c9000000| Complete 
| 123|0x00000000c9100000, 0x00000000c9200000, 0x00000000c9200000|100%|HC|  |TAMS 0x00000000c9200000, 0x00000000c9100000| Complete 
| 124|0x00000000c9200000, 0x00000000c9300000, 0x00000000c9300000|100%|HC|  |TAMS 0x00000000c9300000, 0x00000000c9200000| Complete 
| 125|0x00000000c9300000, 0x00000000c9400000, 0x00000000c9400000|100%|HC|  |TAMS 0x00000000c9400000, 0x00000000c9300000| Complete 
| 126|0x00000000c9400000, 0x00000000c9500000, 0x00000000c9500000|100%|HC|  |TAMS 0x00000000c9500000, 0x00000000c9400000| Complete 
| 127|0x00000000c9500000, 0x00000000c9600000, 0x00000000c9600000|100%|HC|  |TAMS 0x00000000c9600000, 0x00000000c9500000| Complete 
| 128|0x00000000c9600000, 0x00000000c9700000, 0x00000000c9700000|100%|HC|  |TAMS 0x00000000c9700000, 0x00000000c9600000| Complete 
| 129|0x00000000c9700000, 0x00000000c9800000, 0x00000000c9800000|100%|HC|  |TAMS 0x00000000c9800000, 0x00000000c9700000| Complete 
| 130|0x00000000c9800000, 0x00000000c9900000, 0x00000000c9900000|100%|HC|  |TAMS 0x00000000c9900000, 0x00000000c9800000| Complete 
| 131|0x00000000c9900000, 0x00000000c9a00000, 0x00000000c9a00000|100%|HC|  |TAMS 0x00000000c9a00000, 0x00000000c9900000| Complete 
| 132|0x00000000c9a00000, 0x00000000c9b00000, 0x00000000c9b00000|100%|HC|  |TAMS 0x00000000c9b00000, 0x00000000c9a00000| Complete 
| 133|0x00000000c9b00000, 0x00000000c9c00000, 0x00000000c9c00000|100%|HC|  |TAMS 0x00000000c9c00000, 0x00000000c9b00000| Complete 
| 134|0x00000000c9c00000, 0x00000000c9d00000, 0x00000000c9d00000|100%|HC|  |TAMS 0x00000000c9d00000, 0x00000000c9c00000| Complete 
| 135|0x00000000c9d00000, 0x00000000c9e00000, 0x00000000c9e00000|100%|HC|  |TAMS 0x00000000c9e00000, 0x00000000c9d00000| Complete 
| 136|0x00000000c9e00000, 0x00000000c9f00000, 0x00000000c9f00000|100%|HC|  |TAMS 0x00000000c9f00000, 0x00000000c9e00000| Complete 
| 137|0x00000000c9f00000, 0x00000000ca000000, 0x00000000ca000000|100%|HC|  |TAMS 0x00000000ca000000, 0x00000000c9f00000| Complete 
| 138|0x00000000ca000000, 0x00000000ca100000, 0x00000000ca100000|100%|HC|  |TAMS 0x00000000ca100000, 0x00000000ca000000| Complete 
| 139|0x00000000ca100000, 0x00000000ca200000, 0x00000000ca200000|100%|HC|  |TAMS 0x00000000ca200000, 0x00000000ca100000| Complete 
| 140|0x00000000ca200000, 0x00000000ca300000, 0x00000000ca300000|100%|HC|  |TAMS 0x00000000ca300000, 0x00000000ca200000| Complete 
| 141|0x00000000ca300000, 0x00000000ca400000, 0x00000000ca400000|100%|HC|  |TAMS 0x00000000ca400000, 0x00000000ca300000| Complete 
| 142|0x00000000ca400000, 0x00000000ca500000, 0x00000000ca500000|100%|HC|  |TAMS 0x00000000ca500000, 0x00000000ca400000| Complete 
| 143|0x00000000ca500000, 0x00000000ca600000, 0x00000000ca600000|100%|HC|  |TAMS 0x00000000ca600000, 0x00000000ca500000| Complete 
| 144|0x00000000ca600000, 0x00000000ca700000, 0x00000000ca700000|100%|HC|  |TAMS 0x00000000ca700000, 0x00000000ca600000| Complete 
| 145|0x00000000ca700000, 0x00000000ca800000, 0x00000000ca800000|100%|HC|  |TAMS 0x00000000ca800000, 0x00000000ca700000| Complete 
| 146|0x00000000ca800000, 0x00000000ca900000, 0x00000000ca900000|100%|HC|  |TAMS 0x00000000ca900000, 0x00000000ca800000| Complete 
| 147|0x00000000ca900000, 0x00000000caa00000, 0x00000000caa00000|100%|HC|  |TAMS 0x00000000caa00000, 0x00000000ca900000| Complete 
| 148|0x00000000caa00000, 0x00000000cab00000, 0x00000000cab00000|100%|HC|  |TAMS 0x00000000cab00000, 0x00000000caa00000| Complete 
| 149|0x00000000cab00000, 0x00000000cac00000, 0x00000000cac00000|100%|HC|  |TAMS 0x00000000cac00000, 0x00000000cab00000| Complete 
| 150|0x00000000cac00000, 0x00000000cad00000, 0x00000000cad00000|100%|HC|  |TAMS 0x00000000cad00000, 0x00000000cac00000| Complete 
| 151|0x00000000cad00000, 0x00000000cae00000, 0x00000000cae00000|100%|HC|  |TAMS 0x00000000cae00000, 0x00000000cad00000| Complete 
| 152|0x00000000cae00000, 0x00000000caf00000, 0x00000000caf00000|100%|HC|  |TAMS 0x00000000caf00000, 0x00000000cae00000| Complete 
| 153|0x00000000caf00000, 0x00000000cb000000, 0x00000000cb000000|100%|HC|  |TAMS 0x00000000cb000000, 0x00000000caf00000| Complete 
| 154|0x00000000cb000000, 0x00000000cb100000, 0x00000000cb100000|100%|HC|  |TAMS 0x00000000cb100000, 0x00000000cb000000| Complete 
| 155|0x00000000cb100000, 0x00000000cb200000, 0x00000000cb200000|100%|HC|  |TAMS 0x00000000cb200000, 0x00000000cb100000| Complete 
| 156|0x00000000cb200000, 0x00000000cb300000, 0x00000000cb300000|100%|HC|  |TAMS 0x00000000cb300000, 0x00000000cb200000| Complete 
| 157|0x00000000cb300000, 0x00000000cb400000, 0x00000000cb400000|100%|HC|  |TAMS 0x00000000cb400000, 0x00000000cb300000| Complete 
| 158|0x00000000cb400000, 0x00000000cb500000, 0x00000000cb500000|100%|HC|  |TAMS 0x00000000cb500000, 0x00000000cb400000| Complete 
| 159|0x00000000cb500000, 0x00000000cb600000, 0x00000000cb600000|100%|HC|  |TAMS 0x00000000cb600000, 0x00000000cb500000| Complete 
| 160|0x00000000cb600000, 0x00000000cb700000, 0x00000000cb700000|100%|HC|  |TAMS 0x00000000cb700000, 0x00000000cb600000| Complete 
| 161|0x00000000cb700000, 0x00000000cb800000, 0x00000000cb800000|100%|HC|  |TAMS 0x00000000cb800000, 0x00000000cb700000| Complete 
| 162|0x00000000cb800000, 0x00000000cb900000, 0x00000000cb900000|100%|HC|  |TAMS 0x00000000cb900000, 0x00000000cb800000| Complete 
| 163|0x00000000cb900000, 0x00000000cba00000, 0x00000000cba00000|100%|HC|  |TAMS 0x00000000cba00000, 0x00000000cb900000| Complete 
| 164|0x00000000cba00000, 0x00000000cbb00000, 0x00000000cbb00000|100%|HC|  |TAMS 0x00000000cbb00000, 0x00000000cba00000| Complete 
| 165|0x00000000cbb00000, 0x00000000cbc00000, 0x00000000cbc00000|100%|HC|  |TAMS 0x00000000cbc00000, 0x00000000cbb00000| Complete 
| 166|0x00000000cbc00000, 0x00000000cbd00000, 0x00000000cbd00000|100%|HC|  |TAMS 0x00000000cbd00000, 0x00000000cbc00000| Complete 
| 167|0x00000000cbd00000, 0x00000000cbe00000, 0x00000000cbe00000|100%|HC|  |TAMS 0x00000000cbe00000, 0x00000000cbd00000| Complete 
| 168|0x00000000cbe00000, 0x00000000cbf00000, 0x00000000cbf00000|100%|HC|  |TAMS 0x00000000cbf00000, 0x00000000cbe00000| Complete 
| 169|0x00000000cbf00000, 0x00000000cc000000, 0x00000000cc000000|100%|HC|  |TAMS 0x00000000cc000000, 0x00000000cbf00000| Complete 
| 170|0x00000000cc000000, 0x00000000cc100000, 0x00000000cc100000|100%|HC|  |TAMS 0x00000000cc100000, 0x00000000cc000000| Complete 
| 171|0x00000000cc100000, 0x00000000cc200000, 0x00000000cc200000|100%|HC|  |TAMS 0x00000000cc200000, 0x00000000cc100000| Complete 
| 172|0x00000000cc200000, 0x00000000cc300000, 0x00000000cc300000|100%|HC|  |TAMS 0x00000000cc300000, 0x00000000cc200000| Complete 
| 173|0x00000000cc300000, 0x00000000cc400000, 0x00000000cc400000|100%|HC|  |TAMS 0x00000000cc400000, 0x00000000cc300000| Complete 
| 174|0x00000000cc400000, 0x00000000cc500000, 0x00000000cc500000|100%|HC|  |TAMS 0x00000000cc500000, 0x00000000cc400000| Complete 
| 175|0x00000000cc500000, 0x00000000cc600000, 0x00000000cc600000|100%|HC|  |TAMS 0x00000000cc600000, 0x00000000cc500000| Complete 
| 176|0x00000000cc600000, 0x00000000cc700000, 0x00000000cc700000|100%|HC|  |TAMS 0x00000000cc700000, 0x00000000cc600000| Complete 
| 177|0x00000000cc700000, 0x00000000cc800000, 0x00000000cc800000|100%|HC|  |TAMS 0x00000000cc800000, 0x00000000cc700000| Complete 
| 178|0x00000000cc800000, 0x00000000cc900000, 0x00000000cc900000|100%|HC|  |TAMS 0x00000000cc900000, 0x00000000cc800000| Complete 
| 179|0x00000000cc900000, 0x00000000cca00000, 0x00000000cca00000|100%|HC|  |TAMS 0x00000000cca00000, 0x00000000cc900000| Complete 
| 180|0x00000000cca00000, 0x00000000ccb00000, 0x00000000ccb00000|100%|HC|  |TAMS 0x00000000ccb00000, 0x00000000cca00000| Complete 
| 181|0x00000000ccb00000, 0x00000000ccc00000, 0x00000000ccc00000|100%|HC|  |TAMS 0x00000000ccc00000, 0x00000000ccb00000| Complete 
| 182|0x00000000ccc00000, 0x00000000ccd00000, 0x00000000ccd00000|100%|HC|  |TAMS 0x00000000ccd00000, 0x00000000ccc00000| Complete 
| 183|0x00000000ccd00000, 0x00000000cce00000, 0x00000000cce00000|100%|HC|  |TAMS 0x00000000cce00000, 0x00000000ccd00000| Complete 
| 184|0x00000000cce00000, 0x00000000ccf00000, 0x00000000ccf00000|100%|HC|  |TAMS 0x00000000ccf00000, 0x00000000cce00000| Complete 
| 185|0x00000000ccf00000, 0x00000000cd000000, 0x00000000cd000000|100%|HC|  |TAMS 0x00000000cd000000, 0x00000000ccf00000| Complete 
| 186|0x00000000cd000000, 0x00000000cd100000, 0x00000000cd100000|100%|HC|  |TAMS 0x00000000cd100000, 0x00000000cd000000| Complete 
| 187|0x00000000cd100000, 0x00000000cd200000, 0x00000000cd200000|100%|HC|  |TAMS 0x00000000cd200000, 0x00000000cd100000| Complete 
| 188|0x00000000cd200000, 0x00000000cd300000, 0x00000000cd300000|100%|HC|  |TAMS 0x00000000cd300000, 0x00000000cd200000| Complete 
| 189|0x00000000cd300000, 0x00000000cd400000, 0x00000000cd400000|100%|HC|  |TAMS 0x00000000cd400000, 0x00000000cd300000| Complete 
| 190|0x00000000cd400000, 0x00000000cd500000, 0x00000000cd500000|100%|HC|  |TAMS 0x00000000cd500000, 0x00000000cd400000| Complete 
| 191|0x00000000cd500000, 0x00000000cd600000, 0x00000000cd600000|100%|HC|  |TAMS 0x00000000cd600000, 0x00000000cd500000| Complete 
| 192|0x00000000cd600000, 0x00000000cd700000, 0x00000000cd700000|100%|HC|  |TAMS 0x00000000cd700000, 0x00000000cd600000| Complete 
| 193|0x00000000cd700000, 0x00000000cd800000, 0x00000000cd800000|100%|HC|  |TAMS 0x00000000cd800000, 0x00000000cd700000| Complete 
| 194|0x00000000cd800000, 0x00000000cd900000, 0x00000000cd900000|100%|HC|  |TAMS 0x00000000cd900000, 0x00000000cd800000| Complete 
| 195|0x00000000cd900000, 0x00000000cda00000, 0x00000000cda00000|100%|HC|  |TAMS 0x00000000cda00000, 0x00000000cd900000| Complete 
| 196|0x00000000cda00000, 0x00000000cdb00000, 0x00000000cdb00000|100%|HC|  |TAMS 0x00000000cdb00000, 0x00000000cda00000| Complete 
| 197|0x00000000cdb00000, 0x00000000cdc00000, 0x00000000cdc00000|100%|HC|  |TAMS 0x00000000cdc00000, 0x00000000cdb00000| Complete 
| 198|0x00000000cdc00000, 0x00000000cdd00000, 0x00000000cdd00000|100%|HC|  |TAMS 0x00000000cdd00000, 0x00000000cdc00000| Complete 
| 199|0x00000000cdd00000, 0x00000000cde00000, 0x00000000cde00000|100%|HC|  |TAMS 0x00000000cde00000, 0x00000000cdd00000| Complete 
| 200|0x00000000cde00000, 0x00000000cdf00000, 0x00000000cdf00000|100%|HC|  |TAMS 0x00000000cdf00000, 0x00000000cde00000| Complete 
| 201|0x00000000cdf00000, 0x00000000ce000000, 0x00000000ce000000|100%|HC|  |TAMS 0x00000000ce000000, 0x00000000cdf00000| Complete 
| 202|0x00000000ce000000, 0x00000000ce100000, 0x00000000ce100000|100%|HC|  |TAMS 0x00000000ce100000, 0x00000000ce000000| Complete 
| 203|0x00000000ce100000, 0x00000000ce200000, 0x00000000ce200000|100%|HC|  |TAMS 0x00000000ce200000, 0x00000000ce100000| Complete 
| 204|0x00000000ce200000, 0x00000000ce300000, 0x00000000ce300000|100%|HC|  |TAMS 0x00000000ce300000, 0x00000000ce200000| Complete 
| 205|0x00000000ce300000, 0x00000000ce400000, 0x00000000ce400000|100%|HC|  |TAMS 0x00000000ce400000, 0x00000000ce300000| Complete 
| 206|0x00000000ce400000, 0x00000000ce500000, 0x00000000ce500000|100%|HC|  |TAMS 0x00000000ce500000, 0x00000000ce400000| Complete 
| 207|0x00000000ce500000, 0x00000000ce600000, 0x00000000ce600000|100%|HC|  |TAMS 0x00000000ce600000, 0x00000000ce500000| Complete 
| 208|0x00000000ce600000, 0x00000000ce700000, 0x00000000ce700000|100%|HC|  |TAMS 0x00000000ce700000, 0x00000000ce600000| Complete 
| 209|0x00000000ce700000, 0x00000000ce800000, 0x00000000ce800000|100%|HC|  |TAMS 0x00000000ce800000, 0x00000000ce700000| Complete 
| 210|0x00000000ce800000, 0x00000000ce900000, 0x00000000ce900000|100%|HC|  |TAMS 0x00000000ce900000, 0x00000000ce800000| Complete 
| 211|0x00000000ce900000, 0x00000000cea00000, 0x00000000cea00000|100%|HC|  |TAMS 0x00000000cea00000, 0x00000000ce900000| Complete 
| 212|0x00000000cea00000, 0x00000000ceb00000, 0x00000000ceb00000|100%|HC|  |TAMS 0x00000000ceb00000, 0x00000000cea00000| Complete 
| 213|0x00000000ceb00000, 0x00000000cec00000, 0x00000000cec00000|100%|HC|  |TAMS 0x00000000cec00000, 0x00000000ceb00000| Complete 
| 214|0x00000000cec00000, 0x00000000ced00000, 0x00000000ced00000|100%|HC|  |TAMS 0x00000000ced00000, 0x00000000cec00000| Complete 
| 215|0x00000000ced00000, 0x00000000cee00000, 0x00000000cee00000|100%|HC|  |TAMS 0x00000000cee00000, 0x00000000ced00000| Complete 
| 216|0x00000000cee00000, 0x00000000cef00000, 0x00000000cef00000|100%|HC|  |TAMS 0x00000000cef00000, 0x00000000cee00000| Complete 
| 217|0x00000000cef00000, 0x00000000cef00000, 0x00000000cf000000|  0%| F|  |TAMS 0x00000000cef00000, 0x00000000cef00000| Untracked 
| 218|0x00000000cf000000, 0x00000000cf000000, 0x00000000cf100000|  0%| F|  |TAMS 0x00000000cf000000, 0x00000000cf000000| Untracked 
| 219|0x00000000cf100000, 0x00000000cf100000, 0x00000000cf200000|  0%| F|  |TAMS 0x00000000cf100000, 0x00000000cf100000| Untracked 
| 220|0x00000000cf200000, 0x00000000cf200000, 0x00000000cf300000|  0%| F|  |TAMS 0x00000000cf200000, 0x00000000cf200000| Untracked 
| 221|0x00000000cf300000, 0x00000000cf3dad48, 0x00000000cf400000| 85%| O|  |TAMS 0x00000000cf3dad48, 0x00000000cf300000| Untracked 
| 222|0x00000000cf400000, 0x00000000cf400000, 0x00000000cf500000|  0%| F|  |TAMS 0x00000000cf400000, 0x00000000cf400000| Untracked 
| 223|0x00000000cf500000, 0x00000000cf500000, 0x00000000cf600000|  0%| F|  |TAMS 0x00000000cf500000, 0x00000000cf500000| Untracked 
| 224|0x00000000cf600000, 0x00000000cf600000, 0x00000000cf700000|  0%| F|  |TAMS 0x00000000cf600000, 0x00000000cf600000| Untracked 
| 225|0x00000000cf700000, 0x00000000cf700000, 0x00000000cf800000|  0%| F|  |TAMS 0x00000000cf700000, 0x00000000cf700000| Untracked 
| 226|0x00000000cf800000, 0x00000000cf800000, 0x00000000cf900000|  0%| F|  |TAMS 0x00000000cf800000, 0x00000000cf800000| Untracked 
| 227|0x00000000cf900000, 0x00000000cf900000, 0x00000000cfa00000|  0%| F|  |TAMS 0x00000000cf900000, 0x00000000cf900000| Untracked 
| 228|0x00000000cfa00000, 0x00000000cfa00000, 0x00000000cfb00000|  0%| F|  |TAMS 0x00000000cfa00000, 0x00000000cfa00000| Untracked 
| 229|0x00000000cfb00000, 0x00000000cfb00000, 0x00000000cfc00000|  0%| F|  |TAMS 0x00000000cfb00000, 0x00000000cfb00000| Untracked 
| 230|0x00000000cfc00000, 0x00000000cfc00000, 0x00000000cfd00000|  0%| F|  |TAMS 0x00000000cfc00000, 0x00000000cfc00000| Untracked 
| 231|0x00000000cfd00000, 0x00000000cfd00000, 0x00000000cfe00000|  0%| F|  |TAMS 0x00000000cfd00000, 0x00000000cfd00000| Untracked 
| 232|0x00000000cfe00000, 0x00000000cfe00000, 0x00000000cff00000|  0%| F|  |TAMS 0x00000000cfe00000, 0x00000000cfe00000| Untracked 
| 233|0x00000000cff00000, 0x00000000cff00000, 0x00000000d0000000|  0%| F|  |TAMS 0x00000000cff00000, 0x00000000cff00000| Untracked 
| 234|0x00000000d0000000, 0x00000000d0000000, 0x00000000d0100000|  0%| F|  |TAMS 0x00000000d0000000, 0x00000000d0000000| Untracked 
| 235|0x00000000d0100000, 0x00000000d0100000, 0x00000000d0200000|  0%| F|  |TAMS 0x00000000d0100000, 0x00000000d0100000| Untracked 
| 236|0x00000000d0200000, 0x00000000d0200000, 0x00000000d0300000|  0%| F|  |TAMS 0x00000000d0200000, 0x00000000d0200000| Untracked 
| 237|0x00000000d0300000, 0x00000000d0300000, 0x00000000d0400000|  0%| F|  |TAMS 0x00000000d0300000, 0x00000000d0300000| Untracked 
| 238|0x00000000d0400000, 0x00000000d0400000, 0x00000000d0500000|  0%| F|  |TAMS 0x00000000d0400000, 0x00000000d0400000| Untracked 
| 239|0x00000000d0500000, 0x00000000d0500000, 0x00000000d0600000|  0%| F|  |TAMS 0x00000000d0500000, 0x00000000d0500000| Untracked 
| 240|0x00000000d0600000, 0x00000000d0600000, 0x00000000d0700000|  0%| F|  |TAMS 0x00000000d0600000, 0x00000000d0600000| Untracked 
| 241|0x00000000d0700000, 0x00000000d0700000, 0x00000000d0800000|  0%| F|  |TAMS 0x00000000d0700000, 0x00000000d0700000| Untracked 
| 242|0x00000000d0800000, 0x00000000d0800000, 0x00000000d0900000|  0%| F|  |TAMS 0x00000000d0800000, 0x00000000d0800000| Untracked 
| 243|0x00000000d0900000, 0x00000000d0900000, 0x00000000d0a00000|  0%| F|  |TAMS 0x00000000d0900000, 0x00000000d0900000| Untracked 
| 244|0x00000000d0a00000, 0x00000000d0a00000, 0x00000000d0b00000|  0%| F|  |TAMS 0x00000000d0a00000, 0x00000000d0a00000| Untracked 
| 245|0x00000000d0b00000, 0x00000000d0b00000, 0x00000000d0c00000|  0%| F|  |TAMS 0x00000000d0b00000, 0x00000000d0b00000| Untracked 
| 246|0x00000000d0c00000, 0x00000000d0c00000, 0x00000000d0d00000|  0%| F|  |TAMS 0x00000000d0c00000, 0x00000000d0c00000| Untracked 
| 247|0x00000000d0d00000, 0x00000000d0d00000, 0x00000000d0e00000|  0%| F|  |TAMS 0x00000000d0d00000, 0x00000000d0d00000| Untracked 
| 248|0x00000000d0e00000, 0x00000000d0e00000, 0x00000000d0f00000|  0%| F|  |TAMS 0x00000000d0e00000, 0x00000000d0e00000| Untracked 
| 249|0x00000000d0f00000, 0x00000000d0f00000, 0x00000000d1000000|  0%| F|  |TAMS 0x00000000d0f00000, 0x00000000d0f00000| Untracked 
| 250|0x00000000d1000000, 0x00000000d1000000, 0x00000000d1100000|  0%| F|  |TAMS 0x00000000d1000000, 0x00000000d1000000| Untracked 
| 251|0x00000000d1100000, 0x00000000d1100000, 0x00000000d1200000|  0%| F|  |TAMS 0x00000000d1100000, 0x00000000d1100000| Untracked 
| 252|0x00000000d1200000, 0x00000000d1200000, 0x00000000d1300000|  0%| F|  |TAMS 0x00000000d1200000, 0x00000000d1200000| Untracked 
| 253|0x00000000d1300000, 0x00000000d1300000, 0x00000000d1400000|  0%| F|  |TAMS 0x00000000d1300000, 0x00000000d1300000| Untracked 
| 254|0x00000000d1400000, 0x00000000d1400000, 0x00000000d1500000|  0%| F|  |TAMS 0x00000000d1400000, 0x00000000d1400000| Untracked 
| 255|0x00000000d1500000, 0x00000000d1500000, 0x00000000d1600000|  0%| F|  |TAMS 0x00000000d1500000, 0x00000000d1500000| Untracked 
| 256|0x00000000d1600000, 0x00000000d1600000, 0x00000000d1700000|  0%| F|  |TAMS 0x00000000d1600000, 0x00000000d1600000| Untracked 
| 257|0x00000000d1700000, 0x00000000d1700000, 0x00000000d1800000|  0%| F|  |TAMS 0x00000000d1700000, 0x00000000d1700000| Untracked 
| 258|0x00000000d1800000, 0x00000000d1800000, 0x00000000d1900000|  0%| F|  |TAMS 0x00000000d1800000, 0x00000000d1800000| Untracked 
| 259|0x00000000d1900000, 0x00000000d1900000, 0x00000000d1a00000|  0%| F|  |TAMS 0x00000000d1900000, 0x00000000d1900000| Untracked 
| 260|0x00000000d1a00000, 0x00000000d1a00000, 0x00000000d1b00000|  0%| F|  |TAMS 0x00000000d1a00000, 0x00000000d1a00000| Untracked 
| 261|0x00000000d1b00000, 0x00000000d1b00000, 0x00000000d1c00000|  0%| F|  |TAMS 0x00000000d1b00000, 0x00000000d1b00000| Untracked 
| 262|0x00000000d1c00000, 0x00000000d1c00000, 0x00000000d1d00000|  0%| F|  |TAMS 0x00000000d1c00000, 0x00000000d1c00000| Untracked 
| 263|0x00000000d1d00000, 0x00000000d1d00000, 0x00000000d1e00000|  0%| F|  |TAMS 0x00000000d1d00000, 0x00000000d1d00000| Untracked 
| 264|0x00000000d1e00000, 0x00000000d1e00000, 0x00000000d1f00000|  0%| F|  |TAMS 0x00000000d1e00000, 0x00000000d1e00000| Untracked 
| 265|0x00000000d1f00000, 0x00000000d1f00000, 0x00000000d2000000|  0%| F|  |TAMS 0x00000000d1f00000, 0x00000000d1f00000| Untracked 
| 266|0x00000000d2000000, 0x00000000d2000000, 0x00000000d2100000|  0%| F|  |TAMS 0x00000000d2000000, 0x00000000d2000000| Untracked 
| 267|0x00000000d2100000, 0x00000000d2200000, 0x00000000d2200000|100%|HS|  |TAMS 0x00000000d2200000, 0x00000000d2100000| Complete 
| 268|0x00000000d2200000, 0x00000000d2300000, 0x00000000d2300000|100%|HC|  |TAMS 0x00000000d2300000, 0x00000000d2200000| Complete 
| 269|0x00000000d2300000, 0x00000000d2400000, 0x00000000d2400000|100%|HC|  |TAMS 0x00000000d2400000, 0x00000000d2300000| Complete 
| 270|0x00000000d2400000, 0x00000000d2500000, 0x00000000d2500000|100%|HC|  |TAMS 0x00000000d2500000, 0x00000000d2400000| Complete 
| 271|0x00000000d2500000, 0x00000000d2600000, 0x00000000d2600000|100%|HC|  |TAMS 0x00000000d2600000, 0x00000000d2500000| Complete 
| 272|0x00000000d2600000, 0x00000000d2700000, 0x00000000d2700000|100%|HC|  |TAMS 0x00000000d2700000, 0x00000000d2600000| Complete 
| 273|0x00000000d2700000, 0x00000000d2800000, 0x00000000d2800000|100%|HC|  |TAMS 0x00000000d2800000, 0x00000000d2700000| Complete 
| 274|0x00000000d2800000, 0x00000000d2900000, 0x00000000d2900000|100%|HC|  |TAMS 0x00000000d2900000, 0x00000000d2800000| Complete 
| 275|0x00000000d2900000, 0x00000000d2a00000, 0x00000000d2a00000|100%|HC|  |TAMS 0x00000000d2a00000, 0x00000000d2900000| Complete 
| 276|0x00000000d2a00000, 0x00000000d2b00000, 0x00000000d2b00000|100%|HC|  |TAMS 0x00000000d2b00000, 0x00000000d2a00000| Complete 
| 277|0x00000000d2b00000, 0x00000000d2c00000, 0x00000000d2c00000|100%|HC|  |TAMS 0x00000000d2c00000, 0x00000000d2b00000| Complete 
| 278|0x00000000d2c00000, 0x00000000d2d00000, 0x00000000d2d00000|100%|HC|  |TAMS 0x00000000d2d00000, 0x00000000d2c00000| Complete 
| 279|0x00000000d2d00000, 0x00000000d2e00000, 0x00000000d2e00000|100%|HC|  |TAMS 0x00000000d2e00000, 0x00000000d2d00000| Complete 
| 280|0x00000000d2e00000, 0x00000000d2f00000, 0x00000000d2f00000|100%|HC|  |TAMS 0x00000000d2f00000, 0x00000000d2e00000| Complete 
| 281|0x00000000d2f00000, 0x00000000d3000000, 0x00000000d3000000|100%|HC|  |TAMS 0x00000000d3000000, 0x00000000d2f00000| Complete 
| 282|0x00000000d3000000, 0x00000000d3100000, 0x00000000d3100000|100%|HC|  |TAMS 0x00000000d3100000, 0x00000000d3000000| Complete 
| 283|0x00000000d3100000, 0x00000000d3200000, 0x00000000d3200000|100%|HC|  |TAMS 0x00000000d3200000, 0x00000000d3100000| Complete 
| 284|0x00000000d3200000, 0x00000000d3300000, 0x00000000d3300000|100%|HC|  |TAMS 0x00000000d3300000, 0x00000000d3200000| Complete 
| 285|0x00000000d3300000, 0x00000000d3400000, 0x00000000d3400000|100%|HC|  |TAMS 0x00000000d3400000, 0x00000000d3300000| Complete 
| 286|0x00000000d3400000, 0x00000000d3500000, 0x00000000d3500000|100%|HC|  |TAMS 0x00000000d3500000, 0x00000000d3400000| Complete 
| 287|0x00000000d3500000, 0x00000000d3600000, 0x00000000d3600000|100%|HC|  |TAMS 0x00000000d3600000, 0x00000000d3500000| Complete 
| 288|0x00000000d3600000, 0x00000000d3700000, 0x00000000d3700000|100%|HC|  |TAMS 0x00000000d3700000, 0x00000000d3600000| Complete 
| 289|0x00000000d3700000, 0x00000000d3800000, 0x00000000d3800000|100%|HC|  |TAMS 0x00000000d3800000, 0x00000000d3700000| Complete 
| 290|0x00000000d3800000, 0x00000000d3900000, 0x00000000d3900000|100%|HC|  |TAMS 0x00000000d3900000, 0x00000000d3800000| Complete 
| 291|0x00000000d3900000, 0x00000000d3a00000, 0x00000000d3a00000|100%|HC|  |TAMS 0x00000000d3a00000, 0x00000000d3900000| Complete 
| 292|0x00000000d3a00000, 0x00000000d3b00000, 0x00000000d3b00000|100%|HC|  |TAMS 0x00000000d3b00000, 0x00000000d3a00000| Complete 
| 293|0x00000000d3b00000, 0x00000000d3c00000, 0x00000000d3c00000|100%|HC|  |TAMS 0x00000000d3c00000, 0x00000000d3b00000| Complete 
| 294|0x00000000d3c00000, 0x00000000d3d00000, 0x00000000d3d00000|100%|HC|  |TAMS 0x00000000d3d00000, 0x00000000d3c00000| Complete 
| 295|0x00000000d3d00000, 0x00000000d3e00000, 0x00000000d3e00000|100%|HC|  |TAMS 0x00000000d3e00000, 0x00000000d3d00000| Complete 
| 296|0x00000000d3e00000, 0x00000000d3f00000, 0x00000000d3f00000|100%|HC|  |TAMS 0x00000000d3f00000, 0x00000000d3e00000| Complete 
| 297|0x00000000d3f00000, 0x00000000d4000000, 0x00000000d4000000|100%|HC|  |TAMS 0x00000000d4000000, 0x00000000d3f00000| Complete 
| 298|0x00000000d4000000, 0x00000000d4100000, 0x00000000d4100000|100%|HC|  |TAMS 0x00000000d4100000, 0x00000000d4000000| Complete 
| 299|0x00000000d4100000, 0x00000000d4200000, 0x00000000d4200000|100%|HC|  |TAMS 0x00000000d4200000, 0x00000000d4100000| Complete 
| 300|0x00000000d4200000, 0x00000000d4300000, 0x00000000d4300000|100%|HC|  |TAMS 0x00000000d4300000, 0x00000000d4200000| Complete 
| 301|0x00000000d4300000, 0x00000000d4400000, 0x00000000d4400000|100%|HC|  |TAMS 0x00000000d4400000, 0x00000000d4300000| Complete 
| 302|0x00000000d4400000, 0x00000000d4500000, 0x00000000d4500000|100%|HC|  |TAMS 0x00000000d4500000, 0x00000000d4400000| Complete 
| 303|0x00000000d4500000, 0x00000000d4600000, 0x00000000d4600000|100%|HC|  |TAMS 0x00000000d4600000, 0x00000000d4500000| Complete 
| 304|0x00000000d4600000, 0x00000000d4700000, 0x00000000d4700000|100%|HC|  |TAMS 0x00000000d4700000, 0x00000000d4600000| Complete 
| 305|0x00000000d4700000, 0x00000000d4800000, 0x00000000d4800000|100%|HC|  |TAMS 0x00000000d4800000, 0x00000000d4700000| Complete 
| 306|0x00000000d4800000, 0x00000000d4900000, 0x00000000d4900000|100%|HC|  |TAMS 0x00000000d4900000, 0x00000000d4800000| Complete 
| 307|0x00000000d4900000, 0x00000000d4a00000, 0x00000000d4a00000|100%|HC|  |TAMS 0x00000000d4a00000, 0x00000000d4900000| Complete 
| 308|0x00000000d4a00000, 0x00000000d4b00000, 0x00000000d4b00000|100%|HC|  |TAMS 0x00000000d4b00000, 0x00000000d4a00000| Complete 
| 309|0x00000000d4b00000, 0x00000000d4c00000, 0x00000000d4c00000|100%|HC|  |TAMS 0x00000000d4c00000, 0x00000000d4b00000| Complete 
| 310|0x00000000d4c00000, 0x00000000d4d00000, 0x00000000d4d00000|100%|HC|  |TAMS 0x00000000d4d00000, 0x00000000d4c00000| Complete 
| 311|0x00000000d4d00000, 0x00000000d4e00000, 0x00000000d4e00000|100%|HC|  |TAMS 0x00000000d4e00000, 0x00000000d4d00000| Complete 
| 312|0x00000000d4e00000, 0x00000000d4f00000, 0x00000000d4f00000|100%|HC|  |TAMS 0x00000000d4f00000, 0x00000000d4e00000| Complete 
| 313|0x00000000d4f00000, 0x00000000d5000000, 0x00000000d5000000|100%|HC|  |TAMS 0x00000000d5000000, 0x00000000d4f00000| Complete 
| 314|0x00000000d5000000, 0x00000000d5100000, 0x00000000d5100000|100%|HC|  |TAMS 0x00000000d5100000, 0x00000000d5000000| Complete 
| 315|0x00000000d5100000, 0x00000000d5200000, 0x00000000d5200000|100%|HC|  |TAMS 0x00000000d5200000, 0x00000000d5100000| Complete 
| 316|0x00000000d5200000, 0x00000000d5300000, 0x00000000d5300000|100%|HC|  |TAMS 0x00000000d5300000, 0x00000000d5200000| Complete 
| 317|0x00000000d5300000, 0x00000000d5400000, 0x00000000d5400000|100%|HC|  |TAMS 0x00000000d5400000, 0x00000000d5300000| Complete 
| 318|0x00000000d5400000, 0x00000000d5500000, 0x00000000d5500000|100%|HC|  |TAMS 0x00000000d5500000, 0x00000000d5400000| Complete 
| 319|0x00000000d5500000, 0x00000000d5600000, 0x00000000d5600000|100%|HC|  |TAMS 0x00000000d5600000, 0x00000000d5500000| Complete 
| 320|0x00000000d5600000, 0x00000000d5700000, 0x00000000d5700000|100%|HC|  |TAMS 0x00000000d5700000, 0x00000000d5600000| Complete 
| 321|0x00000000d5700000, 0x00000000d5800000, 0x00000000d5800000|100%|HC|  |TAMS 0x00000000d5800000, 0x00000000d5700000| Complete 
| 322|0x00000000d5800000, 0x00000000d5900000, 0x00000000d5900000|100%|HC|  |TAMS 0x00000000d5900000, 0x00000000d5800000| Complete 
| 323|0x00000000d5900000, 0x00000000d5a00000, 0x00000000d5a00000|100%|HC|  |TAMS 0x00000000d5a00000, 0x00000000d5900000| Complete 
| 324|0x00000000d5a00000, 0x00000000d5b00000, 0x00000000d5b00000|100%|HC|  |TAMS 0x00000000d5b00000, 0x00000000d5a00000| Complete 
| 325|0x00000000d5b00000, 0x00000000d5c00000, 0x00000000d5c00000|100%|HC|  |TAMS 0x00000000d5c00000, 0x00000000d5b00000| Complete 
| 326|0x00000000d5c00000, 0x00000000d5d00000, 0x00000000d5d00000|100%|HC|  |TAMS 0x00000000d5d00000, 0x00000000d5c00000| Complete 
| 327|0x00000000d5d00000, 0x00000000d5e00000, 0x00000000d5e00000|100%|HC|  |TAMS 0x00000000d5e00000, 0x00000000d5d00000| Complete 
| 328|0x00000000d5e00000, 0x00000000d5f00000, 0x00000000d5f00000|100%|HC|  |TAMS 0x00000000d5f00000, 0x00000000d5e00000| Complete 
| 329|0x00000000d5f00000, 0x00000000d6000000, 0x00000000d6000000|100%|HC|  |TAMS 0x00000000d6000000, 0x00000000d5f00000| Complete 
| 330|0x00000000d6000000, 0x00000000d6100000, 0x00000000d6100000|100%|HC|  |TAMS 0x00000000d6100000, 0x00000000d6000000| Complete 
| 331|0x00000000d6100000, 0x00000000d6200000, 0x00000000d6200000|100%|HC|  |TAMS 0x00000000d6200000, 0x00000000d6100000| Complete 
| 332|0x00000000d6200000, 0x00000000d6300000, 0x00000000d6300000|100%|HC|  |TAMS 0x00000000d6300000, 0x00000000d6200000| Complete 
| 333|0x00000000d6300000, 0x00000000d6400000, 0x00000000d6400000|100%|HC|  |TAMS 0x00000000d6400000, 0x00000000d6300000| Complete 
| 334|0x00000000d6400000, 0x00000000d6500000, 0x00000000d6500000|100%|HC|  |TAMS 0x00000000d6500000, 0x00000000d6400000| Complete 
| 335|0x00000000d6500000, 0x00000000d6600000, 0x00000000d6600000|100%|HC|  |TAMS 0x00000000d6600000, 0x00000000d6500000| Complete 
| 336|0x00000000d6600000, 0x00000000d6700000, 0x00000000d6700000|100%|HC|  |TAMS 0x00000000d6700000, 0x00000000d6600000| Complete 
| 337|0x00000000d6700000, 0x00000000d6800000, 0x00000000d6800000|100%|HC|  |TAMS 0x00000000d6800000, 0x00000000d6700000| Complete 
| 338|0x00000000d6800000, 0x00000000d6900000, 0x00000000d6900000|100%|HC|  |TAMS 0x00000000d6900000, 0x00000000d6800000| Complete 
| 339|0x00000000d6900000, 0x00000000d6a00000, 0x00000000d6a00000|100%|HC|  |TAMS 0x00000000d6a00000, 0x00000000d6900000| Complete 
| 340|0x00000000d6a00000, 0x00000000d6b00000, 0x00000000d6b00000|100%|HC|  |TAMS 0x00000000d6b00000, 0x00000000d6a00000| Complete 
| 341|0x00000000d6b00000, 0x00000000d6c00000, 0x00000000d6c00000|100%|HC|  |TAMS 0x00000000d6c00000, 0x00000000d6b00000| Complete 
| 342|0x00000000d6c00000, 0x00000000d6d00000, 0x00000000d6d00000|100%|HC|  |TAMS 0x00000000d6d00000, 0x00000000d6c00000| Complete 
| 343|0x00000000d6d00000, 0x00000000d6e00000, 0x00000000d6e00000|100%|HC|  |TAMS 0x00000000d6e00000, 0x00000000d6d00000| Complete 
| 344|0x00000000d6e00000, 0x00000000d6f00000, 0x00000000d6f00000|100%|HC|  |TAMS 0x00000000d6f00000, 0x00000000d6e00000| Complete 
| 345|0x00000000d6f00000, 0x00000000d7000000, 0x00000000d7000000|100%|HC|  |TAMS 0x00000000d7000000, 0x00000000d6f00000| Complete 
| 346|0x00000000d7000000, 0x00000000d7100000, 0x00000000d7100000|100%|HC|  |TAMS 0x00000000d7100000, 0x00000000d7000000| Complete 
| 347|0x00000000d7100000, 0x00000000d7200000, 0x00000000d7200000|100%|HC|  |TAMS 0x00000000d7200000, 0x00000000d7100000| Complete 
| 348|0x00000000d7200000, 0x00000000d7300000, 0x00000000d7300000|100%|HC|  |TAMS 0x00000000d7300000, 0x00000000d7200000| Complete 
| 349|0x00000000d7300000, 0x00000000d7400000, 0x00000000d7400000|100%|HC|  |TAMS 0x00000000d7400000, 0x00000000d7300000| Complete 
| 350|0x00000000d7400000, 0x00000000d7500000, 0x00000000d7500000|100%|HC|  |TAMS 0x00000000d7500000, 0x00000000d7400000| Complete 
| 351|0x00000000d7500000, 0x00000000d7600000, 0x00000000d7600000|100%|HC|  |TAMS 0x00000000d7600000, 0x00000000d7500000| Complete 
| 352|0x00000000d7600000, 0x00000000d7700000, 0x00000000d7700000|100%|HC|  |TAMS 0x00000000d7700000, 0x00000000d7600000| Complete 
| 353|0x00000000d7700000, 0x00000000d7800000, 0x00000000d7800000|100%|HC|  |TAMS 0x00000000d7800000, 0x00000000d7700000| Complete 
| 354|0x00000000d7800000, 0x00000000d7900000, 0x00000000d7900000|100%|HC|  |TAMS 0x00000000d7900000, 0x00000000d7800000| Complete 
| 355|0x00000000d7900000, 0x00000000d7a00000, 0x00000000d7a00000|100%|HC|  |TAMS 0x00000000d7a00000, 0x00000000d7900000| Complete 
| 356|0x00000000d7a00000, 0x00000000d7b00000, 0x00000000d7b00000|100%|HC|  |TAMS 0x00000000d7b00000, 0x00000000d7a00000| Complete 
| 357|0x00000000d7b00000, 0x00000000d7c00000, 0x00000000d7c00000|100%|HC|  |TAMS 0x00000000d7c00000, 0x00000000d7b00000| Complete 
| 358|0x00000000d7c00000, 0x00000000d7d00000, 0x00000000d7d00000|100%|HC|  |TAMS 0x00000000d7d00000, 0x00000000d7c00000| Complete 
| 359|0x00000000d7d00000, 0x00000000d7e00000, 0x00000000d7e00000|100%|HC|  |TAMS 0x00000000d7e00000, 0x00000000d7d00000| Complete 
| 360|0x00000000d7e00000, 0x00000000d7f00000, 0x00000000d7f00000|100%|HC|  |TAMS 0x00000000d7f00000, 0x00000000d7e00000| Complete 
| 361|0x00000000d7f00000, 0x00000000d8000000, 0x00000000d8000000|100%|HC|  |TAMS 0x00000000d8000000, 0x00000000d7f00000| Complete 
| 362|0x00000000d8000000, 0x00000000d8100000, 0x00000000d8100000|100%|HC|  |TAMS 0x00000000d8100000, 0x00000000d8000000| Complete 
| 363|0x00000000d8100000, 0x00000000d8200000, 0x00000000d8200000|100%|HC|  |TAMS 0x00000000d8200000, 0x00000000d8100000| Complete 
| 364|0x00000000d8200000, 0x00000000d8300000, 0x00000000d8300000|100%|HC|  |TAMS 0x00000000d8300000, 0x00000000d8200000| Complete 
| 365|0x00000000d8300000, 0x00000000d8400000, 0x00000000d8400000|100%|HC|  |TAMS 0x00000000d8400000, 0x00000000d8300000| Complete 
| 366|0x00000000d8400000, 0x00000000d8500000, 0x00000000d8500000|100%|HC|  |TAMS 0x00000000d8500000, 0x00000000d8400000| Complete 
| 367|0x00000000d8500000, 0x00000000d8600000, 0x00000000d8600000|100%|HC|  |TAMS 0x00000000d8600000, 0x00000000d8500000| Complete 
| 368|0x00000000d8600000, 0x00000000d8700000, 0x00000000d8700000|100%|HC|  |TAMS 0x00000000d8700000, 0x00000000d8600000| Complete 
| 369|0x00000000d8700000, 0x00000000d8800000, 0x00000000d8800000|100%|HC|  |TAMS 0x00000000d8800000, 0x00000000d8700000| Complete 
| 370|0x00000000d8800000, 0x00000000d8900000, 0x00000000d8900000|100%|HC|  |TAMS 0x00000000d8900000, 0x00000000d8800000| Complete 
| 371|0x00000000d8900000, 0x00000000d8a00000, 0x00000000d8a00000|100%|HC|  |TAMS 0x00000000d8a00000, 0x00000000d8900000| Complete 
| 372|0x00000000d8a00000, 0x00000000d8b00000, 0x00000000d8b00000|100%|HC|  |TAMS 0x00000000d8b00000, 0x00000000d8a00000| Complete 
| 373|0x00000000d8b00000, 0x00000000d8c00000, 0x00000000d8c00000|100%|HC|  |TAMS 0x00000000d8c00000, 0x00000000d8b00000| Complete 
| 374|0x00000000d8c00000, 0x00000000d8d00000, 0x00000000d8d00000|100%|HC|  |TAMS 0x00000000d8d00000, 0x00000000d8c00000| Complete 
| 375|0x00000000d8d00000, 0x00000000d8e00000, 0x00000000d8e00000|100%|HC|  |TAMS 0x00000000d8e00000, 0x00000000d8d00000| Complete 
| 376|0x00000000d8e00000, 0x00000000d8f00000, 0x00000000d8f00000|100%|HC|  |TAMS 0x00000000d8f00000, 0x00000000d8e00000| Complete 
| 377|0x00000000d8f00000, 0x00000000d9000000, 0x00000000d9000000|100%|HC|  |TAMS 0x00000000d9000000, 0x00000000d8f00000| Complete 
| 378|0x00000000d9000000, 0x00000000d9100000, 0x00000000d9100000|100%|HC|  |TAMS 0x00000000d9100000, 0x00000000d9000000| Complete 
| 379|0x00000000d9100000, 0x00000000d9100000, 0x00000000d9200000|  0%| F|  |TAMS 0x00000000d9100000, 0x00000000d9100000| Untracked 
| 380|0x00000000d9200000, 0x00000000d9200000, 0x00000000d9300000|  0%| F|  |TAMS 0x00000000d9200000, 0x00000000d9200000| Untracked 
| 381|0x00000000d9300000, 0x00000000d9300000, 0x00000000d9400000|  0%| F|  |TAMS 0x00000000d9300000, 0x00000000d9300000| Untracked 
| 382|0x00000000d9400000, 0x00000000d9400000, 0x00000000d9500000|  0%| F|  |TAMS 0x00000000d9400000, 0x00000000d9400000| Untracked 
| 383|0x00000000d9500000, 0x00000000d9500000, 0x00000000d9600000|  0%| F|  |TAMS 0x00000000d9500000, 0x00000000d9500000| Untracked 
| 384|0x00000000d9600000, 0x00000000d9600000, 0x00000000d9700000|  0%| F|  |TAMS 0x00000000d9600000, 0x00000000d9600000| Untracked 
| 385|0x00000000d9700000, 0x00000000d9700000, 0x00000000d9800000|  0%| F|  |TAMS 0x00000000d9700000, 0x00000000d9700000| Untracked 
| 386|0x00000000d9800000, 0x00000000d9800000, 0x00000000d9900000|  0%| F|  |TAMS 0x00000000d9800000, 0x00000000d9800000| Untracked 
| 387|0x00000000d9900000, 0x00000000d9900000, 0x00000000d9a00000|  0%| F|  |TAMS 0x00000000d9900000, 0x00000000d9900000| Untracked 
| 388|0x00000000d9a00000, 0x00000000d9a00000, 0x00000000d9b00000|  0%| F|  |TAMS 0x00000000d9a00000, 0x00000000d9a00000| Untracked 
| 389|0x00000000d9b00000, 0x00000000d9b00000, 0x00000000d9c00000|  0%| F|  |TAMS 0x00000000d9b00000, 0x00000000d9b00000| Untracked 
| 390|0x00000000d9c00000, 0x00000000d9c00000, 0x00000000d9d00000|  0%| F|  |TAMS 0x00000000d9c00000, 0x00000000d9c00000| Untracked 
| 391|0x00000000d9d00000, 0x00000000d9d00000, 0x00000000d9e00000|  0%| F|  |TAMS 0x00000000d9d00000, 0x00000000d9d00000| Untracked 
| 392|0x00000000d9e00000, 0x00000000d9e00000, 0x00000000d9f00000|  0%| F|  |TAMS 0x00000000d9e00000, 0x00000000d9e00000| Untracked 
| 393|0x00000000d9f00000, 0x00000000d9f00000, 0x00000000da000000|  0%| F|  |TAMS 0x00000000d9f00000, 0x00000000d9f00000| Untracked 
| 394|0x00000000da000000, 0x00000000da000000, 0x00000000da100000|  0%| F|  |TAMS 0x00000000da000000, 0x00000000da000000| Untracked 
| 395|0x00000000da100000, 0x00000000da100000, 0x00000000da200000|  0%| F|  |TAMS 0x00000000da100000, 0x00000000da100000| Untracked 
| 396|0x00000000da200000, 0x00000000da200000, 0x00000000da300000|  0%| F|  |TAMS 0x00000000da200000, 0x00000000da200000| Untracked 
| 397|0x00000000da300000, 0x00000000da300000, 0x00000000da400000|  0%| F|  |TAMS 0x00000000da300000, 0x00000000da300000| Untracked 
| 398|0x00000000da400000, 0x00000000da400000, 0x00000000da500000|  0%| F|  |TAMS 0x00000000da400000, 0x00000000da400000| Untracked 
| 399|0x00000000da500000, 0x00000000da500000, 0x00000000da600000|  0%| F|  |TAMS 0x00000000da500000, 0x00000000da500000| Untracked 
| 400|0x00000000da600000, 0x00000000da600000, 0x00000000da700000|  0%| F|  |TAMS 0x00000000da600000, 0x00000000da600000| Untracked 
| 401|0x00000000da700000, 0x00000000da700000, 0x00000000da800000|  0%| F|  |TAMS 0x00000000da700000, 0x00000000da700000| Untracked 
| 402|0x00000000da800000, 0x00000000da800000, 0x00000000da900000|  0%| F|  |TAMS 0x00000000da800000, 0x00000000da800000| Untracked 
| 403|0x00000000da900000, 0x00000000da900000, 0x00000000daa00000|  0%| F|  |TAMS 0x00000000da900000, 0x00000000da900000| Untracked 
| 404|0x00000000daa00000, 0x00000000daa00000, 0x00000000dab00000|  0%| F|  |TAMS 0x00000000daa00000, 0x00000000daa00000| Untracked 
| 405|0x00000000dab00000, 0x00000000dab00000, 0x00000000dac00000|  0%| F|  |TAMS 0x00000000dab00000, 0x00000000dab00000| Untracked 
| 406|0x00000000dac00000, 0x00000000dac00000, 0x00000000dad00000|  0%| F|  |TAMS 0x00000000dac00000, 0x00000000dac00000| Untracked 
| 407|0x00000000dad00000, 0x00000000dad00000, 0x00000000dae00000|  0%| F|  |TAMS 0x00000000dad00000, 0x00000000dad00000| Untracked 
| 408|0x00000000dae00000, 0x00000000dae00000, 0x00000000daf00000|  0%| F|  |TAMS 0x00000000dae00000, 0x00000000dae00000| Untracked 
| 409|0x00000000daf00000, 0x00000000daf00000, 0x00000000db000000|  0%| F|  |TAMS 0x00000000daf00000, 0x00000000daf00000| Untracked 
| 410|0x00000000db000000, 0x00000000db000000, 0x00000000db100000|  0%| F|  |TAMS 0x00000000db000000, 0x00000000db000000| Untracked 
| 411|0x00000000db100000, 0x00000000db100000, 0x00000000db200000|  0%| F|  |TAMS 0x00000000db100000, 0x00000000db100000| Untracked 
| 412|0x00000000db200000, 0x00000000db200000, 0x00000000db300000|  0%| F|  |TAMS 0x00000000db200000, 0x00000000db200000| Untracked 
| 413|0x00000000db300000, 0x00000000db300000, 0x00000000db400000|  0%| F|  |TAMS 0x00000000db300000, 0x00000000db300000| Untracked 
| 414|0x00000000db400000, 0x00000000db400000, 0x00000000db500000|  0%| F|  |TAMS 0x00000000db400000, 0x00000000db400000| Untracked 
| 415|0x00000000db500000, 0x00000000db500000, 0x00000000db600000|  0%| F|  |TAMS 0x00000000db500000, 0x00000000db500000| Untracked 
| 416|0x00000000db600000, 0x00000000db600000, 0x00000000db700000|  0%| F|  |TAMS 0x00000000db600000, 0x00000000db600000| Untracked 
| 417|0x00000000db700000, 0x00000000db700000, 0x00000000db800000|  0%| F|  |TAMS 0x00000000db700000, 0x00000000db700000| Untracked 
| 418|0x00000000db800000, 0x00000000db800000, 0x00000000db900000|  0%| F|  |TAMS 0x00000000db800000, 0x00000000db800000| Untracked 
| 419|0x00000000db900000, 0x00000000db900000, 0x00000000dba00000|  0%| F|  |TAMS 0x00000000db900000, 0x00000000db900000| Untracked 
| 420|0x00000000dba00000, 0x00000000dba00000, 0x00000000dbb00000|  0%| F|  |TAMS 0x00000000dba00000, 0x00000000dba00000| Untracked 
| 421|0x00000000dbb00000, 0x00000000dbb00000, 0x00000000dbc00000|  0%| F|  |TAMS 0x00000000dbb00000, 0x00000000dbb00000| Untracked 
| 422|0x00000000dbc00000, 0x00000000dbc00000, 0x00000000dbd00000|  0%| F|  |TAMS 0x00000000dbc00000, 0x00000000dbc00000| Untracked 
| 423|0x00000000dbd00000, 0x00000000dbd00000, 0x00000000dbe00000|  0%| F|  |TAMS 0x00000000dbd00000, 0x00000000dbd00000| Untracked 
| 424|0x00000000dbe00000, 0x00000000dbe00000, 0x00000000dbf00000|  0%| F|  |TAMS 0x00000000dbe00000, 0x00000000dbe00000| Untracked 
| 425|0x00000000dbf00000, 0x00000000dbf00000, 0x00000000dc000000|  0%| F|  |TAMS 0x00000000dbf00000, 0x00000000dbf00000| Untracked 
| 426|0x00000000dc000000, 0x00000000dc000000, 0x00000000dc100000|  0%| F|  |TAMS 0x00000000dc000000, 0x00000000dc000000| Untracked 
| 427|0x00000000dc100000, 0x00000000dc100000, 0x00000000dc200000|  0%| F|  |TAMS 0x00000000dc100000, 0x00000000dc100000| Untracked 
| 428|0x00000000dc200000, 0x00000000dc200000, 0x00000000dc300000|  0%| F|  |TAMS 0x00000000dc200000, 0x00000000dc200000| Untracked 
| 429|0x00000000dc300000, 0x00000000dc300000, 0x00000000dc400000|  0%| F|  |TAMS 0x00000000dc300000, 0x00000000dc300000| Untracked 
| 430|0x00000000dc400000, 0x00000000dc400000, 0x00000000dc500000|  0%| F|  |TAMS 0x00000000dc400000, 0x00000000dc400000| Untracked 
| 431|0x00000000dc500000, 0x00000000dc500000, 0x00000000dc600000|  0%| F|  |TAMS 0x00000000dc500000, 0x00000000dc500000| Untracked 
| 432|0x00000000dc600000, 0x00000000dc600000, 0x00000000dc700000|  0%| F|  |TAMS 0x00000000dc600000, 0x00000000dc600000| Untracked 
| 433|0x00000000dc700000, 0x00000000dc700000, 0x00000000dc800000|  0%| F|  |TAMS 0x00000000dc700000, 0x00000000dc700000| Untracked 
| 434|0x00000000dc800000, 0x00000000dc800000, 0x00000000dc900000|  0%| F|  |TAMS 0x00000000dc800000, 0x00000000dc800000| Untracked 
| 435|0x00000000dc900000, 0x00000000dc900000, 0x00000000dca00000|  0%| F|  |TAMS 0x00000000dc900000, 0x00000000dc900000| Untracked 
| 436|0x00000000dca00000, 0x00000000dca00000, 0x00000000dcb00000|  0%| F|  |TAMS 0x00000000dca00000, 0x00000000dca00000| Untracked 
| 437|0x00000000dcb00000, 0x00000000dcb00000, 0x00000000dcc00000|  0%| F|  |TAMS 0x00000000dcb00000, 0x00000000dcb00000| Untracked 
| 438|0x00000000dcc00000, 0x00000000dcc00000, 0x00000000dcd00000|  0%| F|  |TAMS 0x00000000dcc00000, 0x00000000dcc00000| Untracked 
| 439|0x00000000dcd00000, 0x00000000dcd00000, 0x00000000dce00000|  0%| F|  |TAMS 0x00000000dcd00000, 0x00000000dcd00000| Untracked 
| 440|0x00000000dce00000, 0x00000000dce00000, 0x00000000dcf00000|  0%| F|  |TAMS 0x00000000dce00000, 0x00000000dce00000| Untracked 
| 441|0x00000000dcf00000, 0x00000000dcf00000, 0x00000000dd000000|  0%| F|  |TAMS 0x00000000dcf00000, 0x00000000dcf00000| Untracked 
| 442|0x00000000dd000000, 0x00000000dd000000, 0x00000000dd100000|  0%| F|  |TAMS 0x00000000dd000000, 0x00000000dd000000| Untracked 
| 443|0x00000000dd100000, 0x00000000dd100000, 0x00000000dd200000|  0%| F|  |TAMS 0x00000000dd100000, 0x00000000dd100000| Untracked 
| 444|0x00000000dd200000, 0x00000000dd200000, 0x00000000dd300000|  0%| F|  |TAMS 0x00000000dd200000, 0x00000000dd200000| Untracked 
| 445|0x00000000dd300000, 0x00000000dd300000, 0x00000000dd400000|  0%| F|  |TAMS 0x00000000dd300000, 0x00000000dd300000| Untracked 
| 446|0x00000000dd400000, 0x00000000dd400000, 0x00000000dd500000|  0%| F|  |TAMS 0x00000000dd400000, 0x00000000dd400000| Untracked 
| 447|0x00000000dd500000, 0x00000000dd500000, 0x00000000dd600000|  0%| F|  |TAMS 0x00000000dd500000, 0x00000000dd500000| Untracked 
| 448|0x00000000dd600000, 0x00000000dd600000, 0x00000000dd700000|  0%| F|  |TAMS 0x00000000dd600000, 0x00000000dd600000| Untracked 
| 449|0x00000000dd700000, 0x00000000dd700000, 0x00000000dd800000|  0%| F|  |TAMS 0x00000000dd700000, 0x00000000dd700000| Untracked 
| 450|0x00000000dd800000, 0x00000000dd800000, 0x00000000dd900000|  0%| F|  |TAMS 0x00000000dd800000, 0x00000000dd800000| Untracked 
| 451|0x00000000dd900000, 0x00000000dd900000, 0x00000000dda00000|  0%| F|  |TAMS 0x00000000dd900000, 0x00000000dd900000| Untracked 
| 452|0x00000000dda00000, 0x00000000dda00000, 0x00000000ddb00000|  0%| F|  |TAMS 0x00000000dda00000, 0x00000000dda00000| Untracked 
| 453|0x00000000ddb00000, 0x00000000ddb00000, 0x00000000ddc00000|  0%| F|  |TAMS 0x00000000ddb00000, 0x00000000ddb00000| Untracked 
| 454|0x00000000ddc00000, 0x00000000ddc00000, 0x00000000ddd00000|  0%| F|  |TAMS 0x00000000ddc00000, 0x00000000ddc00000| Untracked 
| 455|0x00000000ddd00000, 0x00000000ddd00000, 0x00000000dde00000|  0%| F|  |TAMS 0x00000000ddd00000, 0x00000000ddd00000| Untracked 
| 456|0x00000000dde00000, 0x00000000dde00000, 0x00000000ddf00000|  0%| F|  |TAMS 0x00000000dde00000, 0x00000000dde00000| Untracked 
| 457|0x00000000ddf00000, 0x00000000ddf00000, 0x00000000de000000|  0%| F|  |TAMS 0x00000000ddf00000, 0x00000000ddf00000| Untracked 
| 458|0x00000000de000000, 0x00000000de000000, 0x00000000de100000|  0%| F|  |TAMS 0x00000000de000000, 0x00000000de000000| Untracked 
| 459|0x00000000de100000, 0x00000000de100000, 0x00000000de200000|  0%| F|  |TAMS 0x00000000de100000, 0x00000000de100000| Untracked 
| 460|0x00000000de200000, 0x00000000de200000, 0x00000000de300000|  0%| F|  |TAMS 0x00000000de200000, 0x00000000de200000| Untracked 
| 461|0x00000000de300000, 0x00000000de300000, 0x00000000de400000|  0%| F|  |TAMS 0x00000000de300000, 0x00000000de300000| Untracked 
| 462|0x00000000de400000, 0x00000000de400000, 0x00000000de500000|  0%| F|  |TAMS 0x00000000de400000, 0x00000000de400000| Untracked 
| 463|0x00000000de500000, 0x00000000de500000, 0x00000000de600000|  0%| F|  |TAMS 0x00000000de500000, 0x00000000de500000| Untracked 
| 464|0x00000000de600000, 0x00000000de600000, 0x00000000de700000|  0%| F|  |TAMS 0x00000000de600000, 0x00000000de600000| Untracked 
| 465|0x00000000de700000, 0x00000000de700000, 0x00000000de800000|  0%| F|  |TAMS 0x00000000de700000, 0x00000000de700000| Untracked 
| 466|0x00000000de800000, 0x00000000de800000, 0x00000000de900000|  0%| F|  |TAMS 0x00000000de800000, 0x00000000de800000| Untracked 
| 467|0x00000000de900000, 0x00000000de900000, 0x00000000dea00000|  0%| F|  |TAMS 0x00000000de900000, 0x00000000de900000| Untracked 
| 468|0x00000000dea00000, 0x00000000dea00000, 0x00000000deb00000|  0%| F|  |TAMS 0x00000000dea00000, 0x00000000dea00000| Untracked 
| 469|0x00000000deb00000, 0x00000000deb00000, 0x00000000dec00000|  0%| F|  |TAMS 0x00000000deb00000, 0x00000000deb00000| Untracked 
| 470|0x00000000dec00000, 0x00000000dec00000, 0x00000000ded00000|  0%| F|  |TAMS 0x00000000dec00000, 0x00000000dec00000| Untracked 
| 471|0x00000000ded00000, 0x00000000ded00000, 0x00000000dee00000|  0%| F|  |TAMS 0x00000000ded00000, 0x00000000ded00000| Untracked 
| 472|0x00000000dee00000, 0x00000000dee00000, 0x00000000def00000|  0%| F|  |TAMS 0x00000000dee00000, 0x00000000dee00000| Untracked 
| 473|0x00000000def00000, 0x00000000def00000, 0x00000000df000000|  0%| F|  |TAMS 0x00000000def00000, 0x00000000def00000| Untracked 
| 474|0x00000000df000000, 0x00000000df000000, 0x00000000df100000|  0%| F|  |TAMS 0x00000000df000000, 0x00000000df000000| Untracked 
| 475|0x00000000df100000, 0x00000000df100000, 0x00000000df200000|  0%| F|  |TAMS 0x00000000df100000, 0x00000000df100000| Untracked 
| 476|0x00000000df200000, 0x00000000df200000, 0x00000000df300000|  0%| F|  |TAMS 0x00000000df200000, 0x00000000df200000| Untracked 
| 477|0x00000000df300000, 0x00000000df300000, 0x00000000df400000|  0%| F|  |TAMS 0x00000000df300000, 0x00000000df300000| Untracked 
| 478|0x00000000df400000, 0x00000000df400000, 0x00000000df500000|  0%| F|  |TAMS 0x00000000df400000, 0x00000000df400000| Untracked 
| 479|0x00000000df500000, 0x00000000df500000, 0x00000000df600000|  0%| F|  |TAMS 0x00000000df500000, 0x00000000df500000| Untracked 
| 480|0x00000000df600000, 0x00000000df600000, 0x00000000df700000|  0%| F|  |TAMS 0x00000000df600000, 0x00000000df600000| Untracked 
| 481|0x00000000df700000, 0x00000000df700000, 0x00000000df800000|  0%| F|  |TAMS 0x00000000df700000, 0x00000000df700000| Untracked 
| 482|0x00000000df800000, 0x00000000df800000, 0x00000000df900000|  0%| F|  |TAMS 0x00000000df800000, 0x00000000df800000| Untracked 
| 483|0x00000000df900000, 0x00000000df900000, 0x00000000dfa00000|  0%| F|  |TAMS 0x00000000df900000, 0x00000000df900000| Untracked 
| 484|0x00000000dfa00000, 0x00000000dfa00000, 0x00000000dfb00000|  0%| F|  |TAMS 0x00000000dfa00000, 0x00000000dfa00000| Untracked 
| 485|0x00000000dfb00000, 0x00000000dfb00000, 0x00000000dfc00000|  0%| F|  |TAMS 0x00000000dfb00000, 0x00000000dfb00000| Untracked 
| 486|0x00000000dfc00000, 0x00000000dfc00000, 0x00000000dfd00000|  0%| F|  |TAMS 0x00000000dfc00000, 0x00000000dfc00000| Untracked 
| 487|0x00000000dfd00000, 0x00000000dfd00000, 0x00000000dfe00000|  0%| F|  |TAMS 0x00000000dfd00000, 0x00000000dfd00000| Untracked 
| 488|0x00000000dfe00000, 0x00000000dfe00000, 0x00000000dff00000|  0%| F|  |TAMS 0x00000000dfe00000, 0x00000000dfe00000| Untracked 
| 489|0x00000000dff00000, 0x00000000dff00000, 0x00000000e0000000|  0%| F|  |TAMS 0x00000000dff00000, 0x00000000dff00000| Untracked 
| 490|0x00000000e0000000, 0x00000000e0000000, 0x00000000e0100000|  0%| F|  |TAMS 0x00000000e0000000, 0x00000000e0000000| Untracked 
| 491|0x00000000e0100000, 0x00000000e0100000, 0x00000000e0200000|  0%| F|  |TAMS 0x00000000e0100000, 0x00000000e0100000| Untracked 
| 492|0x00000000e0200000, 0x00000000e0200000, 0x00000000e0300000|  0%| F|  |TAMS 0x00000000e0200000, 0x00000000e0200000| Untracked 
| 493|0x00000000e0300000, 0x00000000e0300000, 0x00000000e0400000|  0%| F|  |TAMS 0x00000000e0300000, 0x00000000e0300000| Untracked 
| 494|0x00000000e0400000, 0x00000000e0400000, 0x00000000e0500000|  0%| F|  |TAMS 0x00000000e0400000, 0x00000000e0400000| Untracked 
| 495|0x00000000e0500000, 0x00000000e0500000, 0x00000000e0600000|  0%| F|  |TAMS 0x00000000e0500000, 0x00000000e0500000| Untracked 
| 496|0x00000000e0600000, 0x00000000e0600000, 0x00000000e0700000|  0%| F|  |TAMS 0x00000000e0600000, 0x00000000e0600000| Untracked 
| 497|0x00000000e0700000, 0x00000000e0700000, 0x00000000e0800000|  0%| F|  |TAMS 0x00000000e0700000, 0x00000000e0700000| Untracked 
| 498|0x00000000e0800000, 0x00000000e0800000, 0x00000000e0900000|  0%| F|  |TAMS 0x00000000e0800000, 0x00000000e0800000| Untracked 
| 499|0x00000000e0900000, 0x00000000e0900000, 0x00000000e0a00000|  0%| F|  |TAMS 0x00000000e0900000, 0x00000000e0900000| Untracked 
| 500|0x00000000e0a00000, 0x00000000e0a00000, 0x00000000e0b00000|  0%| F|  |TAMS 0x00000000e0a00000, 0x00000000e0a00000| Untracked 
| 501|0x00000000e0b00000, 0x00000000e0b00000, 0x00000000e0c00000|  0%| F|  |TAMS 0x00000000e0b00000, 0x00000000e0b00000| Untracked 
| 502|0x00000000e0c00000, 0x00000000e0c00000, 0x00000000e0d00000|  0%| F|  |TAMS 0x00000000e0c00000, 0x00000000e0c00000| Untracked 
| 503|0x00000000e0d00000, 0x00000000e0d00000, 0x00000000e0e00000|  0%| F|  |TAMS 0x00000000e0d00000, 0x00000000e0d00000| Untracked 
| 504|0x00000000e0e00000, 0x00000000e0ecef98, 0x00000000e0f00000| 80%| E|  |TAMS 0x00000000e0e00000, 0x00000000e0e00000| Complete 
| 505|0x00000000e0f00000, 0x00000000e1000000, 0x00000000e1000000|100%| E|  |TAMS 0x00000000e0f00000, 0x00000000e0f00000| Complete 
| 506|0x00000000e1000000, 0x00000000e1100000, 0x00000000e1100000|100%| E|CS|TAMS 0x00000000e1000000, 0x00000000e1000000| Complete 
| 507|0x00000000e1100000, 0x00000000e1200000, 0x00000000e1200000|100%| E|CS|TAMS 0x00000000e1100000, 0x00000000e1100000| Complete 
| 508|0x00000000e1200000, 0x00000000e1300000, 0x00000000e1300000|100%| E|CS|TAMS 0x00000000e1200000, 0x00000000e1200000| Complete 
| 509|0x00000000e1300000, 0x00000000e1384dc8, 0x00000000e1400000| 51%| S|CS|TAMS 0x00000000e1300000, 0x00000000e1300000| Complete 
| 510|0x00000000e1400000, 0x00000000e1500000, 0x00000000e1500000|100%| E|CS|TAMS 0x00000000e1400000, 0x00000000e1400000| Complete 
| 511|0x00000000e1500000, 0x00000000e1600000, 0x00000000e1600000|100%| E|CS|TAMS 0x00000000e1500000, 0x00000000e1500000| Complete 
| 512|0x00000000e1600000, 0x00000000e1700000, 0x00000000e1700000|100%| E|CS|TAMS 0x00000000e1600000, 0x00000000e1600000| Complete 
| 513|0x00000000e1700000, 0x00000000e1800000, 0x00000000e1800000|100%| E|CS|TAMS 0x00000000e1700000, 0x00000000e1700000| Complete 
| 514|0x00000000e1800000, 0x00000000e1900000, 0x00000000e1900000|100%| E|CS|TAMS 0x00000000e1800000, 0x00000000e1800000| Complete 
| 515|0x00000000e1900000, 0x00000000e1a00000, 0x00000000e1a00000|100%| E|CS|TAMS 0x00000000e1900000, 0x00000000e1900000| Complete 
| 516|0x00000000e1a00000, 0x00000000e1b00000, 0x00000000e1b00000|100%| E|CS|TAMS 0x00000000e1a00000, 0x00000000e1a00000| Complete 
| 517|0x00000000e1b00000, 0x00000000e1c00000, 0x00000000e1c00000|100%| E|CS|TAMS 0x00000000e1b00000, 0x00000000e1b00000| Complete 
| 518|0x00000000e1c00000, 0x00000000e1d00000, 0x00000000e1d00000|100%| E|CS|TAMS 0x00000000e1c00000, 0x00000000e1c00000| Complete 

Card table byte_map: [0x0000026c00200000,0x0000026c00400000] _byte_map_base: 0x0000026bffbf5000

Marking Bits (Prev, Next): (CMBitMap*) 0x0000026c66b14a78, (CMBitMap*) 0x0000026c66b14a38
 Prev Bits: [0x0000026c015b0000, 0x0000026c02558000)
 Next Bits: [0x0000026c00600000, 0x0000026c015a8000)

Polling page: 0x0000026c66bb0000

Metaspace:

Usage:
  Non-class:     21.32 MB capacity,    21.08 MB ( 99%) used,   205.19 KB ( <1%) free+waste,    46.69 KB ( <1%) overhead. 
      Class:      2.78 MB capacity,     2.63 MB ( 95%) used,   128.22 KB (  5%) free+waste,    23.50 KB ( <1%) overhead. 
       Both:     24.10 MB capacity,    23.71 MB ( 98%) used,   333.41 KB (  1%) free+waste,    70.19 KB ( <1%) overhead. 

Virtual space:
  Non-class space:       22.00 MB reserved,      21.50 MB ( 98%) committed 
      Class space:        1.00 GB reserved,       2.88 MB ( <1%) committed 
             Both:        1.02 GB reserved,      24.38 MB (  2%) committed 

Chunk freelists:
   Non-Class:  54.00 KB
       Class:  1.00 KB
        Both:  55.00 KB

MaxMetaspaceSize: 17179869184.00 GB
CompressedClassSpaceSize: 1.00 GB

CodeHeap 'non-profiled nmethods': size=120000Kb used=1429Kb max_used=1429Kb free=118570Kb
 bounds [0x0000026c782a0000, 0x0000026c78510000, 0x0000026c7f7d0000]
CodeHeap 'profiled nmethods': size=120000Kb used=6800Kb max_used=6800Kb free=113199Kb
 bounds [0x0000026c70d70000, 0x0000026c71420000, 0x0000026c782a0000]
CodeHeap 'non-nmethods': size=5760Kb used=1419Kb max_used=1447Kb free=4340Kb
 bounds [0x0000026c707d0000, 0x0000026c70a40000, 0x0000026c70d70000]
 total_blobs=5473 nmethods=3208 adapters=646
 compilation: enabled
              stopped_count=0, restarted_count=0
 full_count=0

Compilation events (20 events):
Event: 25.630 Thread 0x0000026c04b29000 nmethod 3479 0x0000026c713c9d90 code [0x0000026c713ca000, 0x0000026c713cb010]
Event: 25.630 Thread 0x0000026c04b29000 3469       3       java.awt.Container::getMouseEventTarget (50 bytes)
Event: 25.630 Thread 0x0000026c04b29000 nmethod 3469 0x0000026c713cb490 code [0x0000026c713cb660, 0x0000026c713cb9a0]
Event: 25.646 Thread 0x0000026c04b29000 3480       3       sun.awt.image.ByteInterleavedRaster::putByteData (834 bytes)
Event: 25.648 Thread 0x0000026c04b29000 nmethod 3480 0x0000026c713cba90 code [0x0000026c713cbdc0, 0x0000026c713cd530]
Event: 25.648 Thread 0x0000026c04b29000 3481   !   3       sun.awt.image.ImageRepresentation::setPixels (1058 bytes)
Event: 25.654 Thread 0x0000026c04b29000 nmethod 3481 0x0000026c713ce110 code [0x0000026c713ce680, 0x0000026c713d2880]
Event: 25.654 Thread 0x0000026c04b29000 3482       3       sun.awt.image.ImageDecoder::setPixels (58 bytes)
Event: 25.655 Thread 0x0000026c04b29000 nmethod 3482 0x0000026c713d4710 code [0x0000026c713d4900, 0x0000026c713d5210]
Event: 25.697 Thread 0x0000026c04b29000 3484       3       java.awt.Container::insets (42 bytes)
Event: 25.697 Thread 0x0000026c04b29000 nmethod 3484 0x0000026c713d5490 code [0x0000026c713d56a0, 0x0000026c713d5fd0]
Event: 25.697 Thread 0x0000026c04b29000 3485       3       sun.awt.NullComponentPeer::endLayout (1 bytes)
Event: 25.698 Thread 0x0000026c04b29000 nmethod 3485 0x0000026c713d6210 code [0x0000026c713d63a0, 0x0000026c713d6518]
Event: 25.698 Thread 0x0000026c04b29000 3486       3       sun.awt.NullComponentPeer::layout (1 bytes)
Event: 25.698 Thread 0x0000026c04b29000 nmethod 3486 0x0000026c713d6590 code [0x0000026c713d6720, 0x0000026c713d6898]
Event: 25.698 Thread 0x0000026c04b29000 3487       3       javax.swing.SwingUtilities::computeUnion (149 bytes)
Event: 25.698 Thread 0x0000026c04b29000 nmethod 3487 0x0000026c713d6910 code [0x0000026c713d6ac0, 0x0000026c713d6d78]
Event: 25.700 Thread 0x0000026c04b29000 3489       3       java.awt.Component::contains (7 bytes)
Event: 25.700 Thread 0x0000026c04b29000 nmethod 3489 0x0000026c713d6e90 code [0x0000026c713d7040, 0x0000026c713d73b8]
Event: 25.702 Thread 0x0000026c04b29000 3491       3       javax.swing.JComponent::setForeground (42 bytes)

GC Heap History (20 events):
Event: 2.065 GC heap before
{Heap before GC invocations=1 (full 0):
 garbage-first heap   total 65536K, used 13670K [0x00000000c1600000, 0x0000000100000000)
  region size 1024K, 10 young (10240K), 2 survivors (2048K)
 Metaspace       used 9916K, capacity 10116K, committed 10368K, reserved 1058816K
  class space    used 990K, capacity 1079K, committed 1152K, reserved 1048576K
}
Event: 2.072 GC heap after
{Heap after GC invocations=2 (full 0):
 garbage-first heap   total 65536K, used 7312K [0x00000000c1600000, 0x0000000100000000)
  region size 1024K, 2 young (2048K), 2 survivors (2048K)
 Metaspace       used 9916K, capacity 10116K, committed 10368K, reserved 1058816K
  class space    used 990K, capacity 1079K, committed 1152K, reserved 1048576K
}
Event: 4.119 GC heap before
{Heap before GC invocations=2 (full 0):
 garbage-first heap   total 65536K, used 24720K [0x00000000c1600000, 0x0000000100000000)
  region size 1024K, 21 young (21504K), 2 survivors (2048K)
 Metaspace       used 18975K, capacity 19386K, committed 19584K, reserved 1067008K
  class space    used 2157K, capacity 2342K, committed 2432K, reserved 1048576K
}
Event: 4.131 GC heap after
{Heap after GC invocations=3 (full 0):
 garbage-first heap   total 65536K, used 11590K [0x00000000c1600000, 0x0000000100000000)
  region size 1024K, 3 young (3072K), 3 survivors (3072K)
 Metaspace       used 18975K, capacity 19386K, committed 19584K, reserved 1067008K
  class space    used 2157K, capacity 2342K, committed 2432K, reserved 1048576K
}
Event: 4.536 GC heap before
{Heap before GC invocations=4 (full 0):
 garbage-first heap   total 319488K, used 210246K [0x00000000c1600000, 0x0000000100000000)
  region size 1024K, 24 young (24576K), 3 survivors (3072K)
 Metaspace       used 18977K, capacity 19386K, committed 19584K, reserved 1067008K
  class space    used 2157K, capacity 2342K, committed 2432K, reserved 1048576K
}
Event: 4.540 GC heap after
{Heap after GC invocations=5 (full 0):
 garbage-first heap   total 319488K, used 190032K [0x00000000c1600000, 0x0000000100000000)
  region size 1024K, 1 young (1024K), 1 survivors (1024K)
 Metaspace       used 18977K, capacity 19386K, committed 19584K, reserved 1067008K
  class space    used 2157K, capacity 2342K, committed 2432K, reserved 1048576K
}
Event: 4.822 GC heap before
{Heap before GC invocations=5 (full 0):
 garbage-first heap   total 319488K, used 227920K [0x00000000c1600000, 0x0000000100000000)
  region size 1024K, 39 young (39936K), 1 survivors (1024K)
 Metaspace       used 18977K, capacity 19386K, committed 19584K, reserved 1067008K
  class space    used 2157K, capacity 2342K, committed 2432K, reserved 1048576K
}
Event: 4.823 GC heap after
{Heap after GC invocations=6 (full 0):
 garbage-first heap   total 319488K, used 189928K [0x00000000c1600000, 0x0000000100000000)
  region size 1024K, 1 young (1024K), 1 survivors (1024K)
 Metaspace       used 18977K, capacity 19386K, committed 19584K, reserved 1067008K
  class space    used 2157K, capacity 2342K, committed 2432K, reserved 1048576K
}
Event: 5.339 GC heap before
{Heap before GC invocations=7 (full 0):
 garbage-first heap   total 326656K, used 270824K [0x00000000c1600000, 0x0000000100000000)
  region size 1024K, 81 young (82944K), 1 survivors (1024K)
 Metaspace       used 18977K, capacity 19386K, committed 19584K, reserved 1067008K
  class space    used 2157K, capacity 2342K, committed 2432K, reserved 1048576K
}
Event: 5.340 GC heap after
{Heap after GC invocations=8 (full 0):
 garbage-first heap   total 326656K, used 189886K [0x00000000c1600000, 0x0000000100000000)
  region size 1024K, 1 young (1024K), 1 survivors (1024K)
 Metaspace       used 18977K, capacity 19386K, committed 19584K, reserved 1067008K
  class space    used 2157K, capacity 2342K, committed 2432K, reserved 1048576K
}
Event: 10.003 GC heap before
{Heap before GC invocations=8 (full 0):
 garbage-first heap   total 326656K, used 241086K [0x00000000c1600000, 0x0000000100000000)
  region size 1024K, 53 young (54272K), 1 survivors (1024K)
 Metaspace       used 22418K, capacity 22849K, committed 22912K, reserved 1069056K
  class space    used 2514K, capacity 2686K, committed 2688K, reserved 1048576K
}
Event: 10.017 GC heap after
{Heap after GC invocations=9 (full 0):
 garbage-first heap   total 326656K, used 192606K [0x00000000c1600000, 0x0000000100000000)
  region size 1024K, 3 young (3072K), 3 survivors (3072K)
 Metaspace       used 22418K, capacity 22849K, committed 22912K, reserved 1069056K
  class space    used 2514K, capacity 2686K, committed 2688K, reserved 1048576K
}
Event: 10.688 GC heap before
{Heap before GC invocations=10 (full 0):
 garbage-first heap   total 514048K, used 397406K [0x00000000c1600000, 0x0000000100000000)
  region size 1024K, 92 young (94208K), 3 survivors (3072K)
 Metaspace       used 22421K, capacity 22849K, committed 22912K, reserved 1069056K
  class space    used 2514K, capacity 2686K, committed 2688K, reserved 1048576K
}
Event: 10.695 GC heap after
{Heap after GC invocations=11 (full 0):
 garbage-first heap   total 514048K, used 306976K [0x00000000c1600000, 0x0000000100000000)
  region size 1024K, 3 young (3072K), 3 survivors (3072K)
 Metaspace       used 22421K, capacity 22849K, committed 22912K, reserved 1069056K
  class space    used 2514K, capacity 2686K, committed 2688K, reserved 1048576K
}
Event: 11.353 GC heap before
{Heap before GC invocations=11 (full 0):
 garbage-first heap   total 514048K, used 332576K [0x00000000c1600000, 0x0000000100000000)
  region size 1024K, 29 young (29696K), 3 survivors (3072K)
 Metaspace       used 22705K, capacity 23137K, committed 23296K, reserved 1069056K
  class space    used 2547K, capacity 2718K, committed 2816K, reserved 1048576K
}
Event: 11.376 GC heap after
{Heap after GC invocations=12 (full 1):
 garbage-first heap   total 514048K, used 305663K [0x00000000c1600000, 0x0000000100000000)
  region size 1024K, 0 young (0K), 0 survivors (0K)
 Metaspace       used 22705K, capacity 23137K, committed 23296K, reserved 1069056K
  class space    used 2547K, capacity 2718K, committed 2816K, reserved 1048576K
}
Event: 11.444 GC heap before
{Heap before GC invocations=12 (full 1):
 garbage-first heap   total 514048K, used 306687K [0x00000000c1600000, 0x0000000100000000)
  region size 1024K, 2 young (2048K), 0 survivors (0K)
 Metaspace       used 22797K, capacity 23233K, committed 23552K, reserved 1071104K
  class space    used 2559K, capacity 2750K, committed 2816K, reserved 1048576K
}
Event: 11.445 GC heap after
{Heap after GC invocations=13 (full 1):
 garbage-first heap   total 514048K, used 305899K [0x00000000c1600000, 0x0000000100000000)
  region size 1024K, 1 young (1024K), 1 survivors (1024K)
 Metaspace       used 22797K, capacity 23233K, committed 23552K, reserved 1071104K
  class space    used 2559K, capacity 2750K, committed 2816K, reserved 1048576K
}
Event: 11.836 GC heap before
{Heap before GC invocations=14 (full 1):
 garbage-first heap   total 524288K, used 312043K [0x00000000c1600000, 0x0000000100000000)
  region size 1024K, 4 young (4096K), 1 survivors (1024K)
 Metaspace       used 23026K, capacity 23432K, committed 23552K, reserved 1071104K
  class space    used 2579K, capacity 2751K, committed 2816K, reserved 1048576K
}
Event: 11.839 GC heap after
{Heap after GC invocations=15 (full 1):
 garbage-first heap   total 524288K, used 310290K [0x00000000c1600000, 0x0000000100000000)
  region size 1024K, 1 young (1024K), 1 survivors (1024K)
 Metaspace       used 23026K, capacity 23432K, committed 23552K, reserved 1071104K
  class space    used 2579K, capacity 2751K, committed 2816K, reserved 1048576K
}

Deoptimization events (20 events):
Event: 25.621 Thread 0x0000026c07354000 Uncommon trap: trap_request=0xffffffde fr.pc=0x0000026c783f2e40 relative=0x0000000000000360
Event: 25.621 Thread 0x0000026c07354000 Uncommon trap: reason=class_check action=maybe_recompile pc=0x0000026c783f2e40 method=sun.awt.image.ImageWatched$WeakLink.newInfo(Ljava/awt/Image;IIIII)Z @ 25 c2
Event: 25.621 Thread 0x0000026c07354000 DEOPT PACKING pc=0x0000026c783f2e40 sp=0x000000ee8bdfeea0
Event: 25.621 Thread 0x0000026c07354000 DEOPT UNPACKING pc=0x0000026c7081912f sp=0x000000ee8bdfee00 mode 2
Event: 25.622 Thread 0x0000026c07354000 Uncommon trap: trap_request=0xffffffde fr.pc=0x0000026c783f2e40 relative=0x0000000000000360
Event: 25.622 Thread 0x0000026c07354000 Uncommon trap: reason=class_check action=maybe_recompile pc=0x0000026c783f2e40 method=sun.awt.image.ImageWatched$WeakLink.newInfo(Ljava/awt/Image;IIIII)Z @ 25 c2
Event: 25.622 Thread 0x0000026c07354000 DEOPT PACKING pc=0x0000026c783f2e40 sp=0x000000ee8bdfe430
Event: 25.622 Thread 0x0000026c07354000 DEOPT UNPACKING pc=0x0000026c7081912f sp=0x000000ee8bdfe390 mode 2
Event: 25.622 Thread 0x0000026c07354000 Uncommon trap: trap_request=0xffffffde fr.pc=0x0000026c783f2e40 relative=0x0000000000000360
Event: 25.622 Thread 0x0000026c07354000 Uncommon trap: reason=class_check action=maybe_recompile pc=0x0000026c783f2e40 method=sun.awt.image.ImageWatched$WeakLink.newInfo(Ljava/awt/Image;IIIII)Z @ 25 c2
Event: 25.622 Thread 0x0000026c07354000 DEOPT PACKING pc=0x0000026c783f2e40 sp=0x000000ee8bdfe430
Event: 25.622 Thread 0x0000026c07354000 DEOPT UNPACKING pc=0x0000026c7081912f sp=0x000000ee8bdfe390 mode 2
Event: 25.622 Thread 0x0000026c07354000 Uncommon trap: trap_request=0xffffffde fr.pc=0x0000026c782d5088 relative=0x00000000000002a8
Event: 25.622 Thread 0x0000026c07354000 Uncommon trap: reason=class_check action=maybe_recompile pc=0x0000026c782d5088 method=sun.awt.image.ImageWatched$WeakLink.newInfo(Ljava/awt/Image;IIIII)Z @ 25 c2
Event: 25.622 Thread 0x0000026c07354000 DEOPT PACKING pc=0x0000026c782d5088 sp=0x000000ee8bdfe3b0
Event: 25.622 Thread 0x0000026c07354000 DEOPT UNPACKING pc=0x0000026c7081912f sp=0x000000ee8bdfe390 mode 2
Event: 25.697 Thread 0x0000026c07355800 Uncommon trap: trap_request=0xffffffe4 fr.pc=0x0000026c78368728 relative=0x0000000000000088
Event: 25.697 Thread 0x0000026c07355800 Uncommon trap: reason=range_check action=make_not_entrant pc=0x0000026c78368728 method=java.util.Objects.checkIndex(II)I @ 3 c2
Event: 25.697 Thread 0x0000026c07355800 DEOPT PACKING pc=0x0000026c78368728 sp=0x000000ee8c0feda0
Event: 25.697 Thread 0x0000026c07355800 DEOPT UNPACKING pc=0x0000026c7081912f sp=0x000000ee8c0fecc8 mode 2

Classes unloaded (0 events):
No events

Classes redefined (0 events):
No events

Internal exceptions (20 events):
Event: 1.396 Thread 0x0000026c059f0800 Exception <a 'java/lang/NoSuchMethodError'{0x00000000c507e128}: 'void java.lang.invoke.DirectMethodHandle$Holder.invokeStaticInit(java.lang.Object, java.lang.Object)'> (0x00000000c507e128) 
thrown [t:/workspace/open/src/hotspot/share/interpreter/linkResolver.cpp, line 767]
Event: 1.398 Thread 0x0000026c059f0800 Exception <a 'java/lang/NoSuchMethodError'{0x00000000c5083b10}: 'int java.lang.invoke.DirectMethodHandle$Holder.invokeStaticInit(java.lang.Object, java.lang.Object)'> (0x00000000c5083b10) 
thrown [t:/workspace/open/src/hotspot/share/interpreter/linkResolver.cpp, line 767]
Event: 2.009 Thread 0x0000026c059f0800 Exception <a 'java/lang/NoSuchMethodError'{0x00000000c4e81ef0}: 'java.lang.Object java.lang.invoke.DirectMethodHandle$Holder.invokeStaticInit(java.lang.Object, java.lang.Object, int, int, int, int)'> (0x00000000c4e81ef0) 
thrown [t:/workspace/open/src/hotspot/share/interpreter/linkResolver.cpp, line 767]
Event: 2.465 Thread 0x0000026c059f0800 Exception <a 'java/lang/NullPointerException'{0x00000000c54527b8}> (0x00000000c54527b8) 
thrown [t:/workspace/open/src/hotspot/share/interpreter/linkResolver.cpp, line 1349]
Event: 2.465 Thread 0x0000026c059f0800 Exception <a 'java/lang/reflect/InvocationTargetException'{0x00000000c54563e8}> (0x00000000c54563e8) 
thrown [t:/workspace/open/src/hotspot/share/runtime/reflection.cpp, line 1188]
Event: 2.520 Thread 0x0000026c059f0800 Exception <a 'java/lang/NoSuchMethodError'{0x00000000c53ab870}: 'java.lang.Object java.lang.invoke.DirectMethodHandle$Holder.invokeVirtual(java.lang.Object, java.lang.Object, java.lang.Object)'> (0x00000000c53ab870) 
thrown [t:/workspace/open/src/hotspot/share/interpreter/linkResolver.cpp, line 767]
Event: 3.543 Thread 0x0000026c059f0800 Exception <a 'java/lang/NoSuchMethodError'{0x00000000c473c050}: 'java.lang.Object java.lang.invoke.DirectMethodHandle$Holder.invokeStatic(java.lang.Object, int, java.lang.Object, java.lang.Object, java.lang.Object, java.lang.Object)'> (0x00000000c473c050) 
thrown [t:/workspace/open/src/hotspot/share/interpreter/linkResolver.cpp, line 767]
Event: 3.544 Thread 0x0000026c059f0800 Exception <a 'java/lang/NoSuchMethodError'{0x00000000c47429b8}: 'java.lang.Object java.lang.invoke.DirectMethodHandle$Holder.invokeStatic(java.lang.Object, int, java.lang.Object, java.lang.Object, java.lang.Object)'> (0x00000000c47429b8) 
thrown [t:/workspace/open/src/hotspot/share/interpreter/linkResolver.cpp, line 767]
Event: 3.545 Thread 0x0000026c059f0800 Exception <a 'java/lang/NoSuchMethodError'{0x00000000c4746220}: 'java.lang.Object java.lang.invoke.DirectMethodHandle$Holder.invokeSpecial(java.lang.Object, java.lang.Object, int, java.lang.Object, java.lang.Object, java.lang.Object)'> (0x00000000c4746220) 
thrown [t:/workspace/open/src/hotspot/share/interpreter/linkResolver.cpp, line 767]
Event: 3.550 Thread 0x0000026c059f0800 Exception <a 'java/lang/NoSuchMethodError'{0x00000000c475c8b0}: 'java.lang.Object java.lang.invoke.DirectMethodHandle$Holder.invokeStatic(java.lang.Object, int, java.lang.Object)'> (0x00000000c475c8b0) 
thrown [t:/workspace/open/src/hotspot/share/interpreter/linkResolver.cpp, line 767]
Event: 3.585 Thread 0x0000026c059f0800 Exception <a 'java/lang/ClassNotFoundException'{0x00000000c4602d20}: com/sun/swing/internal/plaf/metal/resources/spi/metalProvider> (0x00000000c4602d20) 
thrown [t:/workspace/open/src/hotspot/share/classfile/systemDictionary.cpp, line 232]
Event: 3.587 Thread 0x0000026c059f0800 Exception <a 'java/lang/ClassNotFoundException'{0x00000000c4606dc8}: com/sun/swing/internal/plaf/basic/resources/spi/basicProvider> (0x00000000c4606dc8) 
thrown [t:/workspace/open/src/hotspot/share/classfile/systemDictionary.cpp, line 232]
Event: 3.596 Thread 0x0000026c059f0800 Implicit null exception at 0x0000026c78322905 to 0x0000026c78322b02
Event: 3.596 Thread 0x0000026c059f0800 Implicit null exception at 0x0000026c78314a2f to 0x0000026c78314aad
Event: 3.612 Thread 0x0000026c059f0800 Exception <a 'java/net/UnknownHostException'{0x00000000c4624610}> (0x00000000c4624610) 
thrown [t:/workspace/open/src/hotspot/share/prims/jni.cpp, line 598]
Event: 9.936 Thread 0x0000026c059f0800 Exception <a 'java/lang/NoSuchMethodError'{0x00000000d2332ae0}: 'void java.lang.invoke.DirectMethodHandle$Holder.invokeStaticInit(java.lang.Object)'> (0x00000000d2332ae0) 
thrown [t:/workspace/open/src/hotspot/share/interpreter/linkResolver.cpp, line 767]
Event: 9.975 Thread 0x0000026c059f0800 Exception <a 'java/lang/NoSuchMethodError'{0x00000000d2359660}: 'java.lang.Object java.lang.invoke.Invokers$Holder.linkToTargetMethod(java.lang.Object, int, java.lang.Object)'> (0x00000000d2359660) 
thrown [t:/workspace/open/src/hotspot/share/interpreter/linkResolver.cpp, line 767]
Event: 11.242 Thread 0x0000026c06dc9800 Implicit null exception at 0x0000026c782f6484 to 0x0000026c782f6a0e
Event: 13.097 Thread 0x0000026c06dc9800 Implicit null exception at 0x0000026c782e5f04 to 0x0000026c782e645e
Event: 25.545 Thread 0x0000026c07354000 Exception <a 'java/lang/InterruptedException'{0x00000000e121d918}: sleep interrupted> (0x00000000e121d918) 
thrown [t:/workspace/open/src/hotspot/share/prims/jvm.cpp, line 2966]

Events (20 events):
Event: 25.565 loading class Application/Class$7$1
Event: 25.565 loading class Application/Class$7$1 done
Event: 25.590 Thread 0x0000026c07355000 Thread added: 0x0000026c07355000
Event: 25.590 loading class Application/Class$7$1$1
Event: 25.590 loading class Application/Class$7$1$1 done
Event: 25.591 Executing VM operation: RevokeBias
Event: 25.591 Executing VM operation: RevokeBias done
Event: 25.591 Executing VM operation: RevokeBias
Event: 25.591 Executing VM operation: RevokeBias done
Event: 25.607 Executing VM operation: RevokeBias
Event: 25.608 Executing VM operation: RevokeBias done
Event: 25.608 Thread 0x0000026c07355000 Thread exited: 0x0000026c07355000
Event: 25.622 Executing VM operation: RevokeBias
Event: 25.622 Executing VM operation: RevokeBias done
Event: 25.629 loading class Application/Group$5
Event: 25.629 loading class Application/Group$5 done
Event: 25.695 loading class sideInformation/ClassInfo
Event: 25.695 loading class sideInformation/ClassInfo done
Event: 25.696 Thread 0x0000026c07355800 Thread added: 0x0000026c07355800
Event: 25.703 Executing VM operation: BulkRevokeBias


Dynamic libraries:
0x00007ff6dc1c0000 - 0x00007ff6dc1cf000 	C:\Program Files\Java\jdk-13.0.2\bin\javaw.exe
0x00007ffca9400000 - 0x00007ffca95f0000 	C:\Windows\SYSTEM32\ntdll.dll
0x00007ffca8d00000 - 0x00007ffca8db2000 	C:\Windows\System32\KERNEL32.DLL
0x00007ffca70d0000 - 0x00007ffca7375000 	C:\Windows\System32\KERNELBASE.dll
0x00007ffca6500000 - 0x00007ffca65fa000 	C:\Windows\System32\ucrtbase.dll
0x00007ffc9ee50000 - 0x00007ffc9ee65000 	C:\Program Files\Java\jdk-13.0.2\bin\VCRUNTIME140.dll
0x00007ffc9c960000 - 0x00007ffc9c978000 	C:\Program Files\Java\jdk-13.0.2\bin\jli.dll
0x00007ffca7ea0000 - 0x00007ffca7f43000 	C:\Windows\System32\ADVAPI32.dll
0x00007ffca8ab0000 - 0x00007ffca8b4e000 	C:\Windows\System32\msvcrt.dll
0x00007ffca9280000 - 0x00007ffca9317000 	C:\Windows\System32\sechost.dll
0x00007ffca75c0000 - 0x00007ffca76df000 	C:\Windows\System32\RPCRT4.dll
0x00007ffca9050000 - 0x00007ffca91e4000 	C:\Windows\System32\USER32.dll
0x00007ffca7380000 - 0x00007ffca73a1000 	C:\Windows\System32\win32u.dll
0x00007ffc97860000 - 0x00007ffc97ae4000 	C:\Windows\WinSxS\amd64_microsoft.windows.common-controls_6595b64144ccf1df_6.0.18362.1556_none_9e7e372fe45e41d5\COMCTL32.dll
0x00007ffca91f0000 - 0x00007ffca9216000 	C:\Windows\System32\GDI32.dll
0x00007ffca6f30000 - 0x00007ffca70c8000 	C:\Windows\System32\gdi32full.dll
0x00007ffca76e0000 - 0x00007ffca7a16000 	C:\Windows\System32\combase.dll
0x00007ffca6650000 - 0x00007ffca66ee000 	C:\Windows\System32\msvcp_win.dll
0x00007ffca6ea0000 - 0x00007ffca6f21000 	C:\Windows\System32\bcryptPrimitives.dll
0x00007ffc97ce0000 - 0x00007ffc97cea000 	C:\Windows\SYSTEM32\VERSION.dll
0x00007ffca8240000 - 0x00007ffca826e000 	C:\Windows\System32\IMM32.DLL
0x00007ffc89e90000 - 0x00007ffc89f2b000 	C:\Program Files\Java\jdk-13.0.2\bin\msvcp140.dll
0x00007ffc6e3d0000 - 0x00007ffc6ef2d000 	C:\Program Files\Java\jdk-13.0.2\bin\server\jvm.dll
0x00007ffca8dc0000 - 0x00007ffca8dc8000 	C:\Windows\System32\PSAPI.DLL
0x00007ffca2aa0000 - 0x00007ffca2aa9000 	C:\Windows\SYSTEM32\WSOCK32.dll
0x00007ffca4380000 - 0x00007ffca43a4000 	C:\Windows\SYSTEM32\WINMM.dll
0x00007ffca9320000 - 0x00007ffca938f000 	C:\Windows\System32\WS2_32.dll
0x00007ffca4350000 - 0x00007ffca437d000 	C:\Windows\SYSTEM32\winmmbase.dll
0x00007ffca6600000 - 0x00007ffca664a000 	C:\Windows\System32\cfgmgr32.dll
0x00007ffca6320000 - 0x00007ffca6331000 	C:\Windows\System32\kernel.appcore.dll
0x00007ffc9ee40000 - 0x00007ffc9ee50000 	C:\Program Files\Java\jdk-13.0.2\bin\verify.dll
0x00007ffc971c0000 - 0x00007ffc973b4000 	C:\Windows\SYSTEM32\DBGHELP.DLL
0x00007ffc97190000 - 0x00007ffc971ba000 	C:\Windows\SYSTEM32\dbgcore.DLL
0x00007ffc9af60000 - 0x00007ffc9af86000 	C:\Program Files\Java\jdk-13.0.2\bin\java.dll
0x00007ffc9c920000 - 0x00007ffc9c937000 	C:\Program Files\Java\jdk-13.0.2\bin\zip.dll
0x00007ffc9c900000 - 0x00007ffc9c90a000 	C:\Program Files\Java\jdk-13.0.2\bin\jimage.dll
0x00007ffca83a0000 - 0x00007ffca8a87000 	C:\Windows\System32\SHELL32.dll
0x00007ffca8130000 - 0x00007ffca81d8000 	C:\Windows\System32\shcore.dll
0x00007ffca66f0000 - 0x00007ffca6e6b000 	C:\Windows\System32\windows.storage.dll
0x00007ffca62e0000 - 0x00007ffca62fe000 	C:\Windows\System32\profapi.dll
0x00007ffca6290000 - 0x00007ffca62da000 	C:\Windows\System32\powrprof.dll
0x00007ffca6280000 - 0x00007ffca6290000 	C:\Windows\System32\UMPDC.dll
0x00007ffca81e0000 - 0x00007ffca8232000 	C:\Windows\System32\shlwapi.dll
0x00007ffca73b0000 - 0x00007ffca73c7000 	C:\Windows\System32\cryptsp.dll
0x00007ffc9b170000 - 0x00007ffc9b189000 	C:\Program Files\Java\jdk-13.0.2\bin\net.dll
0x00007ffc9c620000 - 0x00007ffc9c71a000 	C:\Windows\SYSTEM32\WINHTTP.dll
0x00007ffca5ac0000 - 0x00007ffca5b27000 	C:\Windows\system32\mswsock.dll
0x00007ffc9aef0000 - 0x00007ffc9af03000 	C:\Program Files\Java\jdk-13.0.2\bin\nio.dll
0x00007ffc75f60000 - 0x00007ffc760f9000 	C:\Program Files\Java\jdk-13.0.2\bin\awt.dll
0x00007ffca74f0000 - 0x00007ffca75b5000 	C:\Windows\System32\OLEAUT32.dll
0x00007ffca4150000 - 0x00007ffca41df000 	C:\Windows\SYSTEM32\apphelp.dll
0x00007ffca4570000 - 0x00007ffca4609000 	C:\Windows\system32\uxtheme.dll
0x00007ffca8f10000 - 0x00007ffca9045000 	C:\Windows\System32\MSCTF.dll
0x00007ffca7f50000 - 0x00007ffca80a7000 	C:\Windows\System32\ole32.dll
0x00007ffca5810000 - 0x00007ffca58db000 	C:\Windows\SYSTEM32\DNSAPI.dll
0x00007ffca7a20000 - 0x00007ffca7a28000 	C:\Windows\System32\NSI.dll
0x00007ffca57d0000 - 0x00007ffca580a000 	C:\Windows\SYSTEM32\IPHLPAPI.DLL
0x00007ffc9bea0000 - 0x00007ffc9beaa000 	C:\Windows\System32\rasadhlp.dll
0x00007ffc9cdb0000 - 0x00007ffc9ce27000 	C:\Windows\System32\fwpuclnt.dll
0x00007ffca6e70000 - 0x00007ffca6e96000 	C:\Windows\System32\bcrypt.dll
0x00007ffc8de20000 - 0x00007ffc8de45000 	C:\Program Files\Java\jdk-13.0.2\bin\sunec.dll
0x00007ffca5640000 - 0x00007ffca5673000 	C:\Windows\system32\rsaenh.dll
0x00007ffca6170000 - 0x00007ffca6195000 	C:\Windows\SYSTEM32\USERENV.dll
0x00007ffca5c90000 - 0x00007ffca5c9c000 	C:\Windows\SYSTEM32\CRYPTBASE.dll
0x00007ffc9d340000 - 0x00007ffc9d356000 	C:\Windows\SYSTEM32\dhcpcsvc6.DLL
0x00007ffc9d410000 - 0x00007ffc9d42c000 	C:\Windows\SYSTEM32\dhcpcsvc.DLL
0x00007ffc9ce90000 - 0x00007ffc9ce9e000 	C:\Program Files\Java\jdk-13.0.2\bin\sunmscapi.dll
0x00007ffca63a0000 - 0x00007ffca64f1000 	C:\Windows\System32\CRYPT32.dll
0x00007ffca6300000 - 0x00007ffca6312000 	C:\Windows\System32\MSASN1.dll
0x00007ffca5da0000 - 0x00007ffca5dc6000 	C:\Windows\SYSTEM32\ncrypt.dll
0x00007ffca5d60000 - 0x00007ffca5d9b000 	C:\Windows\SYSTEM32\NTASN1.dll
0x00007ffca4670000 - 0x00007ffca469d000 	C:\Windows\system32\DWMAPI.DLL
0x00007ffc75e00000 - 0x00007ffc75f56000 	C:\Windows\system32\opengl32.dll
0x00007ffc89fd0000 - 0x00007ffc89ffc000 	C:\Windows\SYSTEM32\GLU32.dll
0x00007ffca4ec0000 - 0x00007ffca4ee0000 	C:\Windows\SYSTEM32\dxcore.dll
0x00007ffc89e60000 - 0x00007ffc89e8d000 	C:\Program Files\Java\jdk-13.0.2\bin\javajpeg.dll
0x00007ffc7a480000 - 0x00007ffc7a502000 	C:\Program Files\Java\jdk-13.0.2\bin\freetype.dll
0x00007ffc781e0000 - 0x00007ffc78286000 	C:\Program Files\Java\jdk-13.0.2\bin\fontmanager.dll
0x00007ffca8270000 - 0x00007ffca8312000 	C:\Windows\System32\clbcatq.dll
0x00007ffca0bd0000 - 0x00007ffca0d7f000 	C:\Windows\SYSTEM32\WindowsCodecs.dll
0x00007ffc89da0000 - 0x00007ffc89ddb000 	C:\Windows\system32\dataexchange.dll
0x00007ffca3960000 - 0x00007ffca3b3d000 	C:\Windows\system32\dcomp.dll
0x00007ffca32a0000 - 0x00007ffca34fb000 	C:\Windows\system32\d3d11.dll
0x00007ffca4f50000 - 0x00007ffca503b000 	C:\Windows\system32\dxgi.dll
0x00007ffca47a0000 - 0x00007ffca49fa000 	C:\Windows\system32\twinapi.appcore.dll
0x00007ffca4bb0000 - 0x00007ffca4bd9000 	C:\Windows\system32\RMCLIENT.dll
0x00007ffc9a9a0000 - 0x00007ffc9aa3b000 	C:\Windows\System32\TextInputFramework.dll
0x00007ffca0ff0000 - 0x00007ffca131a000 	C:\Windows\System32\CoreUIComponents.dll
0x00007ffca2c00000 - 0x00007ffca2cd4000 	C:\Windows\System32\CoreMessaging.dll
0x00007ffca52c0000 - 0x00007ffca52f1000 	C:\Windows\SYSTEM32\ntmarta.dll
0x00007ffca1eb0000 - 0x00007ffca2002000 	C:\Windows\SYSTEM32\wintypes.dll
0x00007ffc994a0000 - 0x00007ffc99747000 	C:\Windows\System32\iertutil.dll

dbghelp: loaded successfully - version: 4.0.5 - missing functions: none
symbol engine: initialized successfully - sym options: 0x614 - pdb path: .;C:\Program Files\Java\jdk-13.0.2\bin;C:\Windows\SYSTEM32;C:\Windows\WinSxS\amd64_microsoft.windows.common-controls_6595b64144ccf1df_6.0.18362.1556_none_9e7e372fe45e41d5;C:\Program Files\Java\jdk-13.0.2\bin\server

VM Arguments:
jvm_args: -Dfile.encoding=Cp1252 
java_command: Application.Home
java_class_path (initial): C:\Users\User\git\bakame\DriveOperations\target\classes;C:\Users\User\Desktop\Libraries\jgoodies-common-1.8.0.jar;C:\Users\User\Desktop\Libraries\jgoodies-forms-1.8.0.jar;C:\Users\User\Desktop\Libraries\miglayout15-swing.jar;C:\Users\User\Downloads\javax.mail.jar;C:\Users\User\Downloads\activation-1.1.1.jar;C:\Users\User\Downloads\jcalendar-1.4.jar;C:\Users\User\Downloads\jfreechart-1.0.19\lib\jcommon-1.0.23.jar;C:\Users\User\Downloads\jfreechart-1.0.19\lib\jfreechart-1.0.19.jar;C:\Users\User\Downloads\commons-net-3.8.0\commons-net-3.8.0.jar;C:\Users\User\Documents\Libs\comm-2.0.jar;C:\Users\User\Documents\Libs\http-2.2.1.jar;C:\Users\User\Downloads\JTattoo-1.6.13.jar;C:\Users\User\Desktop\Libs\jmespath-java-1.11.470.jar;C:\Users\User\Desktop\Libs\aws-java-sdk-core-1.12.65.jar;C:\Users\User\Desktop\Libs\aws-java-sdk-kms-1.12.65.jar;C:\Users\User\Desktop\Libs\aws-java-sdk-s3-1.12.65.jar;C:\Users\User\Desktop\Libs\commons-codec-1.15.jar;C:\Users\User\Desktop\Libs\commons-logging-1.1.3.jar;C:\Users\User\Desktop\Libs\httpclient-4.5.13.jar;C:\Users\User\Desktop\Libs\ion-java-1.0.2.jar;C:\Users\User\Desktop\Libs\jackson-annotations-2.12.3.jar;C:\Users\User\Desktop\Libs\jackson-core-2.12.3.jar;C:\Users\User\Desktop\Libs\jackson-databind-2.12.3.jar;C:\Users\User\Desktop\Libs\jackson-dataformat-cbor-2.12.3.jar;C:\Users\User\Desktop\Libs\jmespath-java-1.12.65.jar;C:\Users\User\Desktop\Libs\joda-time-2.8.1.jar;C:\Users\User\Desktop\Libs\mysql-connector-java-5.1.45.jar;C:\Users\User\.m2\repository\com\amazonaws\aws-java-sdk-s3\1.12.65\aws-java-sdk-s3-1.12.65.jar;C:\Users\User\.m2\repository\com\amazonaws\aws-java-sdk-kms\1.12.65\aws-java-sdk-kms-1.12.65.jar;C:\Users\User\.m2\repository\com\amazonaws\aws-java-sdk-core\1.12.65\aws-java-sdk-core-1.12.65.jar;C:\Users\User\.m2\repository\commons-logging\commons-logging\1.1.3\commons-logging-1.1.3.jar;C:\Users\User\.m2\repository\commons-codec\commons-codec\1.15\commons-codec-1.15.jar;C:\Users\User\.m2\re
Launcher Type: SUN_STANDARD

[Global flags]
     intx CICompilerCount                          = 3                                         {product} {ergonomic}
     uint ConcGCThreads                            = 1                                         {product} {ergonomic}
     uint G1ConcRefinementThreads                  = 4                                         {product} {ergonomic}
   size_t G1HeapRegionSize                         = 1048576                                   {product} {ergonomic}
    uintx GCDrainStackTargetSize                   = 64                                        {product} {ergonomic}
   size_t InitialHeapSize                          = 67108864                                  {product} {ergonomic}
   size_t MarkStackSize                            = 4194304                                   {product} {ergonomic}
   size_t MaxHeapSize                              = 1050673152                                {product} {ergonomic}
   size_t MaxNewSize                               = 630194176                                 {product} {ergonomic}
   size_t MinHeapDeltaBytes                        = 1048576                                   {product} {ergonomic}
   size_t MinHeapSize                              = 8388608                                   {product} {ergonomic}
    uintx NonNMethodCodeHeapSize                   = 5832780                                {pd product} {ergonomic}
    uintx NonProfiledCodeHeapSize                  = 122912730                              {pd product} {ergonomic}
    uintx ProfiledCodeHeapSize                     = 122912730                              {pd product} {ergonomic}
    uintx ReservedCodeCacheSize                    = 251658240                              {pd product} {ergonomic}
     bool SegmentedCodeCache                       = true                                      {product} {ergonomic}
   size_t SoftMaxHeapSize                          = 1050673152                             {manageable} {ergonomic}
     bool UseCompressedClassPointers               = true                                 {lp64_product} {ergonomic}
     bool UseCompressedOops                        = true                                 {lp64_product} {ergonomic}
     bool UseG1GC                                  = true                                      {product} {ergonomic}
     bool UseLargePagesIndividualAllocation        = false                                  {pd product} {ergonomic}

Logging:
Log output configuration:
 #0: stdout all=warning uptime,level,tags
 #1: stderr all=off uptime,level,tags

Environment Variables:
JAVA_HOME=C:\Program Files (x86)\Java\jre1.8.0_241
PATH=C:\Program Files\Java\jdk-13.0.2\bin;C:\Program Files (x86)\Common Files\Oracle\Java\javapath;C:\Windows\system32;C:\Windows;C:\Windows\System32\Wbem;C:\Windows\System32\WindowsPowerShell\v1.0\;C:\Windows\System32\OpenSSH\;C:\Program Files (x86)\apache-maven-3.8.1\bin;C:\Program Files (x86)\gradle-7.1.1\bin;C:\Users\User\Documents\Setup logiciels\mongosh-1.1.2-win32-x64\bin;C:\Program Files\Git\cmd;C:\Program Files\MySQL\MySQL Shell 8.0\bin\;C:\Users\User\AppData\Local\Microsoft\WindowsApps;C:\Users\User\AppData\Local\Programs\Microsoft VS Code\bin;C:\Program Files (x86)\gradle-7.1.1\bin;C:\Users\User\Downloads\platform-tools;C:\Users\User\Documents\Setup logiciels\mongosh-1.1.2-win32-x64\bin;C:\Users\User\AppData\Local\GitHubDesktop\bin;C:\Program Files\JetBrains\IntelliJ IDEA 2022.1.1\bin;
USERNAME=User
OS=Windows_NT
PROCESSOR_IDENTIFIER=Intel64 Family 6 Model 42 Stepping 7, GenuineIntel



---------------  S Y S T E M  ---------------

OS: Windows 10 , 64 bit Build 18362 (10.0.18362.1500)

CPU:total 4 (initial active 4) (2 cores per cpu, 2 threads per core) family 6 model 42 stepping 7, cmov, cx8, fxsr, mmx, sse, sse2, sse3, ssse3, sse4.1, sse4.2, popcnt, avx, aes, clmul, ht, tsc, tscinvbit

Memory: 4k page, system-wide physical 4006M (417M free)
TotalPageFile size 16294M (AvailPageFile size 0M)
current process WorkingSet (physical memory assigned to process): 552M, peak: 553M
current process commit charge ("private bytes"): 663M, peak: 665M

vm_info: Java HotSpot(TM) 64-Bit Server VM (13.0.2+8) for windows-amd64 JRE (13.0.2+8), built on Dec 11 2019 09:20:33 by "mach5one" with unknown MS VC++:1916

END.
