#
# There is insufficient memory for the Java Runtime Environment to continue.
# Native memory allocation (mmap) failed to map 73400320 bytes for Failed to commit area from 0x00000000dcb00000 to 0x00000000e1100000 of length 73400320.
# Possible reasons:
#   The system is out of physical RAM or swap space
#   The process is running with CompressedOops enabled, and the Java Heap may be blocking the growth of the native heap
# Possible solutions:
#   Reduce memory load on the system
#   Increase physical memory or swap space
#   Check if swap backing store is full
#   Decrease Java heap size (-Xmx/-Xms)
#   Decrease number of Java threads
#   Decrease Java thread stack sizes (-Xss)
#   Set larger code cache with -XX:ReservedCodeCacheSize=
#   JVM is running with Unscaled Compressed Oops mode in which the Java heap is
#     placed in the first 4GB address space. The Java Heap base address is the
#     maximum limit for the native heap growth. Please use -XX:HeapBaseMinAddress
#     to set the Java Heap base and to place the Java Heap above 4GB virtual address.
# This output file may be truncated or incomplete.
#
#  Out of Memory Error (t:/workspace/open/src/hotspot/os/windows/os_windows.cpp:3301), pid=10120, tid=5368
#
# JRE version: Java(TM) SE Runtime Environment (13.0.2+8) (build 13.0.2+8)
# Java VM: Java HotSpot(TM) 64-Bit Server VM (13.0.2+8, mixed mode, sharing, tiered, compressed oops, g1 gc, windows-amd64)
# No core dump will be written. Minidumps are not enabled by default on client versions of Windows
#

---------------  S U M M A R Y ------------

Command Line: -Dfile.encoding=Cp1252 accounts.Login

Host: Intel(R) Core(TM) i5-2520M CPU @ 2.50GHz, 4 cores, 3G,  Windows 10 , 64 bit Build 18362 (10.0.18362.1500)
Time: Thu Jun 30 18:05:43 2022 Afrique de l?Est elapsed time: 16 seconds (0d 0h 0m 16s)

---------------  T H R E A D  ---------------

Current thread (0x000001c1e3c46800):  VMThread "VM Thread" [stack: 0x0000004891700000,0x0000004891800000] [id=5368]

Stack: [0x0000004891700000,0x0000004891800000]
[error occurred during error reporting (printing stack bounds), id 0xc0000005, EXCEPTION_ACCESS_VIOLATION (0xc0000005) at pc=0x000001c1d01510ad]

Native frames: (J=compiled Java code, j=interpreted, Vv=VM code, C=native code)
V  [jvm.dll+0x624f9a]
V  [jvm.dll+0x770cfa]
V  [jvm.dll+0x7724af]
V  [jvm.dll+0x772a15]
V  [jvm.dll+0x7729cb]
V  [jvm.dll+0x6244df]
C  [ntdll.dll+0x790b6]
C  [ntdll.dll+0x6a926]
C  [ntdll.dll+0xa0c6e]
C  0x000001c1d01510ad

VM_Operation (0x00000048913ffb70): G1Concurrent, mode: safepoint, requested by thread 0x000001c1c7c8b000


---------------  P R O C E S S  ---------------

Threads class SMR info:
_java_thread_list=0x000001c1e5c32560, length=22, elements={
0x000001c1e3c49800, 0x000001c1e3c4f000, 0x000001c1e3c6b000, 0x000001c1e3c6d000,
0x000001c1e3c70000, 0x000001c1e3c76000, 0x000001c1e3c7f800, 0x000001c1e46a8800,
0x000001c1e46b3000, 0x000001c1e4afc800, 0x000001c1e4aff000, 0x000001c1e4b00800,
0x000001c1e4b26000, 0x000001c1c5afe800, 0x000001c1e57b4000, 0x000001c1e5173800,
0x000001c1e5be9800, 0x000001c1e3cde800, 0x000001c1e3cda000, 0x000001c1e3ce1000,
0x000001c1e3cdc000, 0x000001c1e4d90000
}

Java Threads: ( => current thread )
  0x000001c1e3c49800 JavaThread "Reference Handler" daemon [_thread_blocked, id=11920, stack(0x0000004891800000,0x0000004891900000)]
  0x000001c1e3c4f000 JavaThread "Finalizer" daemon [_thread_blocked, id=264, stack(0x0000004891900000,0x0000004891a00000)]
  0x000001c1e3c6b000 JavaThread "Signal Dispatcher" daemon [_thread_blocked, id=7520, stack(0x0000004891a00000,0x0000004891b00000)]
  0x000001c1e3c6d000 JavaThread "Attach Listener" daemon [_thread_blocked, id=4456, stack(0x0000004891b00000,0x0000004891c00000)]
  0x000001c1e3c70000 JavaThread "C2 CompilerThread0" daemon [_thread_blocked, id=11452, stack(0x0000004891c00000,0x0000004891d00000)]
  0x000001c1e3c76000 JavaThread "C1 CompilerThread0" daemon [_thread_blocked, id=6224, stack(0x0000004891d00000,0x0000004891e00000)]
  0x000001c1e3c7f800 JavaThread "Sweeper thread" daemon [_thread_blocked, id=9348, stack(0x0000004891e00000,0x0000004891f00000)]
  0x000001c1e46a8800 JavaThread "Service Thread" daemon [_thread_blocked, id=3264, stack(0x0000004891f00000,0x0000004892000000)]
  0x000001c1e46b3000 JavaThread "Common-Cleaner" daemon [_thread_blocked, id=4636, stack(0x0000004892100000,0x0000004892200000)]
  0x000001c1e4afc800 JavaThread "Java2D Disposer" daemon [_thread_blocked, id=8856, stack(0x0000004892200000,0x0000004892300000)]
  0x000001c1e4aff000 JavaThread "AWT-Shutdown" [_thread_blocked, id=9696, stack(0x0000004892300000,0x0000004892400000)]
  0x000001c1e4b00800 JavaThread "AWT-Windows" daemon [_thread_in_native, id=1272, stack(0x0000004892400000,0x0000004892500000)]
  0x000001c1e4b26000 JavaThread "AWT-EventQueue-0" [_thread_blocked, id=1864, stack(0x0000004892500000,0x0000004892600000)]
  0x000001c1c5afe800 JavaThread "DestroyJavaVM" [_thread_blocked, id=7896, stack(0x0000004891100000,0x0000004891200000)]
  0x000001c1e57b4000 JavaThread "Abandoned connection cleanup thread" daemon [_thread_blocked, id=320, stack(0x0000004892700000,0x0000004892800000)]
  0x000001c1e5173800 JavaThread "mysql-cj-abandoned-connection-cleanup" daemon [_thread_blocked, id=10944, stack(0x0000004892800000,0x0000004892900000)]
  0x000001c1e5be9800 JavaThread "TimerQueue" daemon [_thread_blocked, id=7252, stack(0x0000004893100000,0x0000004893200000)]
  0x000001c1e3cde800 JavaThread "Image Animator 3" daemon [_thread_blocked, id=6620, stack(0x0000004892600000,0x0000004892700000)]
  0x000001c1e3cda000 JavaThread "Thread-0" [_thread_blocked, id=8960, stack(0x0000004892d00000,0x0000004892e00000)]
  0x000001c1e3ce1000 JavaThread "Image Fetcher 0" daemon [_thread_blocked, id=9020, stack(0x0000004893200000,0x0000004893300000)]
  0x000001c1e3cdc000 JavaThread "Image Fetcher 1" daemon [_thread_blocked, id=3120, stack(0x0000004893400000,0x0000004893500000)]
  0x000001c1e4d90000 JavaThread "C2 CompilerThread1" daemon [_thread_blocked, id=7076, stack(0x0000004893300000,0x0000004893400000)]

Other Threads:
=>0x000001c1e3c46800 VMThread "VM Thread" [stack: 0x0000004891700000,0x0000004891800000] [id=5368]
  0x000001c1e46ae800 WatcherThread [stack: 0x0000004892000000,0x0000004892100000] [id=1576]
  0x000001c1c7c81000 GCTaskThread "GC Thread#0" [stack: 0x0000004891200000,0x0000004891300000] [id=1228]
  0x000001c1e5841000 GCTaskThread "GC Thread#1" [stack: 0x0000004892900000,0x0000004892a00000] [id=7580]
  0x000001c1e5841800 GCTaskThread "GC Thread#2" [stack: 0x0000004892a00000,0x0000004892b00000] [id=2184]
  0x000001c1e5842800 GCTaskThread "GC Thread#3" [stack: 0x0000004892b00000,0x0000004892c00000] [id=10432]
  0x000001c1c7c8b000 ConcurrentGCThread "G1 Main Marker" [stack: 0x0000004891300000,0x0000004891400000] [id=1596]
  0x000001c1c7c8d000 ConcurrentGCThread "G1 Conc#0" [stack: 0x0000004891400000,0x0000004891500000] [id=10144]
  0x000001c1c7ce3000 ConcurrentGCThread "G1 Refine#0" [stack: 0x0000004891500000,0x0000004891600000] [id=10984]
  0x000001c1e488c800 ConcurrentGCThread "G1 Refine#1" [stack: 0x0000004892c00000,0x0000004892d00000] [id=11404]
  0x000001c1c7ce5000 ConcurrentGCThread "G1 Young RemSet Sampling" [stack: 0x0000004891600000,0x0000004891700000] [id=5016]

Threads with active compile tasks:
C2 CompilerThread0    16458 3155 % !   4       sun.awt.image.PNGImageDecoder::produceImage @ 960 (1917 bytes)
C2 CompilerThread1    16458 3138       4       javax.swing.text.html.StyleSheet$SmallConversionSet::getAttribute (58 bytes)

VM state:at safepoint (normal execution)

VM Mutex/Monitor currently owned by a thread:  ([mutex/lock_event])
[0x000001c1c7c4fdf0] Threads_lock - owner thread: 0x000001c1e3c46800
[0x000001c1c7c4fa00] Heap_lock - owner thread: 0x000001c1c7c8b000

Heap address: 0x00000000c1600000, size: 1002 MB, Compressed Oops mode: 32-bit
Narrow klass base: 0x0000000800000000, Narrow klass shift: 3
Compressed class space size: 1073741824 Address: 0x0000000800b40000

Heap:
 garbage-first heap   total 519168K, used 309748K [0x00000000c1600000, 0x0000000100000000)
  region size 1024K, 3 young (3072K), 2 survivors (2048K)
 Metaspace       used 23777K, capacity 24212K, committed 24320K, reserved 1071104K
  class space    used 2583K, capacity 2768K, committed 2816K, reserved 1048576K
Heap Regions: E=young(eden), S=young(survivor), O=old, HS=humongous(starts), HC=humongous(continues), CS=collection set, F=free, A=archive, TAMS=top-at-mark-start (previous, next)
|   0|0x00000000c1600000, 0x00000000c1700000, 0x00000000c1700000|100%| O|  |TAMS 0x00000000c1700000, 0x00000000c1600000| Updating 
|   1|0x00000000c1700000, 0x00000000c1800000, 0x00000000c1800000|100%| O|  |TAMS 0x00000000c1800000, 0x00000000c1700000| Updating 
|   2|0x00000000c1800000, 0x00000000c1900000, 0x00000000c1900000|100%| O|  |TAMS 0x00000000c1900000, 0x00000000c1800000| Updating 
|   3|0x00000000c1900000, 0x00000000c1a00000, 0x00000000c1a00000|100%| O|  |TAMS 0x00000000c1a00000, 0x00000000c1900000| Updating 
|   4|0x00000000c1a00000, 0x00000000c1b00000, 0x00000000c1b00000|100%| O|  |TAMS 0x00000000c1b00000, 0x00000000c1a00000| Updating 
|   5|0x00000000c1b00000, 0x00000000c1c00000, 0x00000000c1c00000|100%| O|  |TAMS 0x00000000c1c00000, 0x00000000c1b00000| Updating 
|   6|0x00000000c1c00000, 0x00000000c1d00000, 0x00000000c1d00000|100%| O|  |TAMS 0x00000000c1d00000, 0x00000000c1c00000| Updating 
|   7|0x00000000c1d00000, 0x00000000c1e00000, 0x00000000c1e00000|100%|HS|  |TAMS 0x00000000c1e00000, 0x00000000c1d00000| Complete 
|   8|0x00000000c1e00000, 0x00000000c1f00000, 0x00000000c1f00000|100%| O|  |TAMS 0x00000000c1f00000, 0x00000000c1e00000| Updating 
|   9|0x00000000c1f00000, 0x00000000c2000000, 0x00000000c2000000|100%| O|  |TAMS 0x00000000c2000000, 0x00000000c1f00000| Updating 
|  10|0x00000000c2000000, 0x00000000c20eaa00, 0x00000000c2100000| 91%| O|  |TAMS 0x00000000c20eaa00, 0x00000000c2000000| Updating 
|  11|0x00000000c2100000, 0x00000000c2200000, 0x00000000c2200000|100%| O|  |TAMS 0x00000000c2200000, 0x00000000c2100000| Updating 
|  12|0x00000000c2200000, 0x00000000c2300000, 0x00000000c2300000|100%| O|  |TAMS 0x00000000c2300000, 0x00000000c2200000| Updating 
|  13|0x00000000c2300000, 0x00000000c2400000, 0x00000000c2400000|100%| O|  |TAMS 0x00000000c2400000, 0x00000000c2300000| Updating 
|  14|0x00000000c2400000, 0x00000000c2500000, 0x00000000c2500000|100%| O|  |TAMS 0x00000000c2500000, 0x00000000c2400000| Updating 
|  15|0x00000000c2500000, 0x00000000c2500000, 0x00000000c2600000|  0%| F|  |TAMS 0x00000000c2500000, 0x00000000c2500000| Untracked 
|  16|0x00000000c2600000, 0x00000000c2600000, 0x00000000c2700000|  0%| F|  |TAMS 0x00000000c2600000, 0x00000000c2600000| Untracked 
|  17|0x00000000c2700000, 0x00000000c2700000, 0x00000000c2800000|  0%| F|  |TAMS 0x00000000c2700000, 0x00000000c2700000| Untracked 
|  18|0x00000000c2800000, 0x00000000c2800000, 0x00000000c2900000|  0%| F|  |TAMS 0x00000000c2800000, 0x00000000c2800000| Untracked 
|  19|0x00000000c2900000, 0x00000000c2900000, 0x00000000c2a00000|  0%| F|  |TAMS 0x00000000c2900000, 0x00000000c2900000| Untracked 
|  20|0x00000000c2a00000, 0x00000000c2a00000, 0x00000000c2b00000|  0%| F|  |TAMS 0x00000000c2a00000, 0x00000000c2a00000| Untracked 
|  21|0x00000000c2b00000, 0x00000000c2b00000, 0x00000000c2c00000|  0%| F|  |TAMS 0x00000000c2b00000, 0x00000000c2b00000| Untracked 
|  22|0x00000000c2c00000, 0x00000000c2c00000, 0x00000000c2d00000|  0%| F|  |TAMS 0x00000000c2c00000, 0x00000000c2c00000| Untracked 
|  23|0x00000000c2d00000, 0x00000000c2d00000, 0x00000000c2e00000|  0%| F|  |TAMS 0x00000000c2d00000, 0x00000000c2d00000| Untracked 
|  24|0x00000000c2e00000, 0x00000000c2e00000, 0x00000000c2f00000|  0%| F|  |TAMS 0x00000000c2e00000, 0x00000000c2e00000| Untracked 
|  25|0x00000000c2f00000, 0x00000000c2f00000, 0x00000000c3000000|  0%| F|  |TAMS 0x00000000c2f00000, 0x00000000c2f00000| Untracked 
|  26|0x00000000c3000000, 0x00000000c3000000, 0x00000000c3100000|  0%| F|  |TAMS 0x00000000c3000000, 0x00000000c3000000| Untracked 
|  27|0x00000000c3100000, 0x00000000c3100000, 0x00000000c3200000|  0%| F|  |TAMS 0x00000000c3100000, 0x00000000c3100000| Untracked 
|  28|0x00000000c3200000, 0x00000000c3200000, 0x00000000c3300000|  0%| F|  |TAMS 0x00000000c3200000, 0x00000000c3200000| Untracked 
|  29|0x00000000c3300000, 0x00000000c3300000, 0x00000000c3400000|  0%| F|  |TAMS 0x00000000c3300000, 0x00000000c3300000| Untracked 
|  30|0x00000000c3400000, 0x00000000c3400000, 0x00000000c3500000|  0%| F|  |TAMS 0x00000000c3400000, 0x00000000c3400000| Untracked 
|  31|0x00000000c3500000, 0x00000000c3500000, 0x00000000c3600000|  0%| F|  |TAMS 0x00000000c3500000, 0x00000000c3500000| Untracked 
|  32|0x00000000c3600000, 0x00000000c3600000, 0x00000000c3700000|  0%| F|  |TAMS 0x00000000c3600000, 0x00000000c3600000| Untracked 
|  33|0x00000000c3700000, 0x00000000c3700000, 0x00000000c3800000|  0%| F|  |TAMS 0x00000000c3700000, 0x00000000c3700000| Untracked 
|  34|0x00000000c3800000, 0x00000000c3800000, 0x00000000c3900000|  0%| F|  |TAMS 0x00000000c3800000, 0x00000000c3800000| Untracked 
|  35|0x00000000c3900000, 0x00000000c3900000, 0x00000000c3a00000|  0%| F|  |TAMS 0x00000000c3900000, 0x00000000c3900000| Untracked 
|  36|0x00000000c3a00000, 0x00000000c3a00000, 0x00000000c3b00000|  0%| F|  |TAMS 0x00000000c3a00000, 0x00000000c3a00000| Untracked 
|  37|0x00000000c3b00000, 0x00000000c3b00000, 0x00000000c3c00000|  0%| F|  |TAMS 0x00000000c3b00000, 0x00000000c3b00000| Untracked 
|  38|0x00000000c3c00000, 0x00000000c3c00000, 0x00000000c3d00000|  0%| F|  |TAMS 0x00000000c3c00000, 0x00000000c3c00000| Untracked 
|  39|0x00000000c3d00000, 0x00000000c3d00000, 0x00000000c3e00000|  0%| F|  |TAMS 0x00000000c3d00000, 0x00000000c3d00000| Untracked 
|  40|0x00000000c3e00000, 0x00000000c3e00000, 0x00000000c3f00000|  0%| F|  |TAMS 0x00000000c3e00000, 0x00000000c3e00000| Untracked 
|  41|0x00000000c3f00000, 0x00000000c3f00000, 0x00000000c4000000|  0%| F|  |TAMS 0x00000000c3f00000, 0x00000000c3f00000| Untracked 
|  42|0x00000000c4000000, 0x00000000c4000000, 0x00000000c4100000|  0%| F|  |TAMS 0x00000000c4000000, 0x00000000c4000000| Untracked 
|  43|0x00000000c4100000, 0x00000000c4100000, 0x00000000c4200000|  0%| F|  |TAMS 0x00000000c4100000, 0x00000000c4100000| Untracked 
|  44|0x00000000c4200000, 0x00000000c4200000, 0x00000000c4300000|  0%| F|  |TAMS 0x00000000c4200000, 0x00000000c4200000| Untracked 
|  45|0x00000000c4300000, 0x00000000c4300000, 0x00000000c4400000|  0%| F|  |TAMS 0x00000000c4300000, 0x00000000c4300000| Untracked 
|  46|0x00000000c4400000, 0x00000000c4400000, 0x00000000c4500000|  0%| F|  |TAMS 0x00000000c4400000, 0x00000000c4400000| Untracked 
|  47|0x00000000c4500000, 0x00000000c4500000, 0x00000000c4600000|  0%| F|  |TAMS 0x00000000c4500000, 0x00000000c4500000| Untracked 
|  48|0x00000000c4600000, 0x00000000c4600000, 0x00000000c4700000|  0%| F|  |TAMS 0x00000000c4600000, 0x00000000c4600000| Untracked 
|  49|0x00000000c4700000, 0x00000000c4700000, 0x00000000c4800000|  0%| F|  |TAMS 0x00000000c4700000, 0x00000000c4700000| Untracked 
|  50|0x00000000c4800000, 0x00000000c4800000, 0x00000000c4900000|  0%| F|  |TAMS 0x00000000c4800000, 0x00000000c4800000| Untracked 
|  51|0x00000000c4900000, 0x00000000c4900000, 0x00000000c4a00000|  0%| F|  |TAMS 0x00000000c4900000, 0x00000000c4900000| Untracked 
|  52|0x00000000c4a00000, 0x00000000c4a00000, 0x00000000c4b00000|  0%| F|  |TAMS 0x00000000c4a00000, 0x00000000c4a00000| Untracked 
|  53|0x00000000c4b00000, 0x00000000c4b00000, 0x00000000c4c00000|  0%| F|  |TAMS 0x00000000c4b00000, 0x00000000c4b00000| Untracked 
|  54|0x00000000c4c00000, 0x00000000c4c00000, 0x00000000c4d00000|  0%| F|  |TAMS 0x00000000c4c00000, 0x00000000c4c00000| Untracked 
|  55|0x00000000c4d00000, 0x00000000c4d00000, 0x00000000c4e00000|  0%| F|  |TAMS 0x00000000c4d00000, 0x00000000c4d00000| Untracked 
|  56|0x00000000c4e00000, 0x00000000c4e00000, 0x00000000c4f00000|  0%| F|  |TAMS 0x00000000c4e00000, 0x00000000c4e00000| Untracked 
|  57|0x00000000c4f00000, 0x00000000c4f00000, 0x00000000c5000000|  0%| F|  |TAMS 0x00000000c4f00000, 0x00000000c4f00000| Untracked 
|  58|0x00000000c5000000, 0x00000000c5000000, 0x00000000c5100000|  0%| F|  |TAMS 0x00000000c5000000, 0x00000000c5000000| Untracked 
|  59|0x00000000c5100000, 0x00000000c5100000, 0x00000000c5200000|  0%| F|  |TAMS 0x00000000c5100000, 0x00000000c5100000| Untracked 
|  60|0x00000000c5200000, 0x00000000c5200000, 0x00000000c5300000|  0%| F|  |TAMS 0x00000000c5200000, 0x00000000c5200000| Untracked 
|  61|0x00000000c5300000, 0x00000000c5300000, 0x00000000c5400000|  0%| F|  |TAMS 0x00000000c5300000, 0x00000000c5300000| Untracked 
|  62|0x00000000c5400000, 0x00000000c5400000, 0x00000000c5500000|  0%| F|  |TAMS 0x00000000c5400000, 0x00000000c5400000| Untracked 
|  63|0x00000000c5500000, 0x00000000c5500000, 0x00000000c5600000|  0%| F|  |TAMS 0x00000000c5500000, 0x00000000c5500000| Untracked 
|  64|0x00000000c5600000, 0x00000000c5700000, 0x00000000c5700000|100%|HS|  |TAMS 0x00000000c5700000, 0x00000000c5600000| Complete 
|  65|0x00000000c5700000, 0x00000000c5800000, 0x00000000c5800000|100%|HC|  |TAMS 0x00000000c5800000, 0x00000000c5700000| Complete 
|  66|0x00000000c5800000, 0x00000000c5900000, 0x00000000c5900000|100%|HC|  |TAMS 0x00000000c5900000, 0x00000000c5800000| Complete 
|  67|0x00000000c5900000, 0x00000000c5a00000, 0x00000000c5a00000|100%|HC|  |TAMS 0x00000000c5a00000, 0x00000000c5900000| Complete 
|  68|0x00000000c5a00000, 0x00000000c5b00000, 0x00000000c5b00000|100%|HC|  |TAMS 0x00000000c5b00000, 0x00000000c5a00000| Complete 
|  69|0x00000000c5b00000, 0x00000000c5c00000, 0x00000000c5c00000|100%|HC|  |TAMS 0x00000000c5c00000, 0x00000000c5b00000| Complete 
|  70|0x00000000c5c00000, 0x00000000c5d00000, 0x00000000c5d00000|100%|HC|  |TAMS 0x00000000c5d00000, 0x00000000c5c00000| Complete 
|  71|0x00000000c5d00000, 0x00000000c5e00000, 0x00000000c5e00000|100%|HC|  |TAMS 0x00000000c5e00000, 0x00000000c5d00000| Complete 
|  72|0x00000000c5e00000, 0x00000000c5f00000, 0x00000000c5f00000|100%|HC|  |TAMS 0x00000000c5f00000, 0x00000000c5e00000| Complete 
|  73|0x00000000c5f00000, 0x00000000c6000000, 0x00000000c6000000|100%|HC|  |TAMS 0x00000000c6000000, 0x00000000c5f00000| Complete 
|  74|0x00000000c6000000, 0x00000000c6100000, 0x00000000c6100000|100%|HC|  |TAMS 0x00000000c6100000, 0x00000000c6000000| Complete 
|  75|0x00000000c6100000, 0x00000000c6200000, 0x00000000c6200000|100%|HC|  |TAMS 0x00000000c6200000, 0x00000000c6100000| Complete 
|  76|0x00000000c6200000, 0x00000000c6300000, 0x00000000c6300000|100%|HC|  |TAMS 0x00000000c6300000, 0x00000000c6200000| Complete 
|  77|0x00000000c6300000, 0x00000000c6400000, 0x00000000c6400000|100%|HC|  |TAMS 0x00000000c6400000, 0x00000000c6300000| Complete 
|  78|0x00000000c6400000, 0x00000000c6500000, 0x00000000c6500000|100%|HC|  |TAMS 0x00000000c6500000, 0x00000000c6400000| Complete 
|  79|0x00000000c6500000, 0x00000000c6600000, 0x00000000c6600000|100%|HC|  |TAMS 0x00000000c6600000, 0x00000000c6500000| Complete 
|  80|0x00000000c6600000, 0x00000000c6700000, 0x00000000c6700000|100%|HC|  |TAMS 0x00000000c6700000, 0x00000000c6600000| Complete 
|  81|0x00000000c6700000, 0x00000000c6800000, 0x00000000c6800000|100%|HC|  |TAMS 0x00000000c6800000, 0x00000000c6700000| Complete 
|  82|0x00000000c6800000, 0x00000000c6900000, 0x00000000c6900000|100%|HC|  |TAMS 0x00000000c6900000, 0x00000000c6800000| Complete 
|  83|0x00000000c6900000, 0x00000000c6a00000, 0x00000000c6a00000|100%|HC|  |TAMS 0x00000000c6a00000, 0x00000000c6900000| Complete 
|  84|0x00000000c6a00000, 0x00000000c6b00000, 0x00000000c6b00000|100%|HC|  |TAMS 0x00000000c6b00000, 0x00000000c6a00000| Complete 
|  85|0x00000000c6b00000, 0x00000000c6c00000, 0x00000000c6c00000|100%|HC|  |TAMS 0x00000000c6c00000, 0x00000000c6b00000| Complete 
|  86|0x00000000c6c00000, 0x00000000c6d00000, 0x00000000c6d00000|100%|HC|  |TAMS 0x00000000c6d00000, 0x00000000c6c00000| Complete 
|  87|0x00000000c6d00000, 0x00000000c6e00000, 0x00000000c6e00000|100%|HC|  |TAMS 0x00000000c6e00000, 0x00000000c6d00000| Complete 
|  88|0x00000000c6e00000, 0x00000000c6f00000, 0x00000000c6f00000|100%|HC|  |TAMS 0x00000000c6f00000, 0x00000000c6e00000| Complete 
|  89|0x00000000c6f00000, 0x00000000c7000000, 0x00000000c7000000|100%|HC|  |TAMS 0x00000000c7000000, 0x00000000c6f00000| Complete 
|  90|0x00000000c7000000, 0x00000000c7100000, 0x00000000c7100000|100%|HC|  |TAMS 0x00000000c7100000, 0x00000000c7000000| Complete 
|  91|0x00000000c7100000, 0x00000000c7200000, 0x00000000c7200000|100%|HC|  |TAMS 0x00000000c7200000, 0x00000000c7100000| Complete 
|  92|0x00000000c7200000, 0x00000000c7300000, 0x00000000c7300000|100%|HC|  |TAMS 0x00000000c7300000, 0x00000000c7200000| Complete 
|  93|0x00000000c7300000, 0x00000000c7400000, 0x00000000c7400000|100%|HC|  |TAMS 0x00000000c7400000, 0x00000000c7300000| Complete 
|  94|0x00000000c7400000, 0x00000000c7500000, 0x00000000c7500000|100%|HC|  |TAMS 0x00000000c7500000, 0x00000000c7400000| Complete 
|  95|0x00000000c7500000, 0x00000000c7600000, 0x00000000c7600000|100%|HC|  |TAMS 0x00000000c7600000, 0x00000000c7500000| Complete 
|  96|0x00000000c7600000, 0x00000000c7700000, 0x00000000c7700000|100%|HC|  |TAMS 0x00000000c7700000, 0x00000000c7600000| Complete 
|  97|0x00000000c7700000, 0x00000000c7800000, 0x00000000c7800000|100%|HC|  |TAMS 0x00000000c7800000, 0x00000000c7700000| Complete 
|  98|0x00000000c7800000, 0x00000000c7900000, 0x00000000c7900000|100%|HC|  |TAMS 0x00000000c7900000, 0x00000000c7800000| Complete 
|  99|0x00000000c7900000, 0x00000000c7a00000, 0x00000000c7a00000|100%|HC|  |TAMS 0x00000000c7a00000, 0x00000000c7900000| Complete 
| 100|0x00000000c7a00000, 0x00000000c7b00000, 0x00000000c7b00000|100%|HC|  |TAMS 0x00000000c7b00000, 0x00000000c7a00000| Complete 
| 101|0x00000000c7b00000, 0x00000000c7c00000, 0x00000000c7c00000|100%|HC|  |TAMS 0x00000000c7c00000, 0x00000000c7b00000| Complete 
| 102|0x00000000c7c00000, 0x00000000c7d00000, 0x00000000c7d00000|100%|HC|  |TAMS 0x00000000c7d00000, 0x00000000c7c00000| Complete 
| 103|0x00000000c7d00000, 0x00000000c7e00000, 0x00000000c7e00000|100%|HC|  |TAMS 0x00000000c7e00000, 0x00000000c7d00000| Complete 
| 104|0x00000000c7e00000, 0x00000000c7f00000, 0x00000000c7f00000|100%|HC|  |TAMS 0x00000000c7f00000, 0x00000000c7e00000| Complete 
| 105|0x00000000c7f00000, 0x00000000c8000000, 0x00000000c8000000|100%|HC|  |TAMS 0x00000000c8000000, 0x00000000c7f00000| Complete 
| 106|0x00000000c8000000, 0x00000000c8100000, 0x00000000c8100000|100%|HC|  |TAMS 0x00000000c8100000, 0x00000000c8000000| Complete 
| 107|0x00000000c8100000, 0x00000000c8200000, 0x00000000c8200000|100%|HC|  |TAMS 0x00000000c8200000, 0x00000000c8100000| Complete 
| 108|0x00000000c8200000, 0x00000000c8300000, 0x00000000c8300000|100%|HC|  |TAMS 0x00000000c8300000, 0x00000000c8200000| Complete 
| 109|0x00000000c8300000, 0x00000000c8400000, 0x00000000c8400000|100%|HC|  |TAMS 0x00000000c8400000, 0x00000000c8300000| Complete 
| 110|0x00000000c8400000, 0x00000000c8500000, 0x00000000c8500000|100%|HC|  |TAMS 0x00000000c8500000, 0x00000000c8400000| Complete 
| 111|0x00000000c8500000, 0x00000000c8600000, 0x00000000c8600000|100%|HC|  |TAMS 0x00000000c8600000, 0x00000000c8500000| Complete 
| 112|0x00000000c8600000, 0x00000000c8700000, 0x00000000c8700000|100%|HC|  |TAMS 0x00000000c8700000, 0x00000000c8600000| Complete 
| 113|0x00000000c8700000, 0x00000000c8800000, 0x00000000c8800000|100%|HC|  |TAMS 0x00000000c8800000, 0x00000000c8700000| Complete 
| 114|0x00000000c8800000, 0x00000000c8900000, 0x00000000c8900000|100%|HC|  |TAMS 0x00000000c8900000, 0x00000000c8800000| Complete 
| 115|0x00000000c8900000, 0x00000000c8a00000, 0x00000000c8a00000|100%|HC|  |TAMS 0x00000000c8a00000, 0x00000000c8900000| Complete 
| 116|0x00000000c8a00000, 0x00000000c8b00000, 0x00000000c8b00000|100%|HC|  |TAMS 0x00000000c8b00000, 0x00000000c8a00000| Complete 
| 117|0x00000000c8b00000, 0x00000000c8c00000, 0x00000000c8c00000|100%|HC|  |TAMS 0x00000000c8c00000, 0x00000000c8b00000| Complete 
| 118|0x00000000c8c00000, 0x00000000c8d00000, 0x00000000c8d00000|100%|HC|  |TAMS 0x00000000c8d00000, 0x00000000c8c00000| Complete 
| 119|0x00000000c8d00000, 0x00000000c8e00000, 0x00000000c8e00000|100%|HC|  |TAMS 0x00000000c8e00000, 0x00000000c8d00000| Complete 
| 120|0x00000000c8e00000, 0x00000000c8f00000, 0x00000000c8f00000|100%|HC|  |TAMS 0x00000000c8f00000, 0x00000000c8e00000| Complete 
| 121|0x00000000c8f00000, 0x00000000c9000000, 0x00000000c9000000|100%|HC|  |TAMS 0x00000000c9000000, 0x00000000c8f00000| Complete 
| 122|0x00000000c9000000, 0x00000000c9100000, 0x00000000c9100000|100%|HC|  |TAMS 0x00000000c9100000, 0x00000000c9000000| Complete 
| 123|0x00000000c9100000, 0x00000000c9200000, 0x00000000c9200000|100%|HC|  |TAMS 0x00000000c9200000, 0x00000000c9100000| Complete 
| 124|0x00000000c9200000, 0x00000000c9300000, 0x00000000c9300000|100%|HC|  |TAMS 0x00000000c9300000, 0x00000000c9200000| Complete 
| 125|0x00000000c9300000, 0x00000000c9400000, 0x00000000c9400000|100%|HC|  |TAMS 0x00000000c9400000, 0x00000000c9300000| Complete 
| 126|0x00000000c9400000, 0x00000000c9500000, 0x00000000c9500000|100%|HC|  |TAMS 0x00000000c9500000, 0x00000000c9400000| Complete 
| 127|0x00000000c9500000, 0x00000000c9600000, 0x00000000c9600000|100%|HC|  |TAMS 0x00000000c9600000, 0x00000000c9500000| Complete 
| 128|0x00000000c9600000, 0x00000000c9700000, 0x00000000c9700000|100%|HC|  |TAMS 0x00000000c9700000, 0x00000000c9600000| Complete 
| 129|0x00000000c9700000, 0x00000000c9800000, 0x00000000c9800000|100%|HC|  |TAMS 0x00000000c9800000, 0x00000000c9700000| Complete 
| 130|0x00000000c9800000, 0x00000000c9900000, 0x00000000c9900000|100%|HC|  |TAMS 0x00000000c9900000, 0x00000000c9800000| Complete 
| 131|0x00000000c9900000, 0x00000000c9a00000, 0x00000000c9a00000|100%|HC|  |TAMS 0x00000000c9a00000, 0x00000000c9900000| Complete 
| 132|0x00000000c9a00000, 0x00000000c9b00000, 0x00000000c9b00000|100%|HC|  |TAMS 0x00000000c9b00000, 0x00000000c9a00000| Complete 
| 133|0x00000000c9b00000, 0x00000000c9c00000, 0x00000000c9c00000|100%|HC|  |TAMS 0x00000000c9c00000, 0x00000000c9b00000| Complete 
| 134|0x00000000c9c00000, 0x00000000c9d00000, 0x00000000c9d00000|100%|HC|  |TAMS 0x00000000c9d00000, 0x00000000c9c00000| Complete 
| 135|0x00000000c9d00000, 0x00000000c9e00000, 0x00000000c9e00000|100%|HC|  |TAMS 0x00000000c9e00000, 0x00000000c9d00000| Complete 
| 136|0x00000000c9e00000, 0x00000000c9f00000, 0x00000000c9f00000|100%|HC|  |TAMS 0x00000000c9f00000, 0x00000000c9e00000| Complete 
| 137|0x00000000c9f00000, 0x00000000ca000000, 0x00000000ca000000|100%|HC|  |TAMS 0x00000000ca000000, 0x00000000c9f00000| Complete 
| 138|0x00000000ca000000, 0x00000000ca100000, 0x00000000ca100000|100%|HC|  |TAMS 0x00000000ca100000, 0x00000000ca000000| Complete 
| 139|0x00000000ca100000, 0x00000000ca200000, 0x00000000ca200000|100%|HC|  |TAMS 0x00000000ca200000, 0x00000000ca100000| Complete 
| 140|0x00000000ca200000, 0x00000000ca300000, 0x00000000ca300000|100%|HC|  |TAMS 0x00000000ca300000, 0x00000000ca200000| Complete 
| 141|0x00000000ca300000, 0x00000000ca400000, 0x00000000ca400000|100%|HC|  |TAMS 0x00000000ca400000, 0x00000000ca300000| Complete 
| 142|0x00000000ca400000, 0x00000000ca500000, 0x00000000ca500000|100%|HC|  |TAMS 0x00000000ca500000, 0x00000000ca400000| Complete 
| 143|0x00000000ca500000, 0x00000000ca600000, 0x00000000ca600000|100%|HC|  |TAMS 0x00000000ca600000, 0x00000000ca500000| Complete 
| 144|0x00000000ca600000, 0x00000000ca700000, 0x00000000ca700000|100%|HC|  |TAMS 0x00000000ca700000, 0x00000000ca600000| Complete 
| 145|0x00000000ca700000, 0x00000000ca800000, 0x00000000ca800000|100%|HC|  |TAMS 0x00000000ca800000, 0x00000000ca700000| Complete 
| 146|0x00000000ca800000, 0x00000000ca900000, 0x00000000ca900000|100%|HC|  |TAMS 0x00000000ca900000, 0x00000000ca800000| Complete 
| 147|0x00000000ca900000, 0x00000000caa00000, 0x00000000caa00000|100%|HC|  |TAMS 0x00000000caa00000, 0x00000000ca900000| Complete 
| 148|0x00000000caa00000, 0x00000000cab00000, 0x00000000cab00000|100%|HC|  |TAMS 0x00000000cab00000, 0x00000000caa00000| Complete 
| 149|0x00000000cab00000, 0x00000000cac00000, 0x00000000cac00000|100%|HC|  |TAMS 0x00000000cac00000, 0x00000000cab00000| Complete 
| 150|0x00000000cac00000, 0x00000000cad00000, 0x00000000cad00000|100%|HC|  |TAMS 0x00000000cad00000, 0x00000000cac00000| Complete 
| 151|0x00000000cad00000, 0x00000000cae00000, 0x00000000cae00000|100%|HC|  |TAMS 0x00000000cae00000, 0x00000000cad00000| Complete 
| 152|0x00000000cae00000, 0x00000000caf00000, 0x00000000caf00000|100%|HC|  |TAMS 0x00000000caf00000, 0x00000000cae00000| Complete 
| 153|0x00000000caf00000, 0x00000000cb000000, 0x00000000cb000000|100%|HC|  |TAMS 0x00000000cb000000, 0x00000000caf00000| Complete 
| 154|0x00000000cb000000, 0x00000000cb100000, 0x00000000cb100000|100%|HC|  |TAMS 0x00000000cb100000, 0x00000000cb000000| Complete 
| 155|0x00000000cb100000, 0x00000000cb200000, 0x00000000cb200000|100%|HC|  |TAMS 0x00000000cb200000, 0x00000000cb100000| Complete 
| 156|0x00000000cb200000, 0x00000000cb300000, 0x00000000cb300000|100%|HC|  |TAMS 0x00000000cb300000, 0x00000000cb200000| Complete 
| 157|0x00000000cb300000, 0x00000000cb400000, 0x00000000cb400000|100%|HC|  |TAMS 0x00000000cb400000, 0x00000000cb300000| Complete 
| 158|0x00000000cb400000, 0x00000000cb500000, 0x00000000cb500000|100%|HC|  |TAMS 0x00000000cb500000, 0x00000000cb400000| Complete 
| 159|0x00000000cb500000, 0x00000000cb600000, 0x00000000cb600000|100%|HC|  |TAMS 0x00000000cb600000, 0x00000000cb500000| Complete 
| 160|0x00000000cb600000, 0x00000000cb700000, 0x00000000cb700000|100%|HC|  |TAMS 0x00000000cb700000, 0x00000000cb600000| Complete 
| 161|0x00000000cb700000, 0x00000000cb800000, 0x00000000cb800000|100%|HC|  |TAMS 0x00000000cb800000, 0x00000000cb700000| Complete 
| 162|0x00000000cb800000, 0x00000000cb900000, 0x00000000cb900000|100%|HC|  |TAMS 0x00000000cb900000, 0x00000000cb800000| Complete 
| 163|0x00000000cb900000, 0x00000000cba00000, 0x00000000cba00000|100%|HC|  |TAMS 0x00000000cba00000, 0x00000000cb900000| Complete 
| 164|0x00000000cba00000, 0x00000000cbb00000, 0x00000000cbb00000|100%|HC|  |TAMS 0x00000000cbb00000, 0x00000000cba00000| Complete 
| 165|0x00000000cbb00000, 0x00000000cbc00000, 0x00000000cbc00000|100%|HC|  |TAMS 0x00000000cbc00000, 0x00000000cbb00000| Complete 
| 166|0x00000000cbc00000, 0x00000000cbd00000, 0x00000000cbd00000|100%|HC|  |TAMS 0x00000000cbd00000, 0x00000000cbc00000| Complete 
| 167|0x00000000cbd00000, 0x00000000cbe00000, 0x00000000cbe00000|100%|HC|  |TAMS 0x00000000cbe00000, 0x00000000cbd00000| Complete 
| 168|0x00000000cbe00000, 0x00000000cbf00000, 0x00000000cbf00000|100%|HC|  |TAMS 0x00000000cbf00000, 0x00000000cbe00000| Complete 
| 169|0x00000000cbf00000, 0x00000000cc000000, 0x00000000cc000000|100%|HC|  |TAMS 0x00000000cc000000, 0x00000000cbf00000| Complete 
| 170|0x00000000cc000000, 0x00000000cc100000, 0x00000000cc100000|100%|HC|  |TAMS 0x00000000cc100000, 0x00000000cc000000| Complete 
| 171|0x00000000cc100000, 0x00000000cc200000, 0x00000000cc200000|100%|HC|  |TAMS 0x00000000cc200000, 0x00000000cc100000| Complete 
| 172|0x00000000cc200000, 0x00000000cc300000, 0x00000000cc300000|100%|HC|  |TAMS 0x00000000cc300000, 0x00000000cc200000| Complete 
| 173|0x00000000cc300000, 0x00000000cc400000, 0x00000000cc400000|100%|HC|  |TAMS 0x00000000cc400000, 0x00000000cc300000| Complete 
| 174|0x00000000cc400000, 0x00000000cc500000, 0x00000000cc500000|100%|HC|  |TAMS 0x00000000cc500000, 0x00000000cc400000| Complete 
| 175|0x00000000cc500000, 0x00000000cc600000, 0x00000000cc600000|100%|HC|  |TAMS 0x00000000cc600000, 0x00000000cc500000| Complete 
| 176|0x00000000cc600000, 0x00000000cc700000, 0x00000000cc700000|100%|HC|  |TAMS 0x00000000cc700000, 0x00000000cc600000| Complete 
| 177|0x00000000cc700000, 0x00000000cc800000, 0x00000000cc800000|100%|HC|  |TAMS 0x00000000cc800000, 0x00000000cc700000| Complete 
| 178|0x00000000cc800000, 0x00000000cc900000, 0x00000000cc900000|100%|HC|  |TAMS 0x00000000cc900000, 0x00000000cc800000| Complete 
| 179|0x00000000cc900000, 0x00000000cca00000, 0x00000000cca00000|100%|HC|  |TAMS 0x00000000cca00000, 0x00000000cc900000| Complete 
| 180|0x00000000cca00000, 0x00000000ccb00000, 0x00000000ccb00000|100%|HC|  |TAMS 0x00000000ccb00000, 0x00000000cca00000| Complete 
| 181|0x00000000ccb00000, 0x00000000ccc00000, 0x00000000ccc00000|100%|HC|  |TAMS 0x00000000ccc00000, 0x00000000ccb00000| Complete 
| 182|0x00000000ccc00000, 0x00000000ccd00000, 0x00000000ccd00000|100%|HC|  |TAMS 0x00000000ccd00000, 0x00000000ccc00000| Complete 
| 183|0x00000000ccd00000, 0x00000000cce00000, 0x00000000cce00000|100%|HC|  |TAMS 0x00000000cce00000, 0x00000000ccd00000| Complete 
| 184|0x00000000cce00000, 0x00000000ccf00000, 0x00000000ccf00000|100%|HC|  |TAMS 0x00000000ccf00000, 0x00000000cce00000| Complete 
| 185|0x00000000ccf00000, 0x00000000cd000000, 0x00000000cd000000|100%|HC|  |TAMS 0x00000000cd000000, 0x00000000ccf00000| Complete 
| 186|0x00000000cd000000, 0x00000000cd100000, 0x00000000cd100000|100%|HC|  |TAMS 0x00000000cd100000, 0x00000000cd000000| Complete 
| 187|0x00000000cd100000, 0x00000000cd200000, 0x00000000cd200000|100%|HC|  |TAMS 0x00000000cd200000, 0x00000000cd100000| Complete 
| 188|0x00000000cd200000, 0x00000000cd300000, 0x00000000cd300000|100%|HC|  |TAMS 0x00000000cd300000, 0x00000000cd200000| Complete 
| 189|0x00000000cd300000, 0x00000000cd400000, 0x00000000cd400000|100%|HC|  |TAMS 0x00000000cd400000, 0x00000000cd300000| Complete 
| 190|0x00000000cd400000, 0x00000000cd500000, 0x00000000cd500000|100%|HC|  |TAMS 0x00000000cd500000, 0x00000000cd400000| Complete 
| 191|0x00000000cd500000, 0x00000000cd600000, 0x00000000cd600000|100%|HC|  |TAMS 0x00000000cd600000, 0x00000000cd500000| Complete 
| 192|0x00000000cd600000, 0x00000000cd700000, 0x00000000cd700000|100%|HC|  |TAMS 0x00000000cd700000, 0x00000000cd600000| Complete 
| 193|0x00000000cd700000, 0x00000000cd800000, 0x00000000cd800000|100%|HC|  |TAMS 0x00000000cd800000, 0x00000000cd700000| Complete 
| 194|0x00000000cd800000, 0x00000000cd900000, 0x00000000cd900000|100%|HC|  |TAMS 0x00000000cd900000, 0x00000000cd800000| Complete 
| 195|0x00000000cd900000, 0x00000000cda00000, 0x00000000cda00000|100%|HC|  |TAMS 0x00000000cda00000, 0x00000000cd900000| Complete 
| 196|0x00000000cda00000, 0x00000000cdb00000, 0x00000000cdb00000|100%|HC|  |TAMS 0x00000000cdb00000, 0x00000000cda00000| Complete 
| 197|0x00000000cdb00000, 0x00000000cdc00000, 0x00000000cdc00000|100%|HC|  |TAMS 0x00000000cdc00000, 0x00000000cdb00000| Complete 
| 198|0x00000000cdc00000, 0x00000000cdd00000, 0x00000000cdd00000|100%|HC|  |TAMS 0x00000000cdd00000, 0x00000000cdc00000| Complete 
| 199|0x00000000cdd00000, 0x00000000cde00000, 0x00000000cde00000|100%|HC|  |TAMS 0x00000000cde00000, 0x00000000cdd00000| Complete 
| 200|0x00000000cde00000, 0x00000000cdf00000, 0x00000000cdf00000|100%|HC|  |TAMS 0x00000000cdf00000, 0x00000000cde00000| Complete 
| 201|0x00000000cdf00000, 0x00000000ce000000, 0x00000000ce000000|100%|HC|  |TAMS 0x00000000ce000000, 0x00000000cdf00000| Complete 
| 202|0x00000000ce000000, 0x00000000ce100000, 0x00000000ce100000|100%|HC|  |TAMS 0x00000000ce100000, 0x00000000ce000000| Complete 
| 203|0x00000000ce100000, 0x00000000ce200000, 0x00000000ce200000|100%|HC|  |TAMS 0x00000000ce200000, 0x00000000ce100000| Complete 
| 204|0x00000000ce200000, 0x00000000ce300000, 0x00000000ce300000|100%|HC|  |TAMS 0x00000000ce300000, 0x00000000ce200000| Complete 
| 205|0x00000000ce300000, 0x00000000ce400000, 0x00000000ce400000|100%|HC|  |TAMS 0x00000000ce400000, 0x00000000ce300000| Complete 
| 206|0x00000000ce400000, 0x00000000ce500000, 0x00000000ce500000|100%|HC|  |TAMS 0x00000000ce500000, 0x00000000ce400000| Complete 
| 207|0x00000000ce500000, 0x00000000ce600000, 0x00000000ce600000|100%|HC|  |TAMS 0x00000000ce600000, 0x00000000ce500000| Complete 
| 208|0x00000000ce600000, 0x00000000ce700000, 0x00000000ce700000|100%|HC|  |TAMS 0x00000000ce700000, 0x00000000ce600000| Complete 
| 209|0x00000000ce700000, 0x00000000ce800000, 0x00000000ce800000|100%|HC|  |TAMS 0x00000000ce800000, 0x00000000ce700000| Complete 
| 210|0x00000000ce800000, 0x00000000ce900000, 0x00000000ce900000|100%|HC|  |TAMS 0x00000000ce900000, 0x00000000ce800000| Complete 
| 211|0x00000000ce900000, 0x00000000cea00000, 0x00000000cea00000|100%|HC|  |TAMS 0x00000000cea00000, 0x00000000ce900000| Complete 
| 212|0x00000000cea00000, 0x00000000ceb00000, 0x00000000ceb00000|100%|HC|  |TAMS 0x00000000ceb00000, 0x00000000cea00000| Complete 
| 213|0x00000000ceb00000, 0x00000000cec00000, 0x00000000cec00000|100%|HC|  |TAMS 0x00000000cec00000, 0x00000000ceb00000| Complete 
| 214|0x00000000cec00000, 0x00000000ced00000, 0x00000000ced00000|100%|HC|  |TAMS 0x00000000ced00000, 0x00000000cec00000| Complete 
| 215|0x00000000ced00000, 0x00000000cee00000, 0x00000000cee00000|100%|HC|  |TAMS 0x00000000cee00000, 0x00000000ced00000| Complete 
| 216|0x00000000cee00000, 0x00000000cef00000, 0x00000000cef00000|100%|HC|  |TAMS 0x00000000cef00000, 0x00000000cee00000| Complete 
| 217|0x00000000cef00000, 0x00000000cf000000, 0x00000000cf000000|100%|HC|  |TAMS 0x00000000cf000000, 0x00000000cef00000| Complete 
| 218|0x00000000cf000000, 0x00000000cf100000, 0x00000000cf100000|100%|HC|  |TAMS 0x00000000cf100000, 0x00000000cf000000| Complete 
| 219|0x00000000cf100000, 0x00000000cf200000, 0x00000000cf200000|100%|HC|  |TAMS 0x00000000cf200000, 0x00000000cf100000| Complete 
| 220|0x00000000cf200000, 0x00000000cf300000, 0x00000000cf300000|100%|HC|  |TAMS 0x00000000cf300000, 0x00000000cf200000| Complete 
| 221|0x00000000cf300000, 0x00000000cf400000, 0x00000000cf400000|100%|HC|  |TAMS 0x00000000cf400000, 0x00000000cf300000| Complete 
| 222|0x00000000cf400000, 0x00000000cf500000, 0x00000000cf500000|100%|HC|  |TAMS 0x00000000cf500000, 0x00000000cf400000| Complete 
| 223|0x00000000cf500000, 0x00000000cf600000, 0x00000000cf600000|100%|HC|  |TAMS 0x00000000cf600000, 0x00000000cf500000| Complete 
| 224|0x00000000cf600000, 0x00000000cf700000, 0x00000000cf700000|100%|HC|  |TAMS 0x00000000cf700000, 0x00000000cf600000| Complete 
| 225|0x00000000cf700000, 0x00000000cf800000, 0x00000000cf800000|100%|HC|  |TAMS 0x00000000cf800000, 0x00000000cf700000| Complete 
| 226|0x00000000cf800000, 0x00000000cf900000, 0x00000000cf900000|100%|HC|  |TAMS 0x00000000cf900000, 0x00000000cf800000| Complete 
| 227|0x00000000cf900000, 0x00000000cfa00000, 0x00000000cfa00000|100%|HC|  |TAMS 0x00000000cfa00000, 0x00000000cf900000| Complete 
| 228|0x00000000cfa00000, 0x00000000cfb00000, 0x00000000cfb00000|100%|HC|  |TAMS 0x00000000cfb00000, 0x00000000cfa00000| Complete 
| 229|0x00000000cfb00000, 0x00000000cfc00000, 0x00000000cfc00000|100%|HC|  |TAMS 0x00000000cfc00000, 0x00000000cfb00000| Complete 
| 230|0x00000000cfc00000, 0x00000000cfd00000, 0x00000000cfd00000|100%|HC|  |TAMS 0x00000000cfd00000, 0x00000000cfc00000| Complete 
| 231|0x00000000cfd00000, 0x00000000cfe00000, 0x00000000cfe00000|100%|HC|  |TAMS 0x00000000cfe00000, 0x00000000cfd00000| Complete 
| 232|0x00000000cfe00000, 0x00000000cff00000, 0x00000000cff00000|100%|HC|  |TAMS 0x00000000cff00000, 0x00000000cfe00000| Complete 
| 233|0x00000000cff00000, 0x00000000d0000000, 0x00000000d0000000|100%|HC|  |TAMS 0x00000000d0000000, 0x00000000cff00000| Complete 
| 234|0x00000000d0000000, 0x00000000d0100000, 0x00000000d0100000|100%|HC|  |TAMS 0x00000000d0100000, 0x00000000d0000000| Complete 
| 235|0x00000000d0100000, 0x00000000d0200000, 0x00000000d0200000|100%|HC|  |TAMS 0x00000000d0200000, 0x00000000d0100000| Complete 
| 236|0x00000000d0200000, 0x00000000d0300000, 0x00000000d0300000|100%|HC|  |TAMS 0x00000000d0300000, 0x00000000d0200000| Complete 
| 237|0x00000000d0300000, 0x00000000d0400000, 0x00000000d0400000|100%|HC|  |TAMS 0x00000000d0400000, 0x00000000d0300000| Complete 
| 238|0x00000000d0400000, 0x00000000d0400000, 0x00000000d0500000|  0%| F|  |TAMS 0x00000000d0400000, 0x00000000d0400000| Untracked 
| 239|0x00000000d0500000, 0x00000000d0500000, 0x00000000d0600000|  0%| F|  |TAMS 0x00000000d0500000, 0x00000000d0500000| Untracked 
| 240|0x00000000d0600000, 0x00000000d0600000, 0x00000000d0700000|  0%| F|  |TAMS 0x00000000d0600000, 0x00000000d0600000| Untracked 
| 241|0x00000000d0700000, 0x00000000d0700000, 0x00000000d0800000|  0%| F|  |TAMS 0x00000000d0700000, 0x00000000d0700000| Untracked 
| 242|0x00000000d0800000, 0x00000000d0800000, 0x00000000d0900000|  0%| F|  |TAMS 0x00000000d0800000, 0x00000000d0800000| Untracked 
| 243|0x00000000d0900000, 0x00000000d0900000, 0x00000000d0a00000|  0%| F|  |TAMS 0x00000000d0900000, 0x00000000d0900000| Untracked 
| 244|0x00000000d0a00000, 0x00000000d0a00000, 0x00000000d0b00000|  0%| F|  |TAMS 0x00000000d0a00000, 0x00000000d0a00000| Untracked 
| 245|0x00000000d0b00000, 0x00000000d0b00000, 0x00000000d0c00000|  0%| F|  |TAMS 0x00000000d0b00000, 0x00000000d0b00000| Untracked 
| 246|0x00000000d0c00000, 0x00000000d0c00000, 0x00000000d0d00000|  0%| F|  |TAMS 0x00000000d0c00000, 0x00000000d0c00000| Untracked 
| 247|0x00000000d0d00000, 0x00000000d0d00000, 0x00000000d0e00000|  0%| F|  |TAMS 0x00000000d0d00000, 0x00000000d0d00000| Untracked 
| 248|0x00000000d0e00000, 0x00000000d0e00000, 0x00000000d0f00000|  0%| F|  |TAMS 0x00000000d0e00000, 0x00000000d0e00000| Untracked 
| 249|0x00000000d0f00000, 0x00000000d0f00000, 0x00000000d1000000|  0%| F|  |TAMS 0x00000000d0f00000, 0x00000000d0f00000| Untracked 
| 250|0x00000000d1000000, 0x00000000d1000000, 0x00000000d1100000|  0%| F|  |TAMS 0x00000000d1000000, 0x00000000d1000000| Untracked 
| 251|0x00000000d1100000, 0x00000000d1100000, 0x00000000d1200000|  0%| F|  |TAMS 0x00000000d1100000, 0x00000000d1100000| Untracked 
| 252|0x00000000d1200000, 0x00000000d1200000, 0x00000000d1300000|  0%| F|  |TAMS 0x00000000d1200000, 0x00000000d1200000| Untracked 
| 253|0x00000000d1300000, 0x00000000d1300000, 0x00000000d1400000|  0%| F|  |TAMS 0x00000000d1300000, 0x00000000d1300000| Untracked 
| 254|0x00000000d1400000, 0x00000000d1400000, 0x00000000d1500000|  0%| F|  |TAMS 0x00000000d1400000, 0x00000000d1400000| Untracked 
| 255|0x00000000d1500000, 0x00000000d1500000, 0x00000000d1600000|  0%| F|  |TAMS 0x00000000d1500000, 0x00000000d1500000| Untracked 
| 256|0x00000000d1600000, 0x00000000d1600000, 0x00000000d1700000|  0%| F|  |TAMS 0x00000000d1600000, 0x00000000d1600000| Untracked 
| 257|0x00000000d1700000, 0x00000000d1700000, 0x00000000d1800000|  0%| F|  |TAMS 0x00000000d1700000, 0x00000000d1700000| Untracked 
| 258|0x00000000d1800000, 0x00000000d1800000, 0x00000000d1900000|  0%| F|  |TAMS 0x00000000d1800000, 0x00000000d1800000| Untracked 
| 259|0x00000000d1900000, 0x00000000d1900000, 0x00000000d1a00000|  0%| F|  |TAMS 0x00000000d1900000, 0x00000000d1900000| Untracked 
| 260|0x00000000d1a00000, 0x00000000d1a00000, 0x00000000d1b00000|  0%| F|  |TAMS 0x00000000d1a00000, 0x00000000d1a00000| Untracked 
| 261|0x00000000d1b00000, 0x00000000d1b00000, 0x00000000d1c00000|  0%| F|  |TAMS 0x00000000d1b00000, 0x00000000d1b00000| Untracked 
| 262|0x00000000d1c00000, 0x00000000d1c00000, 0x00000000d1d00000|  0%| F|  |TAMS 0x00000000d1c00000, 0x00000000d1c00000| Untracked 
| 263|0x00000000d1d00000, 0x00000000d1d00000, 0x00000000d1e00000|  0%| F|  |TAMS 0x00000000d1d00000, 0x00000000d1d00000| Untracked 
| 264|0x00000000d1e00000, 0x00000000d1e00000, 0x00000000d1f00000|  0%| F|  |TAMS 0x00000000d1e00000, 0x00000000d1e00000| Untracked 
| 265|0x00000000d1f00000, 0x00000000d1f00000, 0x00000000d2000000|  0%| F|  |TAMS 0x00000000d1f00000, 0x00000000d1f00000| Untracked 
| 266|0x00000000d2000000, 0x00000000d2000000, 0x00000000d2100000|  0%| F|  |TAMS 0x00000000d2000000, 0x00000000d2000000| Untracked 
| 267|0x00000000d2100000, 0x00000000d2192700, 0x00000000d2200000| 57%| S|CS|TAMS 0x00000000d2100000, 0x00000000d2100000| Complete 
| 268|0x00000000d2200000, 0x00000000d2300000, 0x00000000d2300000|100%| S|CS|TAMS 0x00000000d2200000, 0x00000000d2200000| Complete 
| 269|0x00000000d2300000, 0x00000000d2400000, 0x00000000d2400000|100%|HS|  |TAMS 0x00000000d2300000, 0x00000000d2300000| Complete 
| 270|0x00000000d2400000, 0x00000000d2500000, 0x00000000d2500000|100%|HC|  |TAMS 0x00000000d2400000, 0x00000000d2400000| Complete 
| 271|0x00000000d2500000, 0x00000000d2600000, 0x00000000d2600000|100%|HC|  |TAMS 0x00000000d2500000, 0x00000000d2500000| Complete 
| 272|0x00000000d2600000, 0x00000000d2700000, 0x00000000d2700000|100%|HC|  |TAMS 0x00000000d2600000, 0x00000000d2600000| Complete 
| 273|0x00000000d2700000, 0x00000000d2800000, 0x00000000d2800000|100%|HC|  |TAMS 0x00000000d2700000, 0x00000000d2700000| Complete 
| 274|0x00000000d2800000, 0x00000000d2900000, 0x00000000d2900000|100%|HC|  |TAMS 0x00000000d2800000, 0x00000000d2800000| Complete 
| 275|0x00000000d2900000, 0x00000000d2a00000, 0x00000000d2a00000|100%|HC|  |TAMS 0x00000000d2900000, 0x00000000d2900000| Complete 
| 276|0x00000000d2a00000, 0x00000000d2b00000, 0x00000000d2b00000|100%|HC|  |TAMS 0x00000000d2a00000, 0x00000000d2a00000| Complete 
| 277|0x00000000d2b00000, 0x00000000d2c00000, 0x00000000d2c00000|100%|HC|  |TAMS 0x00000000d2b00000, 0x00000000d2b00000| Complete 
| 278|0x00000000d2c00000, 0x00000000d2d00000, 0x00000000d2d00000|100%|HC|  |TAMS 0x00000000d2c00000, 0x00000000d2c00000| Complete 
| 279|0x00000000d2d00000, 0x00000000d2e00000, 0x00000000d2e00000|100%|HC|  |TAMS 0x00000000d2d00000, 0x00000000d2d00000| Complete 
| 280|0x00000000d2e00000, 0x00000000d2f00000, 0x00000000d2f00000|100%|HC|  |TAMS 0x00000000d2e00000, 0x00000000d2e00000| Complete 
| 281|0x00000000d2f00000, 0x00000000d3000000, 0x00000000d3000000|100%|HC|  |TAMS 0x00000000d2f00000, 0x00000000d2f00000| Complete 
| 282|0x00000000d3000000, 0x00000000d3100000, 0x00000000d3100000|100%|HC|  |TAMS 0x00000000d3000000, 0x00000000d3000000| Complete 
| 283|0x00000000d3100000, 0x00000000d3200000, 0x00000000d3200000|100%|HC|  |TAMS 0x00000000d3100000, 0x00000000d3100000| Complete 
| 284|0x00000000d3200000, 0x00000000d3300000, 0x00000000d3300000|100%|HC|  |TAMS 0x00000000d3200000, 0x00000000d3200000| Complete 
| 285|0x00000000d3300000, 0x00000000d3400000, 0x00000000d3400000|100%|HC|  |TAMS 0x00000000d3300000, 0x00000000d3300000| Complete 
| 286|0x00000000d3400000, 0x00000000d3500000, 0x00000000d3500000|100%|HC|  |TAMS 0x00000000d3400000, 0x00000000d3400000| Complete 
| 287|0x00000000d3500000, 0x00000000d3600000, 0x00000000d3600000|100%|HC|  |TAMS 0x00000000d3500000, 0x00000000d3500000| Complete 
| 288|0x00000000d3600000, 0x00000000d3700000, 0x00000000d3700000|100%|HC|  |TAMS 0x00000000d3600000, 0x00000000d3600000| Complete 
| 289|0x00000000d3700000, 0x00000000d3800000, 0x00000000d3800000|100%|HC|  |TAMS 0x00000000d3700000, 0x00000000d3700000| Complete 
| 290|0x00000000d3800000, 0x00000000d3900000, 0x00000000d3900000|100%|HC|  |TAMS 0x00000000d3800000, 0x00000000d3800000| Complete 
| 291|0x00000000d3900000, 0x00000000d3a00000, 0x00000000d3a00000|100%|HC|  |TAMS 0x00000000d3900000, 0x00000000d3900000| Complete 
| 292|0x00000000d3a00000, 0x00000000d3b00000, 0x00000000d3b00000|100%|HC|  |TAMS 0x00000000d3a00000, 0x00000000d3a00000| Complete 
| 293|0x00000000d3b00000, 0x00000000d3c00000, 0x00000000d3c00000|100%|HC|  |TAMS 0x00000000d3b00000, 0x00000000d3b00000| Complete 
| 294|0x00000000d3c00000, 0x00000000d3d00000, 0x00000000d3d00000|100%|HC|  |TAMS 0x00000000d3c00000, 0x00000000d3c00000| Complete 
| 295|0x00000000d3d00000, 0x00000000d3e00000, 0x00000000d3e00000|100%|HC|  |TAMS 0x00000000d3d00000, 0x00000000d3d00000| Complete 
| 296|0x00000000d3e00000, 0x00000000d3f00000, 0x00000000d3f00000|100%|HC|  |TAMS 0x00000000d3e00000, 0x00000000d3e00000| Complete 
| 297|0x00000000d3f00000, 0x00000000d4000000, 0x00000000d4000000|100%|HC|  |TAMS 0x00000000d3f00000, 0x00000000d3f00000| Complete 
| 298|0x00000000d4000000, 0x00000000d4100000, 0x00000000d4100000|100%|HC|  |TAMS 0x00000000d4000000, 0x00000000d4000000| Complete 
| 299|0x00000000d4100000, 0x00000000d4200000, 0x00000000d4200000|100%|HC|  |TAMS 0x00000000d4100000, 0x00000000d4100000| Complete 
| 300|0x00000000d4200000, 0x00000000d4300000, 0x00000000d4300000|100%|HC|  |TAMS 0x00000000d4200000, 0x00000000d4200000| Complete 
| 301|0x00000000d4300000, 0x00000000d4400000, 0x00000000d4400000|100%|HC|  |TAMS 0x00000000d4300000, 0x00000000d4300000| Complete 
| 302|0x00000000d4400000, 0x00000000d4500000, 0x00000000d4500000|100%|HC|  |TAMS 0x00000000d4400000, 0x00000000d4400000| Complete 
| 303|0x00000000d4500000, 0x00000000d4600000, 0x00000000d4600000|100%|HC|  |TAMS 0x00000000d4500000, 0x00000000d4500000| Complete 
| 304|0x00000000d4600000, 0x00000000d4700000, 0x00000000d4700000|100%|HC|  |TAMS 0x00000000d4600000, 0x00000000d4600000| Complete 
| 305|0x00000000d4700000, 0x00000000d4800000, 0x00000000d4800000|100%|HC|  |TAMS 0x00000000d4700000, 0x00000000d4700000| Complete 
| 306|0x00000000d4800000, 0x00000000d4900000, 0x00000000d4900000|100%|HC|  |TAMS 0x00000000d4800000, 0x00000000d4800000| Complete 
| 307|0x00000000d4900000, 0x00000000d4a00000, 0x00000000d4a00000|100%|HC|  |TAMS 0x00000000d4900000, 0x00000000d4900000| Complete 
| 308|0x00000000d4a00000, 0x00000000d4b00000, 0x00000000d4b00000|100%|HC|  |TAMS 0x00000000d4a00000, 0x00000000d4a00000| Complete 
| 309|0x00000000d4b00000, 0x00000000d4c00000, 0x00000000d4c00000|100%|HC|  |TAMS 0x00000000d4b00000, 0x00000000d4b00000| Complete 
| 310|0x00000000d4c00000, 0x00000000d4d00000, 0x00000000d4d00000|100%|HC|  |TAMS 0x00000000d4c00000, 0x00000000d4c00000| Complete 
| 311|0x00000000d4d00000, 0x00000000d4e00000, 0x00000000d4e00000|100%|HC|  |TAMS 0x00000000d4d00000, 0x00000000d4d00000| Complete 
| 312|0x00000000d4e00000, 0x00000000d4f00000, 0x00000000d4f00000|100%|HC|  |TAMS 0x00000000d4e00000, 0x00000000d4e00000| Complete 
| 313|0x00000000d4f00000, 0x00000000d5000000, 0x00000000d5000000|100%|HC|  |TAMS 0x00000000d4f00000, 0x00000000d4f00000| Complete 
| 314|0x00000000d5000000, 0x00000000d5100000, 0x00000000d5100000|100%|HC|  |TAMS 0x00000000d5000000, 0x00000000d5000000| Complete 
| 315|0x00000000d5100000, 0x00000000d5200000, 0x00000000d5200000|100%|HC|  |TAMS 0x00000000d5100000, 0x00000000d5100000| Complete 
| 316|0x00000000d5200000, 0x00000000d5300000, 0x00000000d5300000|100%|HC|  |TAMS 0x00000000d5200000, 0x00000000d5200000| Complete 
| 317|0x00000000d5300000, 0x00000000d5400000, 0x00000000d5400000|100%|HC|  |TAMS 0x00000000d5300000, 0x00000000d5300000| Complete 
| 318|0x00000000d5400000, 0x00000000d5500000, 0x00000000d5500000|100%|HC|  |TAMS 0x00000000d5400000, 0x00000000d5400000| Complete 
| 319|0x00000000d5500000, 0x00000000d5600000, 0x00000000d5600000|100%|HC|  |TAMS 0x00000000d5500000, 0x00000000d5500000| Complete 
| 320|0x00000000d5600000, 0x00000000d5700000, 0x00000000d5700000|100%|HC|  |TAMS 0x00000000d5600000, 0x00000000d5600000| Complete 
| 321|0x00000000d5700000, 0x00000000d5800000, 0x00000000d5800000|100%|HC|  |TAMS 0x00000000d5700000, 0x00000000d5700000| Complete 
| 322|0x00000000d5800000, 0x00000000d5900000, 0x00000000d5900000|100%|HC|  |TAMS 0x00000000d5800000, 0x00000000d5800000| Complete 
| 323|0x00000000d5900000, 0x00000000d5a00000, 0x00000000d5a00000|100%|HC|  |TAMS 0x00000000d5900000, 0x00000000d5900000| Complete 
| 324|0x00000000d5a00000, 0x00000000d5b00000, 0x00000000d5b00000|100%|HC|  |TAMS 0x00000000d5a00000, 0x00000000d5a00000| Complete 
| 325|0x00000000d5b00000, 0x00000000d5c00000, 0x00000000d5c00000|100%|HC|  |TAMS 0x00000000d5b00000, 0x00000000d5b00000| Complete 
| 326|0x00000000d5c00000, 0x00000000d5d00000, 0x00000000d5d00000|100%|HC|  |TAMS 0x00000000d5c00000, 0x00000000d5c00000| Complete 
| 327|0x00000000d5d00000, 0x00000000d5e00000, 0x00000000d5e00000|100%|HC|  |TAMS 0x00000000d5d00000, 0x00000000d5d00000| Complete 
| 328|0x00000000d5e00000, 0x00000000d5f00000, 0x00000000d5f00000|100%|HC|  |TAMS 0x00000000d5e00000, 0x00000000d5e00000| Complete 
| 329|0x00000000d5f00000, 0x00000000d6000000, 0x00000000d6000000|100%|HC|  |TAMS 0x00000000d5f00000, 0x00000000d5f00000| Complete 
| 330|0x00000000d6000000, 0x00000000d6100000, 0x00000000d6100000|100%|HC|  |TAMS 0x00000000d6000000, 0x00000000d6000000| Complete 
| 331|0x00000000d6100000, 0x00000000d6200000, 0x00000000d6200000|100%|HC|  |TAMS 0x00000000d6100000, 0x00000000d6100000| Complete 
| 332|0x00000000d6200000, 0x00000000d6300000, 0x00000000d6300000|100%|HC|  |TAMS 0x00000000d6200000, 0x00000000d6200000| Complete 
| 333|0x00000000d6300000, 0x00000000d6400000, 0x00000000d6400000|100%|HC|  |TAMS 0x00000000d6300000, 0x00000000d6300000| Complete 
| 334|0x00000000d6400000, 0x00000000d6500000, 0x00000000d6500000|100%|HC|  |TAMS 0x00000000d6400000, 0x00000000d6400000| Complete 
| 335|0x00000000d6500000, 0x00000000d6600000, 0x00000000d6600000|100%|HC|  |TAMS 0x00000000d6500000, 0x00000000d6500000| Complete 
| 336|0x00000000d6600000, 0x00000000d6700000, 0x00000000d6700000|100%|HC|  |TAMS 0x00000000d6600000, 0x00000000d6600000| Complete 
| 337|0x00000000d6700000, 0x00000000d6800000, 0x00000000d6800000|100%|HC|  |TAMS 0x00000000d6700000, 0x00000000d6700000| Complete 
| 338|0x00000000d6800000, 0x00000000d6900000, 0x00000000d6900000|100%|HC|  |TAMS 0x00000000d6800000, 0x00000000d6800000| Complete 
| 339|0x00000000d6900000, 0x00000000d6a00000, 0x00000000d6a00000|100%|HC|  |TAMS 0x00000000d6900000, 0x00000000d6900000| Complete 
| 340|0x00000000d6a00000, 0x00000000d6b00000, 0x00000000d6b00000|100%|HC|  |TAMS 0x00000000d6a00000, 0x00000000d6a00000| Complete 
| 341|0x00000000d6b00000, 0x00000000d6c00000, 0x00000000d6c00000|100%|HC|  |TAMS 0x00000000d6b00000, 0x00000000d6b00000| Complete 
| 342|0x00000000d6c00000, 0x00000000d6d00000, 0x00000000d6d00000|100%|HC|  |TAMS 0x00000000d6c00000, 0x00000000d6c00000| Complete 
| 343|0x00000000d6d00000, 0x00000000d6e00000, 0x00000000d6e00000|100%|HC|  |TAMS 0x00000000d6d00000, 0x00000000d6d00000| Complete 
| 344|0x00000000d6e00000, 0x00000000d6f00000, 0x00000000d6f00000|100%|HC|  |TAMS 0x00000000d6e00000, 0x00000000d6e00000| Complete 
| 345|0x00000000d6f00000, 0x00000000d7000000, 0x00000000d7000000|100%|HC|  |TAMS 0x00000000d6f00000, 0x00000000d6f00000| Complete 
| 346|0x00000000d7000000, 0x00000000d7100000, 0x00000000d7100000|100%|HC|  |TAMS 0x00000000d7000000, 0x00000000d7000000| Complete 
| 347|0x00000000d7100000, 0x00000000d7200000, 0x00000000d7200000|100%|HC|  |TAMS 0x00000000d7100000, 0x00000000d7100000| Complete 
| 348|0x00000000d7200000, 0x00000000d7300000, 0x00000000d7300000|100%|HC|  |TAMS 0x00000000d7200000, 0x00000000d7200000| Complete 
| 349|0x00000000d7300000, 0x00000000d7400000, 0x00000000d7400000|100%|HC|  |TAMS 0x00000000d7300000, 0x00000000d7300000| Complete 
| 350|0x00000000d7400000, 0x00000000d7500000, 0x00000000d7500000|100%|HC|  |TAMS 0x00000000d7400000, 0x00000000d7400000| Complete 
| 351|0x00000000d7500000, 0x00000000d7600000, 0x00000000d7600000|100%|HC|  |TAMS 0x00000000d7500000, 0x00000000d7500000| Complete 
| 352|0x00000000d7600000, 0x00000000d7700000, 0x00000000d7700000|100%|HC|  |TAMS 0x00000000d7600000, 0x00000000d7600000| Complete 
| 353|0x00000000d7700000, 0x00000000d7800000, 0x00000000d7800000|100%|HC|  |TAMS 0x00000000d7700000, 0x00000000d7700000| Complete 
| 354|0x00000000d7800000, 0x00000000d7900000, 0x00000000d7900000|100%|HC|  |TAMS 0x00000000d7800000, 0x00000000d7800000| Complete 
| 355|0x00000000d7900000, 0x00000000d7a00000, 0x00000000d7a00000|100%|HC|  |TAMS 0x00000000d7900000, 0x00000000d7900000| Complete 
| 356|0x00000000d7a00000, 0x00000000d7b00000, 0x00000000d7b00000|100%|HC|  |TAMS 0x00000000d7a00000, 0x00000000d7a00000| Complete 
| 357|0x00000000d7b00000, 0x00000000d7c00000, 0x00000000d7c00000|100%|HC|  |TAMS 0x00000000d7b00000, 0x00000000d7b00000| Complete 
| 358|0x00000000d7c00000, 0x00000000d7d00000, 0x00000000d7d00000|100%|HC|  |TAMS 0x00000000d7c00000, 0x00000000d7c00000| Complete 
| 359|0x00000000d7d00000, 0x00000000d7e00000, 0x00000000d7e00000|100%|HC|  |TAMS 0x00000000d7d00000, 0x00000000d7d00000| Complete 
| 360|0x00000000d7e00000, 0x00000000d7f00000, 0x00000000d7f00000|100%|HC|  |TAMS 0x00000000d7e00000, 0x00000000d7e00000| Complete 
| 361|0x00000000d7f00000, 0x00000000d8000000, 0x00000000d8000000|100%|HC|  |TAMS 0x00000000d7f00000, 0x00000000d7f00000| Complete 
| 362|0x00000000d8000000, 0x00000000d8100000, 0x00000000d8100000|100%|HC|  |TAMS 0x00000000d8000000, 0x00000000d8000000| Complete 
| 363|0x00000000d8100000, 0x00000000d8200000, 0x00000000d8200000|100%|HC|  |TAMS 0x00000000d8100000, 0x00000000d8100000| Complete 
| 364|0x00000000d8200000, 0x00000000d8300000, 0x00000000d8300000|100%|HC|  |TAMS 0x00000000d8200000, 0x00000000d8200000| Complete 
| 365|0x00000000d8300000, 0x00000000d8400000, 0x00000000d8400000|100%|HC|  |TAMS 0x00000000d8300000, 0x00000000d8300000| Complete 
| 366|0x00000000d8400000, 0x00000000d8500000, 0x00000000d8500000|100%|HC|  |TAMS 0x00000000d8400000, 0x00000000d8400000| Complete 
| 367|0x00000000d8500000, 0x00000000d8600000, 0x00000000d8600000|100%|HC|  |TAMS 0x00000000d8500000, 0x00000000d8500000| Complete 
| 368|0x00000000d8600000, 0x00000000d8700000, 0x00000000d8700000|100%|HC|  |TAMS 0x00000000d8600000, 0x00000000d8600000| Complete 
| 369|0x00000000d8700000, 0x00000000d8800000, 0x00000000d8800000|100%|HC|  |TAMS 0x00000000d8700000, 0x00000000d8700000| Complete 
| 370|0x00000000d8800000, 0x00000000d8900000, 0x00000000d8900000|100%|HC|  |TAMS 0x00000000d8800000, 0x00000000d8800000| Complete 
| 371|0x00000000d8900000, 0x00000000d8a00000, 0x00000000d8a00000|100%|HC|  |TAMS 0x00000000d8900000, 0x00000000d8900000| Complete 
| 372|0x00000000d8a00000, 0x00000000d8b00000, 0x00000000d8b00000|100%|HC|  |TAMS 0x00000000d8a00000, 0x00000000d8a00000| Complete 
| 373|0x00000000d8b00000, 0x00000000d8c00000, 0x00000000d8c00000|100%|HC|  |TAMS 0x00000000d8b00000, 0x00000000d8b00000| Complete 
| 374|0x00000000d8c00000, 0x00000000d8d00000, 0x00000000d8d00000|100%|HC|  |TAMS 0x00000000d8c00000, 0x00000000d8c00000| Complete 
| 375|0x00000000d8d00000, 0x00000000d8e00000, 0x00000000d8e00000|100%|HC|  |TAMS 0x00000000d8d00000, 0x00000000d8d00000| Complete 
| 376|0x00000000d8e00000, 0x00000000d8f00000, 0x00000000d8f00000|100%|HC|  |TAMS 0x00000000d8e00000, 0x00000000d8e00000| Complete 
| 377|0x00000000d8f00000, 0x00000000d9000000, 0x00000000d9000000|100%|HC|  |TAMS 0x00000000d8f00000, 0x00000000d8f00000| Complete 
| 378|0x00000000d9000000, 0x00000000d9100000, 0x00000000d9100000|100%|HC|  |TAMS 0x00000000d9000000, 0x00000000d9000000| Complete 
| 379|0x00000000d9100000, 0x00000000d9200000, 0x00000000d9200000|100%|HC|  |TAMS 0x00000000d9100000, 0x00000000d9100000| Complete 
| 380|0x00000000d9200000, 0x00000000d9300000, 0x00000000d9300000|100%|HC|  |TAMS 0x00000000d9200000, 0x00000000d9200000| Complete 
| 381|0x00000000d9300000, 0x00000000d9300000, 0x00000000d9400000|  0%| F|  |TAMS 0x00000000d9300000, 0x00000000d9300000| Untracked 
| 382|0x00000000d9400000, 0x00000000d9400000, 0x00000000d9500000|  0%| F|  |TAMS 0x00000000d9400000, 0x00000000d9400000| Untracked 
| 383|0x00000000d9500000, 0x00000000d9500000, 0x00000000d9600000|  0%| F|  |TAMS 0x00000000d9500000, 0x00000000d9500000| Untracked 
| 384|0x00000000d9600000, 0x00000000d9600000, 0x00000000d9700000|  0%| F|  |TAMS 0x00000000d9600000, 0x00000000d9600000| Untracked 
| 385|0x00000000d9700000, 0x00000000d9700000, 0x00000000d9800000|  0%| F|  |TAMS 0x00000000d9700000, 0x00000000d9700000| Untracked 
| 386|0x00000000d9800000, 0x00000000d9800000, 0x00000000d9900000|  0%| F|  |TAMS 0x00000000d9800000, 0x00000000d9800000| Untracked 
| 387|0x00000000d9900000, 0x00000000d9900000, 0x00000000d9a00000|  0%| F|  |TAMS 0x00000000d9900000, 0x00000000d9900000| Untracked 
| 388|0x00000000d9a00000, 0x00000000d9a00000, 0x00000000d9b00000|  0%| F|  |TAMS 0x00000000d9a00000, 0x00000000d9a00000| Untracked 
| 389|0x00000000d9b00000, 0x00000000d9b00000, 0x00000000d9c00000|  0%| F|  |TAMS 0x00000000d9b00000, 0x00000000d9b00000| Untracked 
| 390|0x00000000d9c00000, 0x00000000d9c00000, 0x00000000d9d00000|  0%| F|  |TAMS 0x00000000d9c00000, 0x00000000d9c00000| Untracked 
| 391|0x00000000d9d00000, 0x00000000d9d00000, 0x00000000d9e00000|  0%| F|  |TAMS 0x00000000d9d00000, 0x00000000d9d00000| Untracked 
| 392|0x00000000d9e00000, 0x00000000d9e00000, 0x00000000d9f00000|  0%| F|  |TAMS 0x00000000d9e00000, 0x00000000d9e00000| Untracked 
| 393|0x00000000d9f00000, 0x00000000d9f00000, 0x00000000da000000|  0%| F|  |TAMS 0x00000000d9f00000, 0x00000000d9f00000| Untracked 
| 394|0x00000000da000000, 0x00000000da000000, 0x00000000da100000|  0%| F|  |TAMS 0x00000000da000000, 0x00000000da000000| Untracked 
| 395|0x00000000da100000, 0x00000000da100000, 0x00000000da200000|  0%| F|  |TAMS 0x00000000da100000, 0x00000000da100000| Untracked 
| 396|0x00000000da200000, 0x00000000da200000, 0x00000000da300000|  0%| F|  |TAMS 0x00000000da200000, 0x00000000da200000| Untracked 
| 397|0x00000000da300000, 0x00000000da300000, 0x00000000da400000|  0%| F|  |TAMS 0x00000000da300000, 0x00000000da300000| Untracked 
| 398|0x00000000da400000, 0x00000000da400000, 0x00000000da500000|  0%| F|  |TAMS 0x00000000da400000, 0x00000000da400000| Untracked 
| 399|0x00000000da500000, 0x00000000da500000, 0x00000000da600000|  0%| F|  |TAMS 0x00000000da500000, 0x00000000da500000| Untracked 
| 400|0x00000000da600000, 0x00000000da600000, 0x00000000da700000|  0%| F|  |TAMS 0x00000000da600000, 0x00000000da600000| Untracked 
| 401|0x00000000da700000, 0x00000000da700000, 0x00000000da800000|  0%| F|  |TAMS 0x00000000da700000, 0x00000000da700000| Untracked 
| 402|0x00000000da800000, 0x00000000da800000, 0x00000000da900000|  0%| F|  |TAMS 0x00000000da800000, 0x00000000da800000| Untracked 
| 403|0x00000000da900000, 0x00000000da900000, 0x00000000daa00000|  0%| F|  |TAMS 0x00000000da900000, 0x00000000da900000| Untracked 
| 404|0x00000000daa00000, 0x00000000daa00000, 0x00000000dab00000|  0%| F|  |TAMS 0x00000000daa00000, 0x00000000daa00000| Untracked 
| 405|0x00000000dab00000, 0x00000000dab00000, 0x00000000dac00000|  0%| F|  |TAMS 0x00000000dab00000, 0x00000000dab00000| Untracked 
| 406|0x00000000dac00000, 0x00000000dac00000, 0x00000000dad00000|  0%| F|  |TAMS 0x00000000dac00000, 0x00000000dac00000| Untracked 
| 407|0x00000000dad00000, 0x00000000dad00000, 0x00000000dae00000|  0%| F|  |TAMS 0x00000000dad00000, 0x00000000dad00000| Untracked 
| 408|0x00000000dae00000, 0x00000000dae00000, 0x00000000daf00000|  0%| F|  |TAMS 0x00000000dae00000, 0x00000000dae00000| Untracked 
| 409|0x00000000daf00000, 0x00000000daf00000, 0x00000000db000000|  0%| F|  |TAMS 0x00000000daf00000, 0x00000000daf00000| Untracked 
| 410|0x00000000db000000, 0x00000000db000000, 0x00000000db100000|  0%| F|  |TAMS 0x00000000db000000, 0x00000000db000000| Untracked 
| 411|0x00000000db100000, 0x00000000db100000, 0x00000000db200000|  0%| F|  |TAMS 0x00000000db100000, 0x00000000db100000| Untracked 
| 412|0x00000000db200000, 0x00000000db200000, 0x00000000db300000|  0%| F|  |TAMS 0x00000000db200000, 0x00000000db200000| Untracked 
| 413|0x00000000db300000, 0x00000000db300000, 0x00000000db400000|  0%| F|  |TAMS 0x00000000db300000, 0x00000000db300000| Untracked 
| 414|0x00000000db400000, 0x00000000db400000, 0x00000000db500000|  0%| F|  |TAMS 0x00000000db400000, 0x00000000db400000| Untracked 
| 415|0x00000000db500000, 0x00000000db500000, 0x00000000db600000|  0%| F|  |TAMS 0x00000000db500000, 0x00000000db500000| Untracked 
| 416|0x00000000db600000, 0x00000000db600000, 0x00000000db700000|  0%| F|  |TAMS 0x00000000db600000, 0x00000000db600000| Untracked 
| 417|0x00000000db700000, 0x00000000db700000, 0x00000000db800000|  0%| F|  |TAMS 0x00000000db700000, 0x00000000db700000| Untracked 
| 418|0x00000000db800000, 0x00000000db800000, 0x00000000db900000|  0%| F|  |TAMS 0x00000000db800000, 0x00000000db800000| Untracked 
| 419|0x00000000db900000, 0x00000000db900000, 0x00000000dba00000|  0%| F|  |TAMS 0x00000000db900000, 0x00000000db900000| Untracked 
| 420|0x00000000dba00000, 0x00000000dba00000, 0x00000000dbb00000|  0%| F|  |TAMS 0x00000000dba00000, 0x00000000dba00000| Untracked 
| 421|0x00000000dbb00000, 0x00000000dbb00000, 0x00000000dbc00000|  0%| F|  |TAMS 0x00000000dbb00000, 0x00000000dbb00000| Untracked 
| 422|0x00000000dbc00000, 0x00000000dbc00000, 0x00000000dbd00000|  0%| F|  |TAMS 0x00000000dbc00000, 0x00000000dbc00000| Untracked 
| 423|0x00000000dbd00000, 0x00000000dbd00000, 0x00000000dbe00000|  0%| F|  |TAMS 0x00000000dbd00000, 0x00000000dbd00000| Untracked 
| 424|0x00000000dbe00000, 0x00000000dbe00000, 0x00000000dbf00000|  0%| F|  |TAMS 0x00000000dbe00000, 0x00000000dbe00000| Untracked 
| 425|0x00000000dbf00000, 0x00000000dbf00000, 0x00000000dc000000|  0%| F|  |TAMS 0x00000000dbf00000, 0x00000000dbf00000| Untracked 
| 426|0x00000000dc000000, 0x00000000dc000000, 0x00000000dc100000|  0%| F|  |TAMS 0x00000000dc000000, 0x00000000dc000000| Untracked 
| 427|0x00000000dc100000, 0x00000000dc100000, 0x00000000dc200000|  0%| F|  |TAMS 0x00000000dc100000, 0x00000000dc100000| Untracked 
| 428|0x00000000dc200000, 0x00000000dc200000, 0x00000000dc300000|  0%| F|  |TAMS 0x00000000dc200000, 0x00000000dc200000| Untracked 
| 429|0x00000000dc300000, 0x00000000dc300000, 0x00000000dc400000|  0%| F|  |TAMS 0x00000000dc300000, 0x00000000dc300000| Untracked 
| 430|0x00000000dc400000, 0x00000000dc400000, 0x00000000dc500000|  0%| F|  |TAMS 0x00000000dc400000, 0x00000000dc400000| Untracked 
| 431|0x00000000dc500000, 0x00000000dc500000, 0x00000000dc600000|  0%| F|  |TAMS 0x00000000dc500000, 0x00000000dc500000| Untracked 
| 432|0x00000000dc600000, 0x00000000dc600000, 0x00000000dc700000|  0%| F|  |TAMS 0x00000000dc600000, 0x00000000dc600000| Untracked 
| 433|0x00000000dc700000, 0x00000000dc700000, 0x00000000dc800000|  0%| F|  |TAMS 0x00000000dc700000, 0x00000000dc700000| Untracked 
| 434|0x00000000dc800000, 0x00000000dc800000, 0x00000000dc900000|  0%| F|  |TAMS 0x00000000dc800000, 0x00000000dc800000| Untracked 
| 435|0x00000000dc900000, 0x00000000dc900000, 0x00000000dca00000|  0%| F|  |TAMS 0x00000000dc900000, 0x00000000dc900000| Untracked 
| 436|0x00000000dca00000, 0x00000000dca973f0, 0x00000000dcb00000| 59%| E|  |TAMS 0x00000000dca00000, 0x00000000dca00000| Complete 

Card table byte_map: [0x000001c1df350000,0x000001c1df550000] _byte_map_base: 0x000001c1ded45000

Marking Bits (Prev, Next): (CMBitMap*) 0x000001c1c7c820a8, (CMBitMap*) 0x000001c1c7c820e8
 Prev Bits: [0x000001c1df750000, 0x000001c1e06f8000)
 Next Bits: [0x000001c1e0700000, 0x000001c1e16a8000)

Polling page: 0x000001c1c5c10000

Metaspace:

Usage:
  Non-class:     20.94 MB capacity,    20.70 MB ( 99%) used,   198.62 KB ( <1%) free+waste,    52.31 KB ( <1%) overhead. 
      Class:      2.70 MB capacity,     2.52 MB ( 93%) used,   157.67 KB (  6%) free+waste,    26.38 KB ( <1%) overhead. 
       Both:     23.64 MB capacity,    23.22 MB ( 98%) used,   356.29 KB (  1%) free+waste,    78.69 KB ( <1%) overhead. 

Virtual space:
  Non-class space:       22.00 MB reserved,      21.00 MB ( 95%) committed 
      Class space:        1.00 GB reserved,       2.75 MB ( <1%) committed 
             Both:        1.02 GB reserved,      23.75 MB (  2%) committed 

Chunk freelists:
   Non-Class:  0 bytes
       Class:  16.00 KB
        Both:  16.00 KB

MaxMetaspaceSize: 17179869184.00 GB
CompressedClassSpaceSize: 1.00 GB

CodeHeap 'non-profiled nmethods': size=120000Kb used=1150Kb max_used=1161Kb free=118849Kb
 bounds [0x000001c1d7c20000, 0x000001c1d7e90000, 0x000001c1df150000]
CodeHeap 'profiled nmethods': size=120000Kb used=6174Kb max_used=6243Kb free=113825Kb
 bounds [0x000001c1d06f0000, 0x000001c1d0d10000, 0x000001c1d7c20000]
CodeHeap 'non-nmethods': size=5760Kb used=1442Kb max_used=1480Kb free=4317Kb
 bounds [0x000001c1d0150000, 0x000001c1d03c0000, 0x000001c1d06f0000]
 total_blobs=4878 nmethods=2855 adapters=667
 compilation: enabled
              stopped_count=0, restarted_count=0
 full_count=0

Compilation events (20 events):
Event: 15.783 Thread 0x000001c1e3c76000 3148       3       javax.swing.plaf.basic.BasicHTML$BasicHTMLViewFactory::create (23 bytes)
Event: 15.783 Thread 0x000001c1e3c76000 nmethod 3148 0x000001c1d0d01e10 code [0x000001c1d0d01fe0, 0x000001c1d0d024c0]
Event: 15.783 Thread 0x000001c1e3c76000 3149       3       javax.swing.text.html.HTMLEditorKit$HTMLFactory::create (866 bytes)
Event: 15.788 Thread 0x000001c1e3c76000 nmethod 3149 0x000001c1d0d02610 code [0x000001c1d0d02d40, 0x000001c1d0d071a0]
Event: 15.788 Thread 0x000001c1e3c76000 3151       3       javax.swing.text.html.BlockView::calculateMajorAxisRequirements (114 bytes)
Event: 15.789 Thread 0x000001c1e3c76000 nmethod 3151 0x000001c1d0d08190 code [0x000001c1d0d083a0, 0x000001c1d0d08b40]
Event: 15.789 Thread 0x000001c1e3c76000 3150       3       javax.swing.text.CompositeView::<init> (30 bytes)
Event: 15.789 Thread 0x000001c1e3c76000 nmethod 3150 0x000001c1d0d08d10 code [0x000001c1d0d08f00, 0x000001c1d0d09558]
Event: 15.790 Thread 0x000001c1e3c76000 3152   !   3       java.awt.Container::invalidateTree (80 bytes)
Event: 15.791 Thread 0x000001c1e3c76000 nmethod 3152 0x000001c1d0d09710 code [0x000001c1d0d09980, 0x000001c1d0d0a9b0]
Event: 15.791 Thread 0x000001c1e3c76000 3153       3       sun.awt.image.PNGImageDecoder::getInt (59 bytes)
Event: 15.792 Thread 0x000001c1e3c76000 nmethod 3153 0x000001c1d0d0ae10 code [0x000001c1d0d0afc0, 0x000001c1d0d0b218]
Event: 15.851 Thread 0x000001c1e3c70000 nmethod 3123 0x000001c1d7d38990 code [0x000001c1d7d38ca0, 0x000001c1d7d3b270]
Event: 15.852 Thread 0x000001c1e3c70000 3155 % !   4       sun.awt.image.PNGImageDecoder::produceImage @ 960 (1917 bytes)
Event: 15.855 Thread 0x000001c1e4d90000 nmethod 3093 0x000001c1d7d3c710 code [0x000001c1d7d3cb40, 0x000001c1d7d40a28]
Event: 15.855 Thread 0x000001c1e4d90000 3154 %     4       sun.awt.image.PNGImageDecoder::update_crc @ 3 (41 bytes)
Event: 15.860 Thread 0x000001c1e4d90000 nmethod 3154% 0x000001c1d7cfab10 code [0x000001c1d7cfaca0, 0x000001c1d7cfaf38]
Event: 15.860 Thread 0x000001c1e4d90000 3139       4       com.sun.crypto.provider.GHASH::blockMult (245 bytes)
Event: 15.869 Thread 0x000001c1e4d90000 nmethod 3139 0x000001c1d7cfa290 code [0x000001c1d7cfa420, 0x000001c1d7cfa958]
Event: 15.869 Thread 0x000001c1e4d90000 3138       4       javax.swing.text.html.StyleSheet$SmallConversionSet::getAttribute (58 bytes)

GC Heap History (18 events):
Event: 0.850 GC heap before
{Heap before GC invocations=0 (full 0):
 garbage-first heap   total 65536K, used 14336K [0x00000000c1600000, 0x0000000100000000)
  region size 1024K, 14 young (14336K), 0 survivors (0K)
 Metaspace       used 7649K, capacity 7953K, committed 8192K, reserved 1056768K
  class space    used 805K, capacity 959K, committed 1024K, reserved 1048576K
}
Event: 0.857 GC heap after
{Heap after GC invocations=1 (full 0):
 garbage-first heap   total 65536K, used 4839K [0x00000000c1600000, 0x0000000100000000)
  region size 1024K, 2 young (2048K), 2 survivors (2048K)
 Metaspace       used 7649K, capacity 7953K, committed 8192K, reserved 1056768K
  class space    used 805K, capacity 959K, committed 1024K, reserved 1048576K
}
Event: 1.048 GC heap before
{Heap before GC invocations=1 (full 0):
 garbage-first heap   total 65536K, used 8935K [0x00000000c1600000, 0x0000000100000000)
  region size 1024K, 6 young (6144K), 2 survivors (2048K)
 Metaspace       used 9279K, capacity 9588K, committed 9856K, reserved 1058816K
  class space    used 966K, capacity 1120K, committed 1152K, reserved 1048576K
}
Event: 1.052 GC heap after
{Heap after GC invocations=2 (full 0):
 garbage-first heap   total 65536K, used 6711K [0x00000000c1600000, 0x0000000100000000)
  region size 1024K, 1 young (1024K), 1 survivors (1024K)
 Metaspace       used 9279K, capacity 9588K, committed 9856K, reserved 1058816K
  class space    used 966K, capacity 1120K, committed 1152K, reserved 1048576K
}
Event: 2.592 GC heap before
{Heap before GC invocations=2 (full 0):
 garbage-first heap   total 65536K, used 25143K [0x00000000c1600000, 0x0000000100000000)
  region size 1024K, 20 young (20480K), 1 survivors (1024K)
 Metaspace       used 17320K, capacity 17771K, committed 17920K, reserved 1064960K
  class space    used 1865K, capacity 2031K, committed 2048K, reserved 1048576K
}
Event: 2.601 GC heap after
{Heap after GC invocations=3 (full 0):
 garbage-first heap   total 65536K, used 10191K [0x00000000c1600000, 0x0000000100000000)
  region size 1024K, 3 young (3072K), 3 survivors (3072K)
 Metaspace       used 17320K, capacity 17771K, committed 17920K, reserved 1064960K
  class space    used 1865K, capacity 2031K, committed 2048K, reserved 1048576K
}
Event: 3.039 GC heap before
{Heap before GC invocations=3 (full 0):
 garbage-first heap   total 65536K, used 17359K [0x00000000c1600000, 0x0000000100000000)
  region size 1024K, 10 young (10240K), 3 survivors (3072K)
 Metaspace       used 20650K, capacity 21139K, committed 21248K, reserved 1069056K
  class space    used 2241K, capacity 2451K, committed 2560K, reserved 1048576K
}
Event: 3.047 GC heap after
{Heap after GC invocations=4 (full 0):
 garbage-first heap   total 65536K, used 12299K [0x00000000c1600000, 0x0000000100000000)
  region size 1024K, 2 young (2048K), 2 survivors (2048K)
 Metaspace       used 20650K, capacity 21139K, committed 21248K, reserved 1069056K
  class space    used 2241K, capacity 2451K, committed 2560K, reserved 1048576K
}
Event: 12.668 GC heap before
{Heap before GC invocations=5 (full 0):
 garbage-first heap   total 48128K, used 19467K [0x00000000c1600000, 0x0000000100000000)
  region size 1024K, 11 young (11264K), 2 survivors (2048K)
 Metaspace       used 23387K, capacity 23885K, committed 24064K, reserved 1071104K
  class space    used 2577K, capacity 2767K, committed 2816K, reserved 1048576K
}
Event: 12.672 GC heap after
{Heap after GC invocations=6 (full 0):
 garbage-first heap   total 58368K, used 14665K [0x00000000c1600000, 0x0000000100000000)
  region size 1024K, 3 young (3072K), 3 survivors (3072K)
 Metaspace       used 23387K, capacity 23885K, committed 24064K, reserved 1071104K
  class space    used 2577K, capacity 2767K, committed 2816K, reserved 1048576K
}
Event: 12.917 GC heap before
{Heap before GC invocations=7 (full 0):
 garbage-first heap   total 324608K, used 209225K [0x00000000c1600000, 0x0000000100000000)
  region size 1024K, 20 young (20480K), 3 survivors (3072K)
 Metaspace       used 23392K, capacity 23885K, committed 24064K, reserved 1071104K
  class space    used 2577K, capacity 2767K, committed 2816K, reserved 1048576K
}
Event: 12.920 GC heap after
{Heap after GC invocations=8 (full 0):
 garbage-first heap   total 324608K, used 193639K [0x00000000c1600000, 0x0000000100000000)
  region size 1024K, 1 young (1024K), 1 survivors (1024K)
 Metaspace       used 23392K, capacity 23885K, committed 24064K, reserved 1071104K
  class space    used 2577K, capacity 2767K, committed 2816K, reserved 1048576K
}
Event: 13.150 GC heap before
{Heap before GC invocations=8 (full 0):
 garbage-first heap   total 324608K, used 230503K [0x00000000c1600000, 0x0000000100000000)
  region size 1024K, 38 young (38912K), 1 survivors (1024K)
 Metaspace       used 23399K, capacity 23885K, committed 24064K, reserved 1071104K
  class space    used 2577K, capacity 2767K, committed 2816K, reserved 1048576K
}
Event: 13.151 GC heap after
{Heap after GC invocations=9 (full 0):
 garbage-first heap   total 324608K, used 193641K [0x00000000c1600000, 0x0000000100000000)
  region size 1024K, 1 young (1024K), 1 survivors (1024K)
 Metaspace       used 23399K, capacity 23885K, committed 24064K, reserved 1071104K
  class space    used 2577K, capacity 2767K, committed 2816K, reserved 1048576K
}
Event: 13.586 GC heap before
{Heap before GC invocations=10 (full 0):
 garbage-first heap   total 332800K, used 273513K [0x00000000c1600000, 0x0000000100000000)
  region size 1024K, 80 young (81920K), 1 survivors (1024K)
 Metaspace       used 23423K, capacity 23885K, committed 24064K, reserved 1071104K
  class space    used 2577K, capacity 2767K, committed 2816K, reserved 1048576K
}
Event: 13.587 GC heap after
{Heap after GC invocations=11 (full 0):
 garbage-first heap   total 332800K, used 193590K [0x00000000c1600000, 0x0000000100000000)
  region size 1024K, 1 young (1024K), 1 survivors (1024K)
 Metaspace       used 23423K, capacity 23885K, committed 24064K, reserved 1071104K
  class space    used 2577K, capacity 2767K, committed 2816K, reserved 1048576K
}
Event: 15.795 GC heap before
{Heap before GC invocations=11 (full 0):
 garbage-first heap   total 332800K, used 248886K [0x00000000c1600000, 0x0000000100000000)
  region size 1024K, 57 young (58368K), 1 survivors (1024K)
 Metaspace       used 23777K, capacity 24212K, committed 24320K, reserved 1071104K
  class space    used 2583K, capacity 2768K, committed 2816K, reserved 1048576K
}
Event: 15.798 GC heap after
{Heap after GC invocations=12 (full 0):
 garbage-first heap   total 332800K, used 195060K [0x00000000c1600000, 0x0000000100000000)
  region size 1024K, 2 young (2048K), 2 survivors (2048K)
 Metaspace       used 23777K, capacity 24212K, committed 24320K, reserved 1071104K
  class space    used 2583K, capacity 2768K, committed 2816K, reserved 1048576K
}

Deoptimization events (20 events):
Event: 15.795 Thread 0x000001c1e3cdc000 Uncommon trap: trap_request=0xffffffc6 fr.pc=0x000001c1d7d04478 relative=0x0000000000003c78
Event: 15.795 Thread 0x000001c1e3cdc000 Uncommon trap: reason=bimorphic_or_optimized_type_check action=maybe_recompile pc=0x000001c1d7d04478 method=java.io.BufferedInputStream.read1([BII)I @ 39 c2
Event: 15.795 Thread 0x000001c1e3cdc000 DEOPT PACKING pc=0x000001c1d7d04478 sp=0x00000048934ff1b0
Event: 15.795 Thread 0x000001c1e3cdc000 DEOPT UNPACKING pc=0x000001c1d019912f sp=0x00000048934feff8 mode 2
Event: 15.848 Thread 0x000001c1e3cdc000 Uncommon trap: trap_request=0xffffffc6 fr.pc=0x000001c1d7cf51ec relative=0x00000000000023ec
Event: 15.848 Thread 0x000001c1e3cdc000 Uncommon trap: reason=bimorphic_or_optimized_type_check action=maybe_recompile pc=0x000001c1d7cf51ec method=java.io.BufferedInputStream.read1([BII)I @ 39 c2
Event: 15.848 Thread 0x000001c1e3cdc000 DEOPT PACKING pc=0x000001c1d7cf51ec sp=0x00000048934ff1a0
Event: 15.848 Thread 0x000001c1e3cdc000 DEOPT UNPACKING pc=0x000001c1d019912f sp=0x00000048934feff8 mode 2
Event: 15.848 Thread 0x000001c1e3cdc000 Uncommon trap: trap_request=0xffffffc6 fr.pc=0x000001c1d7cf51ec relative=0x00000000000023ec
Event: 15.848 Thread 0x000001c1e3cdc000 Uncommon trap: reason=bimorphic_or_optimized_type_check action=maybe_recompile pc=0x000001c1d7cf51ec method=java.io.BufferedInputStream.read1([BII)I @ 39 c2
Event: 15.848 Thread 0x000001c1e3cdc000 DEOPT PACKING pc=0x000001c1d7cf51ec sp=0x00000048934ff1a0
Event: 15.848 Thread 0x000001c1e3cdc000 DEOPT UNPACKING pc=0x000001c1d019912f sp=0x00000048934feff8 mode 2
Event: 15.848 Thread 0x000001c1e3cdc000 Uncommon trap: trap_request=0xffffffc6 fr.pc=0x000001c1d7cf51ec relative=0x00000000000023ec
Event: 15.848 Thread 0x000001c1e3cdc000 Uncommon trap: reason=bimorphic_or_optimized_type_check action=maybe_recompile pc=0x000001c1d7cf51ec method=java.io.BufferedInputStream.read1([BII)I @ 39 c2
Event: 15.848 Thread 0x000001c1e3cdc000 DEOPT PACKING pc=0x000001c1d7cf51ec sp=0x00000048934ff1a0
Event: 15.848 Thread 0x000001c1e3cdc000 DEOPT UNPACKING pc=0x000001c1d019912f sp=0x00000048934feff8 mode 2
Event: 15.850 Thread 0x000001c1e3cdc000 Uncommon trap: trap_request=0xffffffc6 fr.pc=0x000001c1d7d0854c relative=0x000000000000076c
Event: 15.850 Thread 0x000001c1e3cdc000 Uncommon trap: reason=bimorphic_or_optimized_type_check action=maybe_recompile pc=0x000001c1d7d0854c method=java.io.BufferedInputStream.read1([BII)I @ 39 c2
Event: 15.850 Thread 0x000001c1e3cdc000 DEOPT PACKING pc=0x000001c1d7d0854c sp=0x00000048934ff030
Event: 15.850 Thread 0x000001c1e3cdc000 DEOPT UNPACKING pc=0x000001c1d019912f sp=0x00000048934feff8 mode 2

Classes unloaded (0 events):
No events

Classes redefined (0 events):
No events

Internal exceptions (20 events):
Event: 0.505 Thread 0x000001c1e4b26000 Exception <a 'java/lang/NoSuchMethodError'{0x00000000c50e0e60}: 'java.lang.Object java.lang.invoke.DirectMethodHandle$Holder.invokeStatic(java.lang.Object, int, java.lang.Object)'> (0x00000000c50e0e60) 
thrown [t:/workspace/open/src/hotspot/share/interpreter/linkResolver.cpp, line 767]
Event: 0.529 Thread 0x000001c1e4b26000 Exception <a 'java/lang/ClassNotFoundException'{0x00000000c4f84558}: com/sun/swing/internal/plaf/metal/resources/spi/metalProvider> (0x00000000c4f84558) 
thrown [t:/workspace/open/src/hotspot/share/classfile/systemDictionary.cpp, line 232]
Event: 0.531 Thread 0x000001c1e4b26000 Exception <a 'java/lang/ClassNotFoundException'{0x00000000c4f88600}: com/sun/swing/internal/plaf/basic/resources/spi/basicProvider> (0x00000000c4f88600) 
thrown [t:/workspace/open/src/hotspot/share/classfile/systemDictionary.cpp, line 232]
Event: 0.636 Thread 0x000001c1e4b26000 Exception <a 'java/lang/NoSuchMethodError'{0x00000000c4d95800}: 'java.lang.Object java.lang.invoke.DirectMethodHandle$Holder.invokeStatic(java.lang.Object, int, int, int)'> (0x00000000c4d95800) 
thrown [t:/workspace/open/src/hotspot/share/interpreter/linkResolver.cpp, line 767]
Event: 1.517 Thread 0x000001c1e4b26000 Exception <a 'java/lang/NoSuchMethodError'{0x00000000c4fbf0e8}: 'java.lang.Object java.lang.invoke.DirectMethodHandle$Holder.invokeStaticInit(java.lang.Object, int, int, int, int)'> (0x00000000c4fbf0e8) 
thrown [t:/workspace/open/src/hotspot/share/interpreter/linkResolver.cpp, line 767]
Event: 1.519 Thread 0x000001c1e4b26000 Exception <a 'sun/nio/fs/WindowsException'{0x00000000c4fc4e28}> (0x00000000c4fc4e28) 
thrown [t:/workspace/open/src/hotspot/share/prims/jni.cpp, line 598]
Event: 1.520 Thread 0x000001c1e4b26000 Exception <a 'java/lang/NoSuchMethodError'{0x00000000c4fc6a10}: 'int java.lang.invoke.DirectMethodHandle$Holder.invokeSpecialIFC(java.lang.Object, java.lang.Object, int)'> (0x00000000c4fc6a10) 
thrown [t:/workspace/open/src/hotspot/share/interpreter/linkResolver.cpp, line 767]
Event: 1.534 Thread 0x000001c1e4b26000 Exception <a 'java/lang/NoSuchMethodError'{0x00000000c4feeea0}: 'int java.lang.invoke.DirectMethodHandle$Holder.invokeStaticInit(java.lang.Object, java.lang.Object, java.lang.Object, java.lang.Object)'> (0x00000000c4feeea0) 
thrown [t:/workspace/open/src/hotspot/share/interpreter/linkResolver.cpp, line 767]
Event: 1.535 Thread 0x000001c1e4b26000 Exception <a 'java/lang/IncompatibleClassChangeError'{0x00000000c4ff7950}: Found class java.lang.Object, but interface was expected> (0x00000000c4ff7950) 
thrown [t:/workspace/open/src/hotspot/share/interpreter/linkResolver.cpp, line 833]
Event: 1.536 Thread 0x000001c1e4b26000 Exception <a 'java/lang/NoSuchMethodError'{0x00000000c4ffa708}: 'void java.lang.invoke.DirectMethodHandle$Holder.invokeStaticInit(java.lang.Object, java.lang.Object)'> (0x00000000c4ffa708) 
thrown [t:/workspace/open/src/hotspot/share/interpreter/linkResolver.cpp, line 767]
Event: 1.537 Thread 0x000001c1e4b26000 Exception <a 'java/lang/NoSuchMethodError'{0x00000000c4e00458}: 'int java.lang.invoke.DirectMethodHandle$Holder.invokeStaticInit(java.lang.Object, java.lang.Object)'> (0x00000000c4e00458) 
thrown [t:/workspace/open/src/hotspot/share/interpreter/linkResolver.cpp, line 767]
Event: 2.020 Thread 0x000001c1e4b26000 Exception <a 'java/lang/NoSuchMethodError'{0x00000000c4c01470}: 'java.lang.Object java.lang.invoke.DirectMethodHandle$Holder.invokeStaticInit(java.lang.Object, java.lang.Object, int, int, int, int)'> (0x00000000c4c01470) 
thrown [t:/workspace/open/src/hotspot/share/interpreter/linkResolver.cpp, line 767]
Event: 2.202 Thread 0x000001c1e4b26000 Exception <a 'java/lang/NullPointerException'{0x00000000c4b82a78}> (0x00000000c4b82a78) 
thrown [t:/workspace/open/src/hotspot/share/interpreter/linkResolver.cpp, line 1349]
Event: 2.203 Thread 0x000001c1e4b26000 Exception <a 'java/lang/reflect/InvocationTargetException'{0x00000000c4b866a8}> (0x00000000c4b866a8) 
thrown [t:/workspace/open/src/hotspot/share/runtime/reflection.cpp, line 1188]
Event: 2.249 Thread 0x000001c1e4b26000 Exception <a 'java/lang/NoSuchMethodError'{0x00000000c4ad1060}: 'java.lang.Object java.lang.invoke.DirectMethodHandle$Holder.invokeVirtual(java.lang.Object, java.lang.Object, java.lang.Object)'> (0x00000000c4ad1060) 
thrown [t:/workspace/open/src/hotspot/share/interpreter/linkResolver.cpp, line 767]
Event: 2.689 Thread 0x000001c1e4b26000 Exception <a 'java/lang/NoSuchMethodError'{0x00000000c531b3d0}: 'java.lang.Object java.lang.invoke.DirectMethodHandle$Holder.invokeVirtual(java.lang.Object, java.lang.Object, java.lang.Object, java.lang.Object)'> (0x00000000c531b3d0) 
thrown [t:/workspace/open/src/hotspot/share/interpreter/linkResolver.cpp, line 767]
Event: 2.764 Thread 0x000001c1e4b26000 Exception <a 'java/lang/NoSuchMethodError'{0x00000000c53e7940}: 'void java.lang.invoke.DirectMethodHandle$Holder.invokeStaticInit(java.lang.Object)'> (0x00000000c53e7940) 
thrown [t:/workspace/open/src/hotspot/share/interpreter/linkResolver.cpp, line 767]
Event: 2.773 Thread 0x000001c1e4b26000 Exception <a 'java/lang/NoSuchMethodError'{0x00000000c5242690}: 'java.lang.Object java.lang.invoke.Invokers$Holder.linkToTargetMethod(java.lang.Object, int, java.lang.Object)'> (0x00000000c5242690) 
thrown [t:/workspace/open/src/hotspot/share/interpreter/linkResolver.cpp, line 767]
Event: 11.702 Thread 0x000001c1e4b26000 Exception <a 'sun/nio/fs/WindowsException'{0x00000000c40461d8}> (0x00000000c40461d8) 
thrown [t:/workspace/open/src/hotspot/share/prims/jni.cpp, line 598]
Event: 11.858 Thread 0x000001c1e3cde800 Exception <a 'java/lang/InterruptedException'{0x00000000c4076cb0}: sleep interrupted> (0x00000000c4076cb0) 
thrown [t:/workspace/open/src/hotspot/share/prims/jvm.cpp, line 2966]

Events (20 events):
Event: 15.855 Thread 0x000001c1e3c7f800 flushing nmethod 0x000001c1d0734910
Event: 15.857 Thread 0x000001c1e3c7f800 flushing nmethod 0x000001c1d094e090
Event: 15.859 Thread 0x000001c1e3c7f800 flushing nmethod 0x000001c1d0be1790
Event: 15.859 Thread 0x000001c1e3c7f800 flushing nmethod 0x000001c1d0c01390
Event: 15.860 Executing VM operation: RevokeBias done
Event: 15.860 Executing VM operation: RevokeBias
Event: 15.860 Executing VM operation: RevokeBias done
Event: 15.860 Executing VM operation: RevokeBias
Event: 15.860 Executing VM operation: RevokeBias done
Event: 15.860 Executing VM operation: RevokeBias
Event: 15.860 Executing VM operation: RevokeBias done
Event: 15.860 Executing VM operation: RevokeBias
Event: 15.861 Executing VM operation: RevokeBias done
Event: 15.861 Executing VM operation: RevokeBias
Event: 15.861 Executing VM operation: RevokeBias done
Event: 15.861 Executing VM operation: RevokeBias
Event: 15.861 Executing VM operation: RevokeBias done
Event: 15.861 Executing VM operation: RevokeBias
Event: 15.878 Executing VM operation: RevokeBias done
Event: 15.880 Executing VM operation: G1Concurrent


Dynamic libraries:
0x00007ff63a940000 - 0x00007ff63a94f000 	C:\Program Files\Java\jdk-13.0.2\bin\javaw.exe
0x00007ffbb7de0000 - 0x00007ffbb7fd0000 	C:\Windows\SYSTEM32\ntdll.dll
0x00007ffbb6920000 - 0x00007ffbb69d2000 	C:\Windows\System32\KERNEL32.DLL
0x00007ffbb5560000 - 0x00007ffbb5805000 	C:\Windows\System32\KERNELBASE.dll
0x00007ffbb5a20000 - 0x00007ffbb5b1a000 	C:\Windows\System32\ucrtbase.dll
0x00007ffbb14c0000 - 0x00007ffbb14d5000 	C:\Program Files\Java\jdk-13.0.2\bin\VCRUNTIME140.dll
0x00007ffbb04f0000 - 0x00007ffbb0508000 	C:\Program Files\Java\jdk-13.0.2\bin\jli.dll
0x00007ffbb73b0000 - 0x00007ffbb7453000 	C:\Windows\System32\ADVAPI32.dll
0x00007ffbb7810000 - 0x00007ffbb78ae000 	C:\Windows\System32\msvcrt.dll
0x00007ffbb7770000 - 0x00007ffbb7807000 	C:\Windows\System32\sechost.dll
0x00007ffbb6800000 - 0x00007ffbb691f000 	C:\Windows\System32\RPCRT4.dll
0x00007ffbb6fc0000 - 0x00007ffbb7154000 	C:\Windows\System32\USER32.dll
0x00007ffbb5b20000 - 0x00007ffbb5b41000 	C:\Windows\System32\win32u.dll
0x00007ffbb71d0000 - 0x00007ffbb71f6000 	C:\Windows\System32\GDI32.dll
0x00007ffba65d0000 - 0x00007ffba6854000 	C:\Windows\WinSxS\amd64_microsoft.windows.common-controls_6595b64144ccf1df_6.0.18362.1556_none_9e7e372fe45e41d5\COMCTL32.dll
0x00007ffbb5b70000 - 0x00007ffbb5d08000 	C:\Windows\System32\gdi32full.dll
0x00007ffbb69e0000 - 0x00007ffbb6d16000 	C:\Windows\System32\combase.dll
0x00007ffbb5d10000 - 0x00007ffbb5dae000 	C:\Windows\System32\msvcp_win.dll
0x00007ffbb4d50000 - 0x00007ffbb4dd1000 	C:\Windows\System32\bcryptPrimitives.dll
0x00007ffba9a20000 - 0x00007ffba9a2a000 	C:\Windows\SYSTEM32\VERSION.dll
0x00007ffbb78d0000 - 0x00007ffbb78fe000 	C:\Windows\System32\IMM32.DLL
0x00007ffb9cab0000 - 0x00007ffb9cb4b000 	C:\Program Files\Java\jdk-13.0.2\bin\msvcp140.dll
0x00007ffb823b0000 - 0x00007ffb82f0d000 	C:\Program Files\Java\jdk-13.0.2\bin\server\jvm.dll
0x00007ffbb67f0000 - 0x00007ffbb67f8000 	C:\Windows\System32\PSAPI.DLL
0x00007ffbb18f0000 - 0x00007ffbb1914000 	C:\Windows\SYSTEM32\WINMM.dll
0x00007ffbafe30000 - 0x00007ffbafe39000 	C:\Windows\SYSTEM32\WSOCK32.dll
0x00007ffbb7160000 - 0x00007ffbb71cf000 	C:\Windows\System32\WS2_32.dll
0x00007ffbb18c0000 - 0x00007ffbb18ed000 	C:\Windows\SYSTEM32\WINMMBASE.dll
0x00007ffbb5810000 - 0x00007ffbb585a000 	C:\Windows\System32\cfgmgr32.dll
0x00007ffbb4c90000 - 0x00007ffbb4ca1000 	C:\Windows\System32\kernel.appcore.dll
0x00007ffbae800000 - 0x00007ffbae810000 	C:\Program Files\Java\jdk-13.0.2\bin\verify.dll
0x00007ffba5f30000 - 0x00007ffba6124000 	C:\Windows\SYSTEM32\DBGHELP.DLL
0x00007ffba5f00000 - 0x00007ffba5f2a000 	C:\Windows\SYSTEM32\dbgcore.DLL
0x00007ffba7210000 - 0x00007ffba7236000 	C:\Program Files\Java\jdk-13.0.2\bin\java.dll
0x00007ffbad1d0000 - 0x00007ffbad1e7000 	C:\Program Files\Java\jdk-13.0.2\bin\zip.dll
0x00007ffbae7f0000 - 0x00007ffbae7fa000 	C:\Program Files\Java\jdk-13.0.2\bin\jimage.dll
0x00007ffbb5e60000 - 0x00007ffbb6547000 	C:\Windows\System32\SHELL32.dll
0x00007ffbb6550000 - 0x00007ffbb65f8000 	C:\Windows\System32\shcore.dll
0x00007ffbb4de0000 - 0x00007ffbb555b000 	C:\Windows\System32\windows.storage.dll
0x00007ffbb4cb0000 - 0x00007ffbb4cce000 	C:\Windows\System32\profapi.dll
0x00007ffbb4cd0000 - 0x00007ffbb4d1a000 	C:\Windows\System32\powrprof.dll
0x00007ffbb4c60000 - 0x00007ffbb4c70000 	C:\Windows\System32\UMPDC.dll
0x00007ffbb6e00000 - 0x00007ffbb6e52000 	C:\Windows\System32\shlwapi.dll
0x00007ffbb5b50000 - 0x00007ffbb5b67000 	C:\Windows\System32\cryptsp.dll
0x00007ffba9aa0000 - 0x00007ffba9ab9000 	C:\Program Files\Java\jdk-13.0.2\bin\net.dll
0x00007ffbb03e0000 - 0x00007ffbb04da000 	C:\Windows\SYSTEM32\WINHTTP.dll
0x00007ffbb44a0000 - 0x00007ffbb4507000 	C:\Windows\system32\mswsock.dll
0x00007ffba9690000 - 0x00007ffba96a3000 	C:\Program Files\Java\jdk-13.0.2\bin\nio.dll
0x00007ffb88c50000 - 0x00007ffb88de9000 	C:\Program Files\Java\jdk-13.0.2\bin\awt.dll
0x00007ffbb7200000 - 0x00007ffbb72c5000 	C:\Windows\System32\OLEAUT32.dll
0x00007ffbb2dd0000 - 0x00007ffbb2e5f000 	C:\Windows\SYSTEM32\apphelp.dll
0x00007ffbb2f80000 - 0x00007ffbb3019000 	C:\Windows\system32\uxtheme.dll
0x00007ffbb6600000 - 0x00007ffbb6735000 	C:\Windows\System32\MSCTF.dll
0x00007ffbb6e60000 - 0x00007ffbb6fb7000 	C:\Windows\System32\ole32.dll
0x00007ffbb3070000 - 0x00007ffbb309d000 	C:\Windows\system32\DWMAPI.DLL
0x00007ffb87450000 - 0x00007ffb875a6000 	C:\Windows\system32\opengl32.dll
0x00007ffb9dc20000 - 0x00007ffb9dc4c000 	C:\Windows\SYSTEM32\GLU32.dll
0x00007ffbb38a0000 - 0x00007ffbb38c0000 	C:\Windows\SYSTEM32\dxcore.dll
0x00007ffb8f620000 - 0x00007ffb8f6a2000 	C:\Program Files\Java\jdk-13.0.2\bin\freetype.dll
0x00007ffb87dd0000 - 0x00007ffb87e76000 	C:\Program Files\Java\jdk-13.0.2\bin\fontmanager.dll
0x00007ffbb41f0000 - 0x00007ffbb42bb000 	C:\Windows\SYSTEM32\DNSAPI.dll
0x00007ffbb6d90000 - 0x00007ffbb6d98000 	C:\Windows\System32\NSI.dll
0x00007ffbb41b0000 - 0x00007ffbb41ea000 	C:\Windows\SYSTEM32\IPHLPAPI.DLL
0x00007ffbac330000 - 0x00007ffbac33a000 	C:\Windows\System32\rasadhlp.dll
0x00007ffbac250000 - 0x00007ffbac2c7000 	C:\Windows\System32\fwpuclnt.dll
0x00007ffbb4d20000 - 0x00007ffbb4d46000 	C:\Windows\System32\bcrypt.dll
0x00007ffbafd10000 - 0x00007ffbafd1e000 	C:\Program Files\Java\jdk-13.0.2\bin\sunmscapi.dll
0x00007ffbb5860000 - 0x00007ffbb59b1000 	C:\Windows\System32\CRYPT32.dll
0x00007ffbb4c70000 - 0x00007ffbb4c82000 	C:\Windows\System32\MSASN1.dll
0x00007ffbb4780000 - 0x00007ffbb47a6000 	C:\Windows\SYSTEM32\ncrypt.dll
0x00007ffbb4740000 - 0x00007ffbb477b000 	C:\Windows\SYSTEM32\NTASN1.dll
0x00007ffb9ccb0000 - 0x00007ffb9ccd5000 	C:\Program Files\Java\jdk-13.0.2\bin\sunec.dll
0x00007ffbb4020000 - 0x00007ffbb4053000 	C:\Windows\system32\rsaenh.dll
0x00007ffbb4b80000 - 0x00007ffbb4ba5000 	C:\Windows\SYSTEM32\USERENV.dll
0x00007ffbb4670000 - 0x00007ffbb467c000 	C:\Windows\SYSTEM32\CRYPTBASE.dll
0x00007ffbacf50000 - 0x00007ffbacf66000 	C:\Windows\SYSTEM32\dhcpcsvc6.DLL
0x00007ffbad120000 - 0x00007ffbad13c000 	C:\Windows\SYSTEM32\dhcpcsvc.DLL
0x00007ffbb6740000 - 0x00007ffbb67e2000 	C:\Windows\System32\clbcatq.dll
0x00007ffbada10000 - 0x00007ffbadbbf000 	C:\Windows\SYSTEM32\WindowsCodecs.dll
0x00007ffb99830000 - 0x00007ffb9986b000 	C:\Windows\system32\dataexchange.dll
0x00007ffbb2670000 - 0x00007ffbb284d000 	C:\Windows\system32\dcomp.dll
0x00007ffbb1fb0000 - 0x00007ffbb220b000 	C:\Windows\system32\d3d11.dll
0x00007ffbb3930000 - 0x00007ffbb3a1b000 	C:\Windows\system32\dxgi.dll
0x00007ffbb30a0000 - 0x00007ffbb32fa000 	C:\Windows\system32\twinapi.appcore.dll
0x00007ffbb34b0000 - 0x00007ffbb34d9000 	C:\Windows\system32\RMCLIENT.dll
0x00007ffba9270000 - 0x00007ffba930b000 	C:\Windows\System32\TextInputFramework.dll
0x00007ffbaf620000 - 0x00007ffbaf94a000 	C:\Windows\System32\CoreUIComponents.dll
0x00007ffbb2bc0000 - 0x00007ffbb2c94000 	C:\Windows\System32\CoreMessaging.dll
0x00007ffbb0a10000 - 0x00007ffbb0b62000 	C:\Windows\SYSTEM32\wintypes.dll
0x00007ffbb3ca0000 - 0x00007ffbb3cd1000 	C:\Windows\SYSTEM32\ntmarta.dll
0x00007ffba7d40000 - 0x00007ffba7fe7000 	C:\Windows\System32\iertutil.dll
0x00007ffbae7a0000 - 0x00007ffbae7a6000 	C:\Users\User\AppData\Local\Temp\flatlaf.temp\flatlaf-windows-x86_64-2476558612826000.dll
0x00007ffba9580000 - 0x00007ffba9587000 	C:\Program Files\Java\jdk-13.0.2\bin\jawt.dll
0x00007ffb9dbf0000 - 0x00007ffb9dc1d000 	C:\Program Files\Java\jdk-13.0.2\bin\javajpeg.dll

dbghelp: loaded successfully - version: 4.0.5 - missing functions: none
symbol engine: initialized successfully - sym options: 0x614 - pdb path: .;C:\Program Files\Java\jdk-13.0.2\bin;C:\Windows\SYSTEM32;C:\Windows\WinSxS\amd64_microsoft.windows.common-controls_6595b64144ccf1df_6.0.18362.1556_none_9e7e372fe45e41d5;C:\Program Files\Java\jdk-13.0.2\bin\server;C:\Users\User\AppData\Local\Temp\flatlaf.temp

VM Arguments:
jvm_args: -Dfile.encoding=Cp1252 
java_command: accounts.Login
java_class_path (initial): C:\Users\User\git\bakame\DriveOperations\target\classes;C:\Users\User\Desktop\Libraries\jgoodies-common-1.8.0.jar;C:\Users\User\Desktop\Libraries\jgoodies-forms-1.8.0.jar;C:\Users\User\Desktop\Libraries\miglayout15-swing.jar;C:\Users\User\Downloads\javax.mail.jar;C:\Users\User\Downloads\activation-1.1.1.jar;C:\Users\User\Downloads\jcalendar-1.4.jar;C:\Users\User\Downloads\jfreechart-1.0.19\lib\jcommon-1.0.23.jar;C:\Users\User\Downloads\jfreechart-1.0.19\lib\jfreechart-1.0.19.jar;C:\Users\User\Downloads\commons-net-3.8.0\commons-net-3.8.0.jar;C:\Users\User\Documents\Libs\comm-2.0.jar;C:\Users\User\Documents\Libs\http-2.2.1.jar;C:\Users\User\Downloads\JTattoo-1.6.13.jar;C:\Users\User\Desktop\Libs\jmespath-java-1.11.470.jar;C:\Users\User\Desktop\Libs\aws-java-sdk-core-1.12.65.jar;C:\Users\User\Desktop\Libs\aws-java-sdk-kms-1.12.65.jar;C:\Users\User\Desktop\Libs\aws-java-sdk-s3-1.12.65.jar;C:\Users\User\Desktop\Libs\commons-codec-1.15.jar;C:\Users\User\Desktop\Libs\commons-logging-1.1.3.jar;C:\Users\User\Desktop\Libs\httpclient-4.5.13.jar;C:\Users\User\Desktop\Libs\ion-java-1.0.2.jar;C:\Users\User\Desktop\Libs\jackson-annotations-2.12.3.jar;C:\Users\User\Desktop\Libs\jackson-core-2.12.3.jar;C:\Users\User\Desktop\Libs\jackson-databind-2.12.3.jar;C:\Users\User\Desktop\Libs\jackson-dataformat-cbor-2.12.3.jar;C:\Users\User\Desktop\Libs\jmespath-java-1.12.65.jar;C:\Users\User\Desktop\Libs\joda-time-2.8.1.jar;C:\Users\User\Desktop\Libs\mysql-connector-java-5.1.45.jar;C:\Users\User\.m2\repository\com\amazonaws\aws-java-sdk-s3\1.12.65\aws-java-sdk-s3-1.12.65.jar;C:\Users\User\.m2\repository\com\amazonaws\aws-java-sdk-kms\1.12.65\aws-java-sdk-kms-1.12.65.jar;C:\Users\User\.m2\repository\com\amazonaws\aws-java-sdk-core\1.12.65\aws-java-sdk-core-1.12.65.jar;C:\Users\User\.m2\repository\commons-logging\commons-logging\1.1.3\commons-logging-1.1.3.jar;C:\Users\User\.m2\repository\commons-codec\commons-codec\1.15\commons-codec-1.15.jar;C:\Users\User\.m2\re
Launcher Type: SUN_STANDARD

[Global flags]
     intx CICompilerCount                          = 3                                         {product} {ergonomic}
     uint ConcGCThreads                            = 1                                         {product} {ergonomic}
     uint G1ConcRefinementThreads                  = 4                                         {product} {ergonomic}
   size_t G1HeapRegionSize                         = 1048576                                   {product} {ergonomic}
    uintx GCDrainStackTargetSize                   = 64                                        {product} {ergonomic}
   size_t InitialHeapSize                          = 67108864                                  {product} {ergonomic}
   size_t MarkStackSize                            = 4194304                                   {product} {ergonomic}
   size_t MaxHeapSize                              = 1050673152                                {product} {ergonomic}
   size_t MaxNewSize                               = 630194176                                 {product} {ergonomic}
   size_t MinHeapDeltaBytes                        = 1048576                                   {product} {ergonomic}
   size_t MinHeapSize                              = 8388608                                   {product} {ergonomic}
    uintx NonNMethodCodeHeapSize                   = 5832780                                {pd product} {ergonomic}
    uintx NonProfiledCodeHeapSize                  = 122912730                              {pd product} {ergonomic}
    uintx ProfiledCodeHeapSize                     = 122912730                              {pd product} {ergonomic}
    uintx ReservedCodeCacheSize                    = 251658240                              {pd product} {ergonomic}
     bool SegmentedCodeCache                       = true                                      {product} {ergonomic}
   size_t SoftMaxHeapSize                          = 1050673152                             {manageable} {ergonomic}
     bool UseCompressedClassPointers               = true                                 {lp64_product} {ergonomic}
     bool UseCompressedOops                        = true                                 {lp64_product} {ergonomic}
     bool UseG1GC                                  = true                                      {product} {ergonomic}
     bool UseLargePagesIndividualAllocation        = false                                  {pd product} {ergonomic}

Logging:
Log output configuration:
 #0: stdout all=warning uptime,level,tags
 #1: stderr all=off uptime,level,tags

Environment Variables:
JAVA_HOME=C:\Program Files (x86)\Java\jre1.8.0_241
PATH=C:\Program Files\Java\jdk-13.0.2\bin;C:\Program Files (x86)\Common Files\Oracle\Java\javapath;C:\Windows\system32;C:\Windows;C:\Windows\System32\Wbem;C:\Windows\System32\WindowsPowerShell\v1.0\;C:\Windows\System32\OpenSSH\;C:\Program Files (x86)\apache-maven-3.8.1\bin;C:\Program Files (x86)\gradle-7.1.1\bin;C:\Users\User\Documents\Setup logiciels\mongosh-1.1.2-win32-x64\bin;C:\Program Files\Git\cmd;C:\Program Files\MySQL\MySQL Shell 8.0\bin\;C:\Users\User\AppData\Local\Microsoft\WindowsApps;C:\Users\User\AppData\Local\Programs\Microsoft VS Code\bin;C:\Program Files (x86)\gradle-7.1.1\bin;C:\Users\User\Downloads\platform-tools;C:\Users\User\Documents\Setup logiciels\mongosh-1.1.2-win32-x64\bin;C:\Users\User\AppData\Local\GitHubDesktop\bin;C:\Program Files\JetBrains\IntelliJ IDEA 2022.1.1\bin;
USERNAME=User
OS=Windows_NT
PROCESSOR_IDENTIFIER=Intel64 Family 6 Model 42 Stepping 7, GenuineIntel



---------------  S Y S T E M  ---------------

OS: Windows 10 , 64 bit Build 18362 (10.0.18362.1500)

CPU:total 4 (initial active 4) (2 cores per cpu, 2 threads per core) family 6 model 42 stepping 7, cmov, cx8, fxsr, mmx, sse, sse2, sse3, ssse3, sse4.1, sse4.2, popcnt, avx, aes, clmul, ht, tsc, tscinvbit

Memory: 4k page, system-wide physical 4006M (584M free)
TotalPageFile size 16294M (AvailPageFile size 22M)
current process WorkingSet (physical memory assigned to process): 450M, peak: 450M
current process commit charge ("private bytes"): 581M, peak: 651M

vm_info: Java HotSpot(TM) 64-Bit Server VM (13.0.2+8) for windows-amd64 JRE (13.0.2+8), built on Dec 11 2019 09:20:33 by "mach5one" with unknown MS VC++:1916

END.
